solid OpenSCAD_Model
  facet normal 0.707107 0 -0.707107
    outer loop
      vertex 12.3092 0.0513306 19.6068
      vertex 12.1432 2.03422 19.4408
      vertex 12.3092 2.03422 19.6068
    endloop
  endfacet
  facet normal 0.707107 0 -0.707107
    outer loop
      vertex 12.1432 2.03422 19.4408
      vertex 12.3092 0.0513306 19.6068
      vertex 12.1432 0.0513306 19.4408
    endloop
  endfacet
  facet normal -0.454022 0 -0.890991
    outer loop
      vertex 12.9818 0.0513306 19.7133
      vertex 13.1908 2.03422 19.6068
      vertex 13.1908 0.0513306 19.6068
    endloop
  endfacet
  facet normal -0.454022 0 -0.890991
    outer loop
      vertex 13.1908 2.03422 19.6068
      vertex 12.9818 0.0513306 19.7133
      vertex 12.9818 2.03422 19.7133
    endloop
  endfacet
  facet normal 0.454123 0 0.890939
    outer loop
      vertex 12.3092 2.03422 7.89324
      vertex 12.5182 0.0513306 7.78671
      vertex 12.5182 2.03422 7.78671
    endloop
  endfacet
  facet normal 0.454123 0 0.890939
    outer loop
      vertex 12.5182 0.0513306 7.78671
      vertex 12.3092 2.03422 7.89324
      vertex 12.3092 0.0513306 7.89324
    endloop
  endfacet
  facet normal 0.891061 -0 0.453884
    outer loop
      vertex 12.0367 0.0513306 8.26824
      vertex 12.1432 2.03422 8.05916
      vertex 12.0367 2.03422 8.26824
    endloop
  endfacet
  facet normal 0.891061 0 0.453884
    outer loop
      vertex 12.1432 2.03422 8.05916
      vertex 12.0367 0.0513306 8.26824
      vertex 12.1432 0.0513306 8.05916
    endloop
  endfacet
  facet normal 0.706936 -0 0.707277
    outer loop
      vertex 12.1432 0.0513306 8.05916
      vertex 12.3092 2.03422 7.89324
      vertex 12.1432 2.03422 8.05916
    endloop
  endfacet
  facet normal 0.706936 0 0.707277
    outer loop
      vertex 12.3092 2.03422 7.89324
      vertex 12.1432 0.0513306 8.05916
      vertex 12.3092 0.0513306 7.89324
    endloop
  endfacet
  facet normal -0.890991 0 -0.454022
    outer loop
      vertex 13.4633 0.0513306 19.2318
      vertex 13.3568 2.03422 19.4408
      vertex 13.4633 2.03422 19.2318
    endloop
  endfacet
  facet normal -0.890991 -0 -0.454022
    outer loop
      vertex 13.3568 2.03422 19.4408
      vertex 13.4633 0.0513306 19.2318
      vertex 13.3568 0.0513306 19.4408
    endloop
  endfacet
  facet normal 0.156378 0 -0.987697
    outer loop
      vertex 12.5182 0.0513306 19.7133
      vertex 12.75 2.03422 19.75
      vertex 12.75 0.0513306 19.75
    endloop
  endfacet
  facet normal 0.156378 0 -0.987697
    outer loop
      vertex 12.75 2.03422 19.75
      vertex 12.5182 0.0513306 19.7133
      vertex 12.5182 2.03422 19.7133
    endloop
  endfacet
  facet normal 0.454022 0 -0.890991
    outer loop
      vertex 12.3092 0.0513306 19.6068
      vertex 12.5182 2.03422 19.7133
      vertex 12.5182 0.0513306 19.7133
    endloop
  endfacet
  facet normal 0.454022 0 -0.890991
    outer loop
      vertex 12.5182 2.03422 19.7133
      vertex 12.3092 0.0513306 19.6068
      vertex 12.3092 2.03422 19.6068
    endloop
  endfacet
  facet normal -1 0 0
    outer loop
      vertex 13.5 0.0513306 8.5
      vertex 13.5 2.03422 19
      vertex 13.5 2.03422 8.5
    endloop
  endfacet
  facet normal -1 -0 0
    outer loop
      vertex 13.5 2.03422 19
      vertex 13.5 0.0513306 8.5
      vertex 13.5 0.0513306 19
    endloop
  endfacet
  facet normal 1 -0 0
    outer loop
      vertex 12 0.0513306 19
      vertex 12 2.03422 8.5
      vertex 12 2.03422 19
    endloop
  endfacet
  facet normal 1 0 0
    outer loop
      vertex 12 2.03422 8.5
      vertex 12 0.0513306 19
      vertex 12 0.0513306 8.5
    endloop
  endfacet
  facet normal -0.987693 0 0.156405
    outer loop
      vertex 13.4633 0.0513306 8.26824
      vertex 13.5 2.03422 8.5
      vertex 13.4633 2.03422 8.26824
    endloop
  endfacet
  facet normal -0.987693 0 0.156405
    outer loop
      vertex 13.5 2.03422 8.5
      vertex 13.4633 0.0513306 8.26824
      vertex 13.5 0.0513306 8.5
    endloop
  endfacet
  facet normal -0.454123 0 0.890939
    outer loop
      vertex 12.9818 2.03422 7.78671
      vertex 13.1908 0.0513306 7.89324
      vertex 13.1908 2.03422 7.89324
    endloop
  endfacet
  facet normal -0.454123 0 0.890939
    outer loop
      vertex 13.1908 0.0513306 7.89324
      vertex 12.9818 2.03422 7.78671
      vertex 12.9818 0.0513306 7.78671
    endloop
  endfacet
  facet normal 0.15642 0 0.987691
    outer loop
      vertex 12.5182 2.03422 7.78671
      vertex 12.75 0.0513306 7.75
      vertex 12.75 2.03422 7.75
    endloop
  endfacet
  facet normal 0.15642 0 0.987691
    outer loop
      vertex 12.75 0.0513306 7.75
      vertex 12.5182 2.03422 7.78671
      vertex 12.5182 0.0513306 7.78671
    endloop
  endfacet
  facet normal 0.987697 0 -0.156378
    outer loop
      vertex 12.0367 0.0513306 19.2318
      vertex 12 2.03422 19
      vertex 12.0367 2.03422 19.2318
    endloop
  endfacet
  facet normal 0.987697 0 -0.156378
    outer loop
      vertex 12 2.03422 19
      vertex 12.0367 0.0513306 19.2318
      vertex 12 0.0513306 19
    endloop
  endfacet
  facet normal -0.707107 0 -0.707107
    outer loop
      vertex 13.3568 0.0513306 19.4408
      vertex 13.1908 2.03422 19.6068
      vertex 13.3568 2.03422 19.4408
    endloop
  endfacet
  facet normal -0.707107 -0 -0.707107
    outer loop
      vertex 13.1908 2.03422 19.6068
      vertex 13.3568 0.0513306 19.4408
      vertex 13.1908 0.0513306 19.6068
    endloop
  endfacet
  facet normal -0.156378 0 -0.987697
    outer loop
      vertex 12.75 0.0513306 19.75
      vertex 12.9818 2.03422 19.7133
      vertex 12.9818 0.0513306 19.7133
    endloop
  endfacet
  facet normal -0.156378 0 -0.987697
    outer loop
      vertex 12.9818 2.03422 19.7133
      vertex 12.75 0.0513306 19.75
      vertex 12.75 2.03422 19.75
    endloop
  endfacet
  facet normal -0.891061 0 0.453884
    outer loop
      vertex 13.3568 0.0513306 8.05916
      vertex 13.4633 2.03422 8.26824
      vertex 13.3568 2.03422 8.05916
    endloop
  endfacet
  facet normal -0.891061 0 0.453884
    outer loop
      vertex 13.4633 2.03422 8.26824
      vertex 13.3568 0.0513306 8.05916
      vertex 13.4633 0.0513306 8.26824
    endloop
  endfacet
  facet normal -0.987697 0 -0.156378
    outer loop
      vertex 13.5 0.0513306 19
      vertex 13.4633 2.03422 19.2318
      vertex 13.5 2.03422 19
    endloop
  endfacet
  facet normal -0.987697 -0 -0.156378
    outer loop
      vertex 13.4633 2.03422 19.2318
      vertex 13.5 0.0513306 19
      vertex 13.4633 0.0513306 19.2318
    endloop
  endfacet
  facet normal 0.890991 0 -0.454022
    outer loop
      vertex 12.1432 0.0513306 19.4408
      vertex 12.0367 2.03422 19.2318
      vertex 12.1432 2.03422 19.4408
    endloop
  endfacet
  facet normal 0.890991 0 -0.454022
    outer loop
      vertex 12.0367 2.03422 19.2318
      vertex 12.1432 0.0513306 19.4408
      vertex 12.0367 0.0513306 19.2318
    endloop
  endfacet
  facet normal 0.987693 -0 0.156405
    outer loop
      vertex 12 0.0513306 8.5
      vertex 12.0367 2.03422 8.26824
      vertex 12 2.03422 8.5
    endloop
  endfacet
  facet normal 0.987693 0 0.156405
    outer loop
      vertex 12.0367 2.03422 8.26824
      vertex 12 0.0513306 8.5
      vertex 12.0367 0.0513306 8.26824
    endloop
  endfacet
  facet normal -0.15642 0 0.987691
    outer loop
      vertex 12.75 2.03422 7.75
      vertex 12.9818 0.0513306 7.78671
      vertex 12.9818 2.03422 7.78671
    endloop
  endfacet
  facet normal -0.15642 0 0.987691
    outer loop
      vertex 12.9818 0.0513306 7.78671
      vertex 12.75 2.03422 7.75
      vertex 12.75 0.0513306 7.75
    endloop
  endfacet
  facet normal -0.706936 0 0.707277
    outer loop
      vertex 13.1908 0.0513306 7.89324
      vertex 13.3568 2.03422 8.05916
      vertex 13.1908 2.03422 7.89324
    endloop
  endfacet
  facet normal -0.706936 0 0.707277
    outer loop
      vertex 13.3568 2.03422 8.05916
      vertex 13.1908 0.0513306 7.89324
      vertex 13.3568 0.0513306 8.05916
    endloop
  endfacet
  facet normal 0.707107 0 -0.707107
    outer loop
      vertex 16.0092 0.0513306 19.6068
      vertex 15.8432 2.03422 19.4408
      vertex 16.0092 2.03422 19.6068
    endloop
  endfacet
  facet normal 0.707107 0 -0.707107
    outer loop
      vertex 15.8432 2.03422 19.4408
      vertex 16.0092 0.0513306 19.6068
      vertex 15.8432 0.0513306 19.4408
    endloop
  endfacet
  facet normal -0.454022 0 -0.890991
    outer loop
      vertex 16.6818 0.0513306 19.7133
      vertex 16.8908 2.03422 19.6068
      vertex 16.8908 0.0513306 19.6068
    endloop
  endfacet
  facet normal -0.454022 0 -0.890991
    outer loop
      vertex 16.8908 2.03422 19.6068
      vertex 16.6818 0.0513306 19.7133
      vertex 16.6818 2.03422 19.7133
    endloop
  endfacet
  facet normal 0.454123 0 0.890939
    outer loop
      vertex 16.0092 2.03422 7.89324
      vertex 16.2182 0.0513306 7.78671
      vertex 16.2182 2.03422 7.78671
    endloop
  endfacet
  facet normal 0.454123 0 0.890939
    outer loop
      vertex 16.2182 0.0513306 7.78671
      vertex 16.0092 2.03422 7.89324
      vertex 16.0092 0.0513306 7.89324
    endloop
  endfacet
  facet normal 0.891061 -0 0.453884
    outer loop
      vertex 15.7367 0.0513306 8.26824
      vertex 15.8432 2.03422 8.05916
      vertex 15.7367 2.03422 8.26824
    endloop
  endfacet
  facet normal 0.891061 0 0.453884
    outer loop
      vertex 15.8432 2.03422 8.05916
      vertex 15.7367 0.0513306 8.26824
      vertex 15.8432 0.0513306 8.05916
    endloop
  endfacet
  facet normal 0.706936 0 0.707277
    outer loop
      vertex 15.8432 2.03422 8.05916
      vertex 16.0092 0.0513306 7.89324
      vertex 16.0092 2.03422 7.89324
    endloop
  endfacet
  facet normal 0.706936 0 0.707277
    outer loop
      vertex 16.0092 0.0513306 7.89324
      vertex 15.8432 2.03422 8.05916
      vertex 15.8432 0.0513306 8.05916
    endloop
  endfacet
  facet normal -0.890991 0 -0.454022
    outer loop
      vertex 17.1633 0.0513306 19.2318
      vertex 17.0568 2.03422 19.4408
      vertex 17.1633 2.03422 19.2318
    endloop
  endfacet
  facet normal -0.890991 -0 -0.454022
    outer loop
      vertex 17.0568 2.03422 19.4408
      vertex 17.1633 0.0513306 19.2318
      vertex 17.0568 0.0513306 19.4408
    endloop
  endfacet
  facet normal 0.156378 0 -0.987697
    outer loop
      vertex 16.2182 0.0513306 19.7133
      vertex 16.45 2.03422 19.75
      vertex 16.45 0.0513306 19.75
    endloop
  endfacet
  facet normal 0.156378 0 -0.987697
    outer loop
      vertex 16.45 2.03422 19.75
      vertex 16.2182 0.0513306 19.7133
      vertex 16.2182 2.03422 19.7133
    endloop
  endfacet
  facet normal 0.454022 0 -0.890991
    outer loop
      vertex 16.0092 0.0513306 19.6068
      vertex 16.2182 2.03422 19.7133
      vertex 16.2182 0.0513306 19.7133
    endloop
  endfacet
  facet normal 0.454022 0 -0.890991
    outer loop
      vertex 16.2182 2.03422 19.7133
      vertex 16.0092 0.0513306 19.6068
      vertex 16.0092 2.03422 19.6068
    endloop
  endfacet
  facet normal -1 0 0
    outer loop
      vertex 17.2 0.0513306 8.5
      vertex 17.2 2.03422 19
      vertex 17.2 2.03422 8.5
    endloop
  endfacet
  facet normal -1 -0 0
    outer loop
      vertex 17.2 2.03422 19
      vertex 17.2 0.0513306 8.5
      vertex 17.2 0.0513306 19
    endloop
  endfacet
  facet normal 1 -0 0
    outer loop
      vertex 15.7 0.0513306 19
      vertex 15.7 2.03422 8.5
      vertex 15.7 2.03422 19
    endloop
  endfacet
  facet normal 1 0 0
    outer loop
      vertex 15.7 2.03422 8.5
      vertex 15.7 0.0513306 19
      vertex 15.7 0.0513306 8.5
    endloop
  endfacet
  facet normal -0.987693 0 0.156405
    outer loop
      vertex 17.1633 0.0513306 8.26824
      vertex 17.2 2.03422 8.5
      vertex 17.1633 2.03422 8.26824
    endloop
  endfacet
  facet normal -0.987693 0 0.156405
    outer loop
      vertex 17.2 2.03422 8.5
      vertex 17.1633 0.0513306 8.26824
      vertex 17.2 0.0513306 8.5
    endloop
  endfacet
  facet normal -0.454123 0 0.890939
    outer loop
      vertex 16.6818 2.03422 7.78671
      vertex 16.8908 0.0513306 7.89324
      vertex 16.8908 2.03422 7.89324
    endloop
  endfacet
  facet normal -0.454123 0 0.890939
    outer loop
      vertex 16.8908 0.0513306 7.89324
      vertex 16.6818 2.03422 7.78671
      vertex 16.6818 0.0513306 7.78671
    endloop
  endfacet
  facet normal 0.15642 0 0.987691
    outer loop
      vertex 16.2182 2.03422 7.78671
      vertex 16.45 0.0513306 7.75
      vertex 16.45 2.03422 7.75
    endloop
  endfacet
  facet normal 0.15642 0 0.987691
    outer loop
      vertex 16.45 0.0513306 7.75
      vertex 16.2182 2.03422 7.78671
      vertex 16.2182 0.0513306 7.78671
    endloop
  endfacet
  facet normal 0.987697 0 -0.156378
    outer loop
      vertex 15.7367 0.0513306 19.2318
      vertex 15.7 2.03422 19
      vertex 15.7367 2.03422 19.2318
    endloop
  endfacet
  facet normal 0.987697 0 -0.156378
    outer loop
      vertex 15.7 2.03422 19
      vertex 15.7367 0.0513306 19.2318
      vertex 15.7 0.0513306 19
    endloop
  endfacet
  facet normal -0.707107 0 -0.707107
    outer loop
      vertex 17.0568 0.0513306 19.4408
      vertex 16.8908 2.03422 19.6068
      vertex 17.0568 2.03422 19.4408
    endloop
  endfacet
  facet normal -0.707107 -0 -0.707107
    outer loop
      vertex 16.8908 2.03422 19.6068
      vertex 17.0568 0.0513306 19.4408
      vertex 16.8908 0.0513306 19.6068
    endloop
  endfacet
  facet normal -0.156378 0 -0.987697
    outer loop
      vertex 16.45 0.0513306 19.75
      vertex 16.6818 2.03422 19.7133
      vertex 16.6818 0.0513306 19.7133
    endloop
  endfacet
  facet normal -0.156378 0 -0.987697
    outer loop
      vertex 16.6818 2.03422 19.7133
      vertex 16.45 0.0513306 19.75
      vertex 16.45 2.03422 19.75
    endloop
  endfacet
  facet normal -0.891061 0 0.453884
    outer loop
      vertex 17.0568 0.0513306 8.05916
      vertex 17.1633 2.03422 8.26824
      vertex 17.0568 2.03422 8.05916
    endloop
  endfacet
  facet normal -0.891061 0 0.453884
    outer loop
      vertex 17.1633 2.03422 8.26824
      vertex 17.0568 0.0513306 8.05916
      vertex 17.1633 0.0513306 8.26824
    endloop
  endfacet
  facet normal -0.15642 0 0.987691
    outer loop
      vertex 16.45 2.03422 7.75
      vertex 16.6818 0.0513306 7.78671
      vertex 16.6818 2.03422 7.78671
    endloop
  endfacet
  facet normal -0.15642 0 0.987691
    outer loop
      vertex 16.6818 0.0513306 7.78671
      vertex 16.45 2.03422 7.75
      vertex 16.45 0.0513306 7.75
    endloop
  endfacet
  facet normal -0.987697 0 -0.156378
    outer loop
      vertex 17.2 0.0513306 19
      vertex 17.1633 2.03422 19.2318
      vertex 17.2 2.03422 19
    endloop
  endfacet
  facet normal -0.987697 -0 -0.156378
    outer loop
      vertex 17.1633 2.03422 19.2318
      vertex 17.2 0.0513306 19
      vertex 17.1633 0.0513306 19.2318
    endloop
  endfacet
  facet normal 0.890991 0 -0.454022
    outer loop
      vertex 15.8432 0.0513306 19.4408
      vertex 15.7367 2.03422 19.2318
      vertex 15.8432 2.03422 19.4408
    endloop
  endfacet
  facet normal 0.890991 0 -0.454022
    outer loop
      vertex 15.7367 2.03422 19.2318
      vertex 15.8432 0.0513306 19.4408
      vertex 15.7367 0.0513306 19.2318
    endloop
  endfacet
  facet normal 0.987693 -0 0.156405
    outer loop
      vertex 15.7 0.0513306 8.5
      vertex 15.7367 2.03422 8.26824
      vertex 15.7 2.03422 8.5
    endloop
  endfacet
  facet normal 0.987693 0 0.156405
    outer loop
      vertex 15.7367 2.03422 8.26824
      vertex 15.7 0.0513306 8.5
      vertex 15.7367 0.0513306 8.26824
    endloop
  endfacet
  facet normal -0.706936 0 0.707277
    outer loop
      vertex 16.8908 2.03422 7.89324
      vertex 17.0568 0.0513306 8.05916
      vertex 17.0568 2.03422 8.05916
    endloop
  endfacet
  facet normal -0.706936 0 0.707277
    outer loop
      vertex 17.0568 0.0513306 8.05916
      vertex 16.8908 2.03422 7.89324
      vertex 16.8908 0.0513306 7.89324
    endloop
  endfacet
  facet normal 0.707107 0 -0.707107
    outer loop
      vertex 19.7092 0.0513306 19.6068
      vertex 19.5432 2.03422 19.4408
      vertex 19.7092 2.03422 19.6068
    endloop
  endfacet
  facet normal 0.707107 0 -0.707107
    outer loop
      vertex 19.5432 2.03422 19.4408
      vertex 19.7092 0.0513306 19.6068
      vertex 19.5432 0.0513306 19.4408
    endloop
  endfacet
  facet normal -0.454022 0 -0.890991
    outer loop
      vertex 20.3818 0.0513306 19.7133
      vertex 20.5908 2.03422 19.6068
      vertex 20.5908 0.0513306 19.6068
    endloop
  endfacet
  facet normal -0.454022 0 -0.890991
    outer loop
      vertex 20.5908 2.03422 19.6068
      vertex 20.3818 0.0513306 19.7133
      vertex 20.3818 2.03422 19.7133
    endloop
  endfacet
  facet normal 0.454123 0 0.890939
    outer loop
      vertex 19.7092 2.03422 7.89324
      vertex 19.9182 0.0513306 7.78671
      vertex 19.9182 2.03422 7.78671
    endloop
  endfacet
  facet normal 0.454123 0 0.890939
    outer loop
      vertex 19.9182 0.0513306 7.78671
      vertex 19.7092 2.03422 7.89324
      vertex 19.7092 0.0513306 7.89324
    endloop
  endfacet
  facet normal 0.891061 -0 0.453884
    outer loop
      vertex 19.4367 0.0513306 8.26824
      vertex 19.5432 2.03422 8.05916
      vertex 19.4367 2.03422 8.26824
    endloop
  endfacet
  facet normal 0.891061 0 0.453884
    outer loop
      vertex 19.5432 2.03422 8.05916
      vertex 19.4367 0.0513306 8.26824
      vertex 19.5432 0.0513306 8.05916
    endloop
  endfacet
  facet normal 0.706936 0 0.707277
    outer loop
      vertex 19.5432 2.03422 8.05916
      vertex 19.7092 0.0513306 7.89324
      vertex 19.7092 2.03422 7.89324
    endloop
  endfacet
  facet normal 0.706936 0 0.707277
    outer loop
      vertex 19.7092 0.0513306 7.89324
      vertex 19.5432 2.03422 8.05916
      vertex 19.5432 0.0513306 8.05916
    endloop
  endfacet
  facet normal -0.890991 0 -0.454022
    outer loop
      vertex 20.8633 0.0513306 19.2318
      vertex 20.7568 2.03422 19.4408
      vertex 20.8633 2.03422 19.2318
    endloop
  endfacet
  facet normal -0.890991 -0 -0.454022
    outer loop
      vertex 20.7568 2.03422 19.4408
      vertex 20.8633 0.0513306 19.2318
      vertex 20.7568 0.0513306 19.4408
    endloop
  endfacet
  facet normal 0.156378 0 -0.987697
    outer loop
      vertex 19.9182 0.0513306 19.7133
      vertex 20.15 2.03422 19.75
      vertex 20.15 0.0513306 19.75
    endloop
  endfacet
  facet normal 0.156378 0 -0.987697
    outer loop
      vertex 20.15 2.03422 19.75
      vertex 19.9182 0.0513306 19.7133
      vertex 19.9182 2.03422 19.7133
    endloop
  endfacet
  facet normal 0.454022 0 -0.890991
    outer loop
      vertex 19.7092 0.0513306 19.6068
      vertex 19.9182 2.03422 19.7133
      vertex 19.9182 0.0513306 19.7133
    endloop
  endfacet
  facet normal 0.454022 0 -0.890991
    outer loop
      vertex 19.9182 2.03422 19.7133
      vertex 19.7092 0.0513306 19.6068
      vertex 19.7092 2.03422 19.6068
    endloop
  endfacet
  facet normal -1 0 0
    outer loop
      vertex 20.9 0.0513306 8.5
      vertex 20.9 2.03422 19
      vertex 20.9 2.03422 8.5
    endloop
  endfacet
  facet normal -1 -0 0
    outer loop
      vertex 20.9 2.03422 19
      vertex 20.9 0.0513306 8.5
      vertex 20.9 0.0513306 19
    endloop
  endfacet
  facet normal 1 -0 0
    outer loop
      vertex 19.4 0.0513306 19
      vertex 19.4 2.03422 8.5
      vertex 19.4 2.03422 19
    endloop
  endfacet
  facet normal 1 0 0
    outer loop
      vertex 19.4 2.03422 8.5
      vertex 19.4 0.0513306 19
      vertex 19.4 0.0513306 8.5
    endloop
  endfacet
  facet normal -0.987693 0 0.156405
    outer loop
      vertex 20.8633 0.0513306 8.26824
      vertex 20.9 2.03422 8.5
      vertex 20.8633 2.03422 8.26824
    endloop
  endfacet
  facet normal -0.987693 0 0.156405
    outer loop
      vertex 20.9 2.03422 8.5
      vertex 20.8633 0.0513306 8.26824
      vertex 20.9 0.0513306 8.5
    endloop
  endfacet
  facet normal -0.454123 0 0.890939
    outer loop
      vertex 20.3818 2.03422 7.78671
      vertex 20.5908 0.0513306 7.89324
      vertex 20.5908 2.03422 7.89324
    endloop
  endfacet
  facet normal -0.454123 0 0.890939
    outer loop
      vertex 20.5908 0.0513306 7.89324
      vertex 20.3818 2.03422 7.78671
      vertex 20.3818 0.0513306 7.78671
    endloop
  endfacet
  facet normal 0.15642 0 0.987691
    outer loop
      vertex 19.9182 2.03422 7.78671
      vertex 20.15 0.0513306 7.75
      vertex 20.15 2.03422 7.75
    endloop
  endfacet
  facet normal 0.15642 0 0.987691
    outer loop
      vertex 20.15 0.0513306 7.75
      vertex 19.9182 2.03422 7.78671
      vertex 19.9182 0.0513306 7.78671
    endloop
  endfacet
  facet normal 0.987697 0 -0.156378
    outer loop
      vertex 19.4367 0.0513306 19.2318
      vertex 19.4 2.03422 19
      vertex 19.4367 2.03422 19.2318
    endloop
  endfacet
  facet normal 0.987697 0 -0.156378
    outer loop
      vertex 19.4 2.03422 19
      vertex 19.4367 0.0513306 19.2318
      vertex 19.4 0.0513306 19
    endloop
  endfacet
  facet normal -0.707107 0 -0.707107
    outer loop
      vertex 20.7568 0.0513306 19.4408
      vertex 20.5908 2.03422 19.6068
      vertex 20.7568 2.03422 19.4408
    endloop
  endfacet
  facet normal -0.707107 -0 -0.707107
    outer loop
      vertex 20.5908 2.03422 19.6068
      vertex 20.7568 0.0513306 19.4408
      vertex 20.5908 0.0513306 19.6068
    endloop
  endfacet
  facet normal -0.156378 0 -0.987697
    outer loop
      vertex 20.15 0.0513306 19.75
      vertex 20.3818 2.03422 19.7133
      vertex 20.3818 0.0513306 19.7133
    endloop
  endfacet
  facet normal -0.156378 0 -0.987697
    outer loop
      vertex 20.3818 2.03422 19.7133
      vertex 20.15 0.0513306 19.75
      vertex 20.15 2.03422 19.75
    endloop
  endfacet
  facet normal -0.891061 0 0.453884
    outer loop
      vertex 20.7568 0.0513306 8.05916
      vertex 20.8633 2.03422 8.26824
      vertex 20.7568 2.03422 8.05916
    endloop
  endfacet
  facet normal -0.891061 0 0.453884
    outer loop
      vertex 20.8633 2.03422 8.26824
      vertex 20.7568 0.0513306 8.05916
      vertex 20.8633 0.0513306 8.26824
    endloop
  endfacet
  facet normal -0.15642 0 0.987691
    outer loop
      vertex 20.15 2.03422 7.75
      vertex 20.3818 0.0513306 7.78671
      vertex 20.3818 2.03422 7.78671
    endloop
  endfacet
  facet normal -0.15642 0 0.987691
    outer loop
      vertex 20.3818 0.0513306 7.78671
      vertex 20.15 2.03422 7.75
      vertex 20.15 0.0513306 7.75
    endloop
  endfacet
  facet normal -0.987697 0 -0.156378
    outer loop
      vertex 20.9 0.0513306 19
      vertex 20.8633 2.03422 19.2318
      vertex 20.9 2.03422 19
    endloop
  endfacet
  facet normal -0.987697 -0 -0.156378
    outer loop
      vertex 20.8633 2.03422 19.2318
      vertex 20.9 0.0513306 19
      vertex 20.8633 0.0513306 19.2318
    endloop
  endfacet
  facet normal 0.890991 0 -0.454022
    outer loop
      vertex 19.5432 0.0513306 19.4408
      vertex 19.4367 2.03422 19.2318
      vertex 19.5432 2.03422 19.4408
    endloop
  endfacet
  facet normal 0.890991 0 -0.454022
    outer loop
      vertex 19.4367 2.03422 19.2318
      vertex 19.5432 0.0513306 19.4408
      vertex 19.4367 0.0513306 19.2318
    endloop
  endfacet
  facet normal 0.987693 -0 0.156405
    outer loop
      vertex 19.4 0.0513306 8.5
      vertex 19.4367 2.03422 8.26824
      vertex 19.4 2.03422 8.5
    endloop
  endfacet
  facet normal 0.987693 0 0.156405
    outer loop
      vertex 19.4367 2.03422 8.26824
      vertex 19.4 0.0513306 8.5
      vertex 19.4367 0.0513306 8.26824
    endloop
  endfacet
  facet normal -0.706936 0 0.707277
    outer loop
      vertex 20.5908 2.03422 7.89324
      vertex 20.7568 0.0513306 8.05916
      vertex 20.7568 2.03422 8.05916
    endloop
  endfacet
  facet normal -0.706936 0 0.707277
    outer loop
      vertex 20.7568 0.0513306 8.05916
      vertex 20.5908 2.03422 7.89324
      vertex 20.5908 0.0513306 7.89324
    endloop
  endfacet
  facet normal 0.707107 0 -0.707107
    outer loop
      vertex 23.4092 0.0513306 19.6068
      vertex 23.2432 2.03422 19.4408
      vertex 23.4092 2.03422 19.6068
    endloop
  endfacet
  facet normal 0.707107 0 -0.707107
    outer loop
      vertex 23.2432 2.03422 19.4408
      vertex 23.4092 0.0513306 19.6068
      vertex 23.2432 0.0513306 19.4408
    endloop
  endfacet
  facet normal -0.454022 0 -0.890991
    outer loop
      vertex 24.0818 0.0513306 19.7133
      vertex 24.2908 2.03422 19.6068
      vertex 24.2908 0.0513306 19.6068
    endloop
  endfacet
  facet normal -0.454022 0 -0.890991
    outer loop
      vertex 24.2908 2.03422 19.6068
      vertex 24.0818 0.0513306 19.7133
      vertex 24.0818 2.03422 19.7133
    endloop
  endfacet
  facet normal 0.454123 0 0.890939
    outer loop
      vertex 23.4092 2.03422 7.89324
      vertex 23.6182 0.0513306 7.78671
      vertex 23.6182 2.03422 7.78671
    endloop
  endfacet
  facet normal 0.454123 0 0.890939
    outer loop
      vertex 23.6182 0.0513306 7.78671
      vertex 23.4092 2.03422 7.89324
      vertex 23.4092 0.0513306 7.89324
    endloop
  endfacet
  facet normal 0.891061 -0 0.453884
    outer loop
      vertex 23.1367 0.0513306 8.26824
      vertex 23.2432 2.03422 8.05916
      vertex 23.1367 2.03422 8.26824
    endloop
  endfacet
  facet normal 0.891061 0 0.453884
    outer loop
      vertex 23.2432 2.03422 8.05916
      vertex 23.1367 0.0513306 8.26824
      vertex 23.2432 0.0513306 8.05916
    endloop
  endfacet
  facet normal 0.706936 0 0.707277
    outer loop
      vertex 23.2432 2.03422 8.05916
      vertex 23.4092 0.0513306 7.89324
      vertex 23.4092 2.03422 7.89324
    endloop
  endfacet
  facet normal 0.706936 0 0.707277
    outer loop
      vertex 23.4092 0.0513306 7.89324
      vertex 23.2432 2.03422 8.05916
      vertex 23.2432 0.0513306 8.05916
    endloop
  endfacet
  facet normal -0.890991 0 -0.454022
    outer loop
      vertex 24.5633 0.0513306 19.2318
      vertex 24.4568 2.03422 19.4408
      vertex 24.5633 2.03422 19.2318
    endloop
  endfacet
  facet normal -0.890991 -0 -0.454022
    outer loop
      vertex 24.4568 2.03422 19.4408
      vertex 24.5633 0.0513306 19.2318
      vertex 24.4568 0.0513306 19.4408
    endloop
  endfacet
  facet normal 0.156378 0 -0.987697
    outer loop
      vertex 23.6182 0.0513306 19.7133
      vertex 23.85 2.03422 19.75
      vertex 23.85 0.0513306 19.75
    endloop
  endfacet
  facet normal 0.156378 0 -0.987697
    outer loop
      vertex 23.85 2.03422 19.75
      vertex 23.6182 0.0513306 19.7133
      vertex 23.6182 2.03422 19.7133
    endloop
  endfacet
  facet normal 0.454022 0 -0.890991
    outer loop
      vertex 23.4092 0.0513306 19.6068
      vertex 23.6182 2.03422 19.7133
      vertex 23.6182 0.0513306 19.7133
    endloop
  endfacet
  facet normal 0.454022 0 -0.890991
    outer loop
      vertex 23.6182 2.03422 19.7133
      vertex 23.4092 0.0513306 19.6068
      vertex 23.4092 2.03422 19.6068
    endloop
  endfacet
  facet normal -1 0 0
    outer loop
      vertex 24.6 0.0513306 8.5
      vertex 24.6 2.03422 19
      vertex 24.6 2.03422 8.5
    endloop
  endfacet
  facet normal -1 -0 0
    outer loop
      vertex 24.6 2.03422 19
      vertex 24.6 0.0513306 8.5
      vertex 24.6 0.0513306 19
    endloop
  endfacet
  facet normal 1 -0 0
    outer loop
      vertex 23.1 0.0513306 19
      vertex 23.1 2.03422 8.5
      vertex 23.1 2.03422 19
    endloop
  endfacet
  facet normal 1 0 0
    outer loop
      vertex 23.1 2.03422 8.5
      vertex 23.1 0.0513306 19
      vertex 23.1 0.0513306 8.5
    endloop
  endfacet
  facet normal -0.987693 0 0.156405
    outer loop
      vertex 24.5633 0.0513306 8.26824
      vertex 24.6 2.03422 8.5
      vertex 24.5633 2.03422 8.26824
    endloop
  endfacet
  facet normal -0.987693 0 0.156405
    outer loop
      vertex 24.6 2.03422 8.5
      vertex 24.5633 0.0513306 8.26824
      vertex 24.6 0.0513306 8.5
    endloop
  endfacet
  facet normal -0.454123 0 0.890939
    outer loop
      vertex 24.0818 2.03422 7.78671
      vertex 24.2908 0.0513306 7.89324
      vertex 24.2908 2.03422 7.89324
    endloop
  endfacet
  facet normal -0.454123 0 0.890939
    outer loop
      vertex 24.2908 0.0513306 7.89324
      vertex 24.0818 2.03422 7.78671
      vertex 24.0818 0.0513306 7.78671
    endloop
  endfacet
  facet normal 0.15642 0 0.987691
    outer loop
      vertex 23.6182 2.03422 7.78671
      vertex 23.85 0.0513306 7.75
      vertex 23.85 2.03422 7.75
    endloop
  endfacet
  facet normal 0.15642 0 0.987691
    outer loop
      vertex 23.85 0.0513306 7.75
      vertex 23.6182 2.03422 7.78671
      vertex 23.6182 0.0513306 7.78671
    endloop
  endfacet
  facet normal 0.987697 0 -0.156378
    outer loop
      vertex 23.1367 0.0513306 19.2318
      vertex 23.1 2.03422 19
      vertex 23.1367 2.03422 19.2318
    endloop
  endfacet
  facet normal 0.987697 0 -0.156378
    outer loop
      vertex 23.1 2.03422 19
      vertex 23.1367 0.0513306 19.2318
      vertex 23.1 0.0513306 19
    endloop
  endfacet
  facet normal -0.156378 0 -0.987697
    outer loop
      vertex 23.85 0.0513306 19.75
      vertex 24.0818 2.03422 19.7133
      vertex 24.0818 0.0513306 19.7133
    endloop
  endfacet
  facet normal -0.156378 0 -0.987697
    outer loop
      vertex 24.0818 2.03422 19.7133
      vertex 23.85 0.0513306 19.75
      vertex 23.85 2.03422 19.75
    endloop
  endfacet
  facet normal -0.891061 0 0.453884
    outer loop
      vertex 24.4568 0.0513306 8.05916
      vertex 24.5633 2.03422 8.26824
      vertex 24.4568 2.03422 8.05916
    endloop
  endfacet
  facet normal -0.891061 0 0.453884
    outer loop
      vertex 24.5633 2.03422 8.26824
      vertex 24.4568 0.0513306 8.05916
      vertex 24.5633 0.0513306 8.26824
    endloop
  endfacet
  facet normal -0.987697 0 -0.156378
    outer loop
      vertex 24.6 0.0513306 19
      vertex 24.5633 2.03422 19.2318
      vertex 24.6 2.03422 19
    endloop
  endfacet
  facet normal -0.987697 -0 -0.156378
    outer loop
      vertex 24.5633 2.03422 19.2318
      vertex 24.6 0.0513306 19
      vertex 24.5633 0.0513306 19.2318
    endloop
  endfacet
  facet normal 0.890991 0 -0.454022
    outer loop
      vertex 23.2432 0.0513306 19.4408
      vertex 23.1367 2.03422 19.2318
      vertex 23.2432 2.03422 19.4408
    endloop
  endfacet
  facet normal 0.890991 0 -0.454022
    outer loop
      vertex 23.1367 2.03422 19.2318
      vertex 23.2432 0.0513306 19.4408
      vertex 23.1367 0.0513306 19.2318
    endloop
  endfacet
  facet normal 0.987693 -0 0.156405
    outer loop
      vertex 23.1 0.0513306 8.5
      vertex 23.1367 2.03422 8.26824
      vertex 23.1 2.03422 8.5
    endloop
  endfacet
  facet normal 0.987693 0 0.156405
    outer loop
      vertex 23.1367 2.03422 8.26824
      vertex 23.1 0.0513306 8.5
      vertex 23.1367 0.0513306 8.26824
    endloop
  endfacet
  facet normal -0.15642 0 0.987691
    outer loop
      vertex 23.85 2.03422 7.75
      vertex 24.0818 0.0513306 7.78671
      vertex 24.0818 2.03422 7.78671
    endloop
  endfacet
  facet normal -0.15642 0 0.987691
    outer loop
      vertex 24.0818 0.0513306 7.78671
      vertex 23.85 2.03422 7.75
      vertex 23.85 0.0513306 7.75
    endloop
  endfacet
  facet normal -0.706936 0 0.707277
    outer loop
      vertex 24.2908 2.03422 7.89324
      vertex 24.4568 0.0513306 8.05916
      vertex 24.4568 2.03422 8.05916
    endloop
  endfacet
  facet normal -0.706936 0 0.707277
    outer loop
      vertex 24.4568 0.0513306 8.05916
      vertex 24.2908 2.03422 7.89324
      vertex 24.2908 0.0513306 7.89324
    endloop
  endfacet
  facet normal -0.707107 0 -0.707107
    outer loop
      vertex 24.4568 0.0513306 19.4408
      vertex 24.2908 2.03422 19.6068
      vertex 24.4568 2.03422 19.4408
    endloop
  endfacet
  facet normal -0.707107 -0 -0.707107
    outer loop
      vertex 24.2908 2.03422 19.6068
      vertex 24.4568 0.0513306 19.4408
      vertex 24.2908 0.0513306 19.6068
    endloop
  endfacet
  facet normal 0.707107 0 -0.707107
    outer loop
      vertex 27.1092 0.0513306 19.6068
      vertex 26.9432 2.03422 19.4408
      vertex 27.1092 2.03422 19.6068
    endloop
  endfacet
  facet normal 0.707107 0 -0.707107
    outer loop
      vertex 26.9432 2.03422 19.4408
      vertex 27.1092 0.0513306 19.6068
      vertex 26.9432 0.0513306 19.4408
    endloop
  endfacet
  facet normal -0.454022 0 -0.890991
    outer loop
      vertex 27.7818 0.0513306 19.7133
      vertex 27.9908 2.03422 19.6068
      vertex 27.9908 0.0513306 19.6068
    endloop
  endfacet
  facet normal -0.454022 0 -0.890991
    outer loop
      vertex 27.9908 2.03422 19.6068
      vertex 27.7818 0.0513306 19.7133
      vertex 27.7818 2.03422 19.7133
    endloop
  endfacet
  facet normal 0.454123 0 0.890939
    outer loop
      vertex 27.1092 2.03422 7.89324
      vertex 27.3182 0.0513306 7.78671
      vertex 27.3182 2.03422 7.78671
    endloop
  endfacet
  facet normal 0.454123 0 0.890939
    outer loop
      vertex 27.3182 0.0513306 7.78671
      vertex 27.1092 2.03422 7.89324
      vertex 27.1092 0.0513306 7.89324
    endloop
  endfacet
  facet normal 0.891061 -0 0.453884
    outer loop
      vertex 26.8367 0.0513306 8.26824
      vertex 26.9432 2.03422 8.05916
      vertex 26.8367 2.03422 8.26824
    endloop
  endfacet
  facet normal 0.891061 0 0.453884
    outer loop
      vertex 26.9432 2.03422 8.05916
      vertex 26.8367 0.0513306 8.26824
      vertex 26.9432 0.0513306 8.05916
    endloop
  endfacet
  facet normal 0.706936 0 0.707277
    outer loop
      vertex 26.9432 2.03422 8.05916
      vertex 27.1092 0.0513306 7.89324
      vertex 27.1092 2.03422 7.89324
    endloop
  endfacet
  facet normal 0.706936 0 0.707277
    outer loop
      vertex 27.1092 0.0513306 7.89324
      vertex 26.9432 2.03422 8.05916
      vertex 26.9432 0.0513306 8.05916
    endloop
  endfacet
  facet normal -0.890991 0 -0.454022
    outer loop
      vertex 28.2633 0.0513306 19.2318
      vertex 28.1568 2.03422 19.4408
      vertex 28.2633 2.03422 19.2318
    endloop
  endfacet
  facet normal -0.890991 -0 -0.454022
    outer loop
      vertex 28.1568 2.03422 19.4408
      vertex 28.2633 0.0513306 19.2318
      vertex 28.1568 0.0513306 19.4408
    endloop
  endfacet
  facet normal 0.156378 0 -0.987697
    outer loop
      vertex 27.3182 0.0513306 19.7133
      vertex 27.55 2.03422 19.75
      vertex 27.55 0.0513306 19.75
    endloop
  endfacet
  facet normal 0.156378 0 -0.987697
    outer loop
      vertex 27.55 2.03422 19.75
      vertex 27.3182 0.0513306 19.7133
      vertex 27.3182 2.03422 19.7133
    endloop
  endfacet
  facet normal 0.454022 0 -0.890991
    outer loop
      vertex 27.1092 0.0513306 19.6068
      vertex 27.3182 2.03422 19.7133
      vertex 27.3182 0.0513306 19.7133
    endloop
  endfacet
  facet normal 0.454022 0 -0.890991
    outer loop
      vertex 27.3182 2.03422 19.7133
      vertex 27.1092 0.0513306 19.6068
      vertex 27.1092 2.03422 19.6068
    endloop
  endfacet
  facet normal -1 0 0
    outer loop
      vertex 28.3 0.0513306 8.5
      vertex 28.3 2.03422 19
      vertex 28.3 2.03422 8.5
    endloop
  endfacet
  facet normal -1 -0 0
    outer loop
      vertex 28.3 2.03422 19
      vertex 28.3 0.0513306 8.5
      vertex 28.3 0.0513306 19
    endloop
  endfacet
  facet normal 1 -0 0
    outer loop
      vertex 26.8 0.0513306 19
      vertex 26.8 2.03422 8.5
      vertex 26.8 2.03422 19
    endloop
  endfacet
  facet normal 1 0 0
    outer loop
      vertex 26.8 2.03422 8.5
      vertex 26.8 0.0513306 19
      vertex 26.8 0.0513306 8.5
    endloop
  endfacet
  facet normal -0.987693 0 0.156405
    outer loop
      vertex 28.2633 0.0513306 8.26824
      vertex 28.3 2.03422 8.5
      vertex 28.2633 2.03422 8.26824
    endloop
  endfacet
  facet normal -0.987693 0 0.156405
    outer loop
      vertex 28.3 2.03422 8.5
      vertex 28.2633 0.0513306 8.26824
      vertex 28.3 0.0513306 8.5
    endloop
  endfacet
  facet normal -0.454123 0 0.890939
    outer loop
      vertex 27.7818 2.03422 7.78671
      vertex 27.9908 0.0513306 7.89324
      vertex 27.9908 2.03422 7.89324
    endloop
  endfacet
  facet normal -0.454123 0 0.890939
    outer loop
      vertex 27.9908 0.0513306 7.89324
      vertex 27.7818 2.03422 7.78671
      vertex 27.7818 0.0513306 7.78671
    endloop
  endfacet
  facet normal 0.15642 0 0.987691
    outer loop
      vertex 27.3182 2.03422 7.78671
      vertex 27.55 0.0513306 7.75
      vertex 27.55 2.03422 7.75
    endloop
  endfacet
  facet normal 0.15642 0 0.987691
    outer loop
      vertex 27.55 0.0513306 7.75
      vertex 27.3182 2.03422 7.78671
      vertex 27.3182 0.0513306 7.78671
    endloop
  endfacet
  facet normal 0.987697 0 -0.156378
    outer loop
      vertex 26.8367 0.0513306 19.2318
      vertex 26.8 2.03422 19
      vertex 26.8367 2.03422 19.2318
    endloop
  endfacet
  facet normal 0.987697 0 -0.156378
    outer loop
      vertex 26.8 2.03422 19
      vertex 26.8367 0.0513306 19.2318
      vertex 26.8 0.0513306 19
    endloop
  endfacet
  facet normal -0.156378 0 -0.987697
    outer loop
      vertex 27.55 0.0513306 19.75
      vertex 27.7818 2.03422 19.7133
      vertex 27.7818 0.0513306 19.7133
    endloop
  endfacet
  facet normal -0.156378 0 -0.987697
    outer loop
      vertex 27.7818 2.03422 19.7133
      vertex 27.55 0.0513306 19.75
      vertex 27.55 2.03422 19.75
    endloop
  endfacet
  facet normal -0.891061 0 0.453884
    outer loop
      vertex 28.1568 0.0513306 8.05916
      vertex 28.2633 2.03422 8.26824
      vertex 28.1568 2.03422 8.05916
    endloop
  endfacet
  facet normal -0.891061 0 0.453884
    outer loop
      vertex 28.2633 2.03422 8.26824
      vertex 28.1568 0.0513306 8.05916
      vertex 28.2633 0.0513306 8.26824
    endloop
  endfacet
  facet normal -0.987697 0 -0.156378
    outer loop
      vertex 28.3 0.0513306 19
      vertex 28.2633 2.03422 19.2318
      vertex 28.3 2.03422 19
    endloop
  endfacet
  facet normal -0.987697 -0 -0.156378
    outer loop
      vertex 28.2633 2.03422 19.2318
      vertex 28.3 0.0513306 19
      vertex 28.2633 0.0513306 19.2318
    endloop
  endfacet
  facet normal 0.890991 0 -0.454022
    outer loop
      vertex 26.9432 0.0513306 19.4408
      vertex 26.8367 2.03422 19.2318
      vertex 26.9432 2.03422 19.4408
    endloop
  endfacet
  facet normal 0.890991 0 -0.454022
    outer loop
      vertex 26.8367 2.03422 19.2318
      vertex 26.9432 0.0513306 19.4408
      vertex 26.8367 0.0513306 19.2318
    endloop
  endfacet
  facet normal 0.987693 -0 0.156405
    outer loop
      vertex 26.8 0.0513306 8.5
      vertex 26.8367 2.03422 8.26824
      vertex 26.8 2.03422 8.5
    endloop
  endfacet
  facet normal 0.987693 0 0.156405
    outer loop
      vertex 26.8367 2.03422 8.26824
      vertex 26.8 0.0513306 8.5
      vertex 26.8367 0.0513306 8.26824
    endloop
  endfacet
  facet normal -0.15642 0 0.987691
    outer loop
      vertex 27.55 2.03422 7.75
      vertex 27.7818 0.0513306 7.78671
      vertex 27.7818 2.03422 7.78671
    endloop
  endfacet
  facet normal -0.15642 0 0.987691
    outer loop
      vertex 27.7818 0.0513306 7.78671
      vertex 27.55 2.03422 7.75
      vertex 27.55 0.0513306 7.75
    endloop
  endfacet
  facet normal -0.706936 0 0.707277
    outer loop
      vertex 27.9908 2.03422 7.89324
      vertex 28.1568 0.0513306 8.05916
      vertex 28.1568 2.03422 8.05916
    endloop
  endfacet
  facet normal -0.706936 0 0.707277
    outer loop
      vertex 28.1568 0.0513306 8.05916
      vertex 27.9908 2.03422 7.89324
      vertex 27.9908 0.0513306 7.89324
    endloop
  endfacet
  facet normal -0.707107 0 -0.707107
    outer loop
      vertex 28.1568 0.0513306 19.4408
      vertex 27.9908 2.03422 19.6068
      vertex 28.1568 2.03422 19.4408
    endloop
  endfacet
  facet normal -0.707107 -0 -0.707107
    outer loop
      vertex 27.9908 2.03422 19.6068
      vertex 28.1568 0.0513306 19.4408
      vertex 27.9908 0.0513306 19.6068
    endloop
  endfacet
  facet normal 0.707107 0 -0.707107
    outer loop
      vertex 30.8092 0.0513306 19.6068
      vertex 30.6432 2.03422 19.4408
      vertex 30.8092 2.03422 19.6068
    endloop
  endfacet
  facet normal 0.707107 0 -0.707107
    outer loop
      vertex 30.6432 2.03422 19.4408
      vertex 30.8092 0.0513306 19.6068
      vertex 30.6432 0.0513306 19.4408
    endloop
  endfacet
  facet normal -0.454022 0 -0.890991
    outer loop
      vertex 31.4818 0.0513306 19.7133
      vertex 31.6908 2.03422 19.6068
      vertex 31.6908 0.0513306 19.6068
    endloop
  endfacet
  facet normal -0.454022 0 -0.890991
    outer loop
      vertex 31.6908 2.03422 19.6068
      vertex 31.4818 0.0513306 19.7133
      vertex 31.4818 2.03422 19.7133
    endloop
  endfacet
  facet normal 0.454123 0 0.890939
    outer loop
      vertex 30.8092 2.03422 7.89324
      vertex 31.0182 0.0513306 7.78671
      vertex 31.0182 2.03422 7.78671
    endloop
  endfacet
  facet normal 0.454123 0 0.890939
    outer loop
      vertex 31.0182 0.0513306 7.78671
      vertex 30.8092 2.03422 7.89324
      vertex 30.8092 0.0513306 7.89324
    endloop
  endfacet
  facet normal 0.891061 -0 0.453884
    outer loop
      vertex 30.5367 0.0513306 8.26824
      vertex 30.6432 2.03422 8.05916
      vertex 30.5367 2.03422 8.26824
    endloop
  endfacet
  facet normal 0.891061 0 0.453884
    outer loop
      vertex 30.6432 2.03422 8.05916
      vertex 30.5367 0.0513306 8.26824
      vertex 30.6432 0.0513306 8.05916
    endloop
  endfacet
  facet normal 0.706936 -0 0.707277
    outer loop
      vertex 30.6432 0.0513306 8.05916
      vertex 30.8092 2.03422 7.89324
      vertex 30.6432 2.03422 8.05916
    endloop
  endfacet
  facet normal 0.706936 0 0.707277
    outer loop
      vertex 30.8092 2.03422 7.89324
      vertex 30.6432 0.0513306 8.05916
      vertex 30.8092 0.0513306 7.89324
    endloop
  endfacet
  facet normal -0.890991 0 -0.454022
    outer loop
      vertex 31.9633 0.0513306 19.2318
      vertex 31.8568 2.03422 19.4408
      vertex 31.9633 2.03422 19.2318
    endloop
  endfacet
  facet normal -0.890991 -0 -0.454022
    outer loop
      vertex 31.8568 2.03422 19.4408
      vertex 31.9633 0.0513306 19.2318
      vertex 31.8568 0.0513306 19.4408
    endloop
  endfacet
  facet normal 0.156378 0 -0.987697
    outer loop
      vertex 31.0182 0.0513306 19.7133
      vertex 31.25 2.03422 19.75
      vertex 31.25 0.0513306 19.75
    endloop
  endfacet
  facet normal 0.156378 0 -0.987697
    outer loop
      vertex 31.25 2.03422 19.75
      vertex 31.0182 0.0513306 19.7133
      vertex 31.0182 2.03422 19.7133
    endloop
  endfacet
  facet normal 0.454022 0 -0.890991
    outer loop
      vertex 30.8092 0.0513306 19.6068
      vertex 31.0182 2.03422 19.7133
      vertex 31.0182 0.0513306 19.7133
    endloop
  endfacet
  facet normal 0.454022 0 -0.890991
    outer loop
      vertex 31.0182 2.03422 19.7133
      vertex 30.8092 0.0513306 19.6068
      vertex 30.8092 2.03422 19.6068
    endloop
  endfacet
  facet normal -1 0 0
    outer loop
      vertex 32 0.0513306 8.5
      vertex 32 2.03422 19
      vertex 32 2.03422 8.5
    endloop
  endfacet
  facet normal -1 -0 0
    outer loop
      vertex 32 2.03422 19
      vertex 32 0.0513306 8.5
      vertex 32 0.0513306 19
    endloop
  endfacet
  facet normal 1 -0 0
    outer loop
      vertex 30.5 0.0513306 19
      vertex 30.5 2.03422 8.5
      vertex 30.5 2.03422 19
    endloop
  endfacet
  facet normal 1 0 0
    outer loop
      vertex 30.5 2.03422 8.5
      vertex 30.5 0.0513306 19
      vertex 30.5 0.0513306 8.5
    endloop
  endfacet
  facet normal -0.987693 0 0.156405
    outer loop
      vertex 31.9633 0.0513306 8.26824
      vertex 32 2.03422 8.5
      vertex 31.9633 2.03422 8.26824
    endloop
  endfacet
  facet normal -0.987693 0 0.156405
    outer loop
      vertex 32 2.03422 8.5
      vertex 31.9633 0.0513306 8.26824
      vertex 32 0.0513306 8.5
    endloop
  endfacet
  facet normal -0.454123 0 0.890939
    outer loop
      vertex 31.4818 2.03422 7.78671
      vertex 31.6908 0.0513306 7.89324
      vertex 31.6908 2.03422 7.89324
    endloop
  endfacet
  facet normal -0.454123 0 0.890939
    outer loop
      vertex 31.6908 0.0513306 7.89324
      vertex 31.4818 2.03422 7.78671
      vertex 31.4818 0.0513306 7.78671
    endloop
  endfacet
  facet normal 0.15642 0 0.987691
    outer loop
      vertex 31.0182 2.03422 7.78671
      vertex 31.25 0.0513306 7.75
      vertex 31.25 2.03422 7.75
    endloop
  endfacet
  facet normal 0.15642 0 0.987691
    outer loop
      vertex 31.25 0.0513306 7.75
      vertex 31.0182 2.03422 7.78671
      vertex 31.0182 0.0513306 7.78671
    endloop
  endfacet
  facet normal 0.987697 0 -0.156378
    outer loop
      vertex 30.5367 0.0513306 19.2318
      vertex 30.5 2.03422 19
      vertex 30.5367 2.03422 19.2318
    endloop
  endfacet
  facet normal 0.987697 0 -0.156378
    outer loop
      vertex 30.5 2.03422 19
      vertex 30.5367 0.0513306 19.2318
      vertex 30.5 0.0513306 19
    endloop
  endfacet
  facet normal -0.707107 0 -0.707107
    outer loop
      vertex 31.8568 0.0513306 19.4408
      vertex 31.6908 2.03422 19.6068
      vertex 31.8568 2.03422 19.4408
    endloop
  endfacet
  facet normal -0.707107 -0 -0.707107
    outer loop
      vertex 31.6908 2.03422 19.6068
      vertex 31.8568 0.0513306 19.4408
      vertex 31.6908 0.0513306 19.6068
    endloop
  endfacet
  facet normal -0.156378 0 -0.987697
    outer loop
      vertex 31.25 0.0513306 19.75
      vertex 31.4818 2.03422 19.7133
      vertex 31.4818 0.0513306 19.7133
    endloop
  endfacet
  facet normal -0.156378 0 -0.987697
    outer loop
      vertex 31.4818 2.03422 19.7133
      vertex 31.25 0.0513306 19.75
      vertex 31.25 2.03422 19.75
    endloop
  endfacet
  facet normal -0.891061 0 0.453884
    outer loop
      vertex 31.8568 0.0513306 8.05916
      vertex 31.9633 2.03422 8.26824
      vertex 31.8568 2.03422 8.05916
    endloop
  endfacet
  facet normal -0.891061 0 0.453884
    outer loop
      vertex 31.9633 2.03422 8.26824
      vertex 31.8568 0.0513306 8.05916
      vertex 31.9633 0.0513306 8.26824
    endloop
  endfacet
  facet normal -0.15642 0 0.987691
    outer loop
      vertex 31.25 2.03422 7.75
      vertex 31.4818 0.0513306 7.78671
      vertex 31.4818 2.03422 7.78671
    endloop
  endfacet
  facet normal -0.15642 0 0.987691
    outer loop
      vertex 31.4818 0.0513306 7.78671
      vertex 31.25 2.03422 7.75
      vertex 31.25 0.0513306 7.75
    endloop
  endfacet
  facet normal -0.987697 0 -0.156378
    outer loop
      vertex 32 0.0513306 19
      vertex 31.9633 2.03422 19.2318
      vertex 32 2.03422 19
    endloop
  endfacet
  facet normal -0.987697 -0 -0.156378
    outer loop
      vertex 31.9633 2.03422 19.2318
      vertex 32 0.0513306 19
      vertex 31.9633 0.0513306 19.2318
    endloop
  endfacet
  facet normal 0.890991 0 -0.454022
    outer loop
      vertex 30.6432 0.0513306 19.4408
      vertex 30.5367 2.03422 19.2318
      vertex 30.6432 2.03422 19.4408
    endloop
  endfacet
  facet normal 0.890991 0 -0.454022
    outer loop
      vertex 30.5367 2.03422 19.2318
      vertex 30.6432 0.0513306 19.4408
      vertex 30.5367 0.0513306 19.2318
    endloop
  endfacet
  facet normal 0.987693 -0 0.156405
    outer loop
      vertex 30.5 0.0513306 8.5
      vertex 30.5367 2.03422 8.26824
      vertex 30.5 2.03422 8.5
    endloop
  endfacet
  facet normal 0.987693 0 0.156405
    outer loop
      vertex 30.5367 2.03422 8.26824
      vertex 30.5 0.0513306 8.5
      vertex 30.5367 0.0513306 8.26824
    endloop
  endfacet
  facet normal -0.706936 0 0.707277
    outer loop
      vertex 31.6908 2.03422 7.89324
      vertex 31.8568 0.0513306 8.05916
      vertex 31.8568 2.03422 8.05916
    endloop
  endfacet
  facet normal -0.706936 0 0.707277
    outer loop
      vertex 31.8568 0.0513306 8.05916
      vertex 31.6908 2.03422 7.89324
      vertex 31.6908 0.0513306 7.89324
    endloop
  endfacet
  facet normal 0.464921 -0.192594 -0.86415
    outer loop
      vertex 97.1632 4.17372 1.23988
      vertex 95.9885 4.85195 0.456722
      vertex 96.2179 5.40572 0.456722
    endloop
  endfacet
  facet normal -0.608763 -0.793352 0
    outer loop
      vertex 1.79366 1.79366 5.21684
      vertex 3.02567 0.848301 27.5
      vertex 1.79366 1.79366 27.5
    endloop
  endfacet
  facet normal -0.608763 -0.793352 -0
    outer loop
      vertex 3.02567 0.848301 27.5
      vertex 1.79366 1.79366 5.21684
      vertex 3.02567 0.848301 5.21684
    endloop
  endfacet
  facet normal -0.241041 -0.0998438 -0.965365
    outer loop
      vertex 4.01152 4.85195 0.456722
      vertex 4.78537 5.67454 0.178423
      vertex 4.97901 5.59433 0.138369
    endloop
  endfacet
  facet normal -0.241042 -0.0998432 -0.965365
    outer loop
      vertex 4.78537 5.67454 0.178423
      vertex 4.01152 4.85195 0.456722
      vertex 3.78214 5.40572 0.456722
    endloop
  endfacet
  facet normal -0.206912 0.158881 -0.965373
    outer loop
      vertex 5.12121 46.5074 0.113382
      vertex 4.37641 47.6236 0.456722
      vertex 5.19152 46.5613 0.107183
    endloop
  endfacet
  facet normal -0.207003 0.158817 -0.965363
    outer loop
      vertex 4.37641 47.6236 0.456722
      vertex 5.12121 46.5074 0.113382
      vertex 4.01152 47.148 0.456722
    endloop
  endfacet
  facet normal 0.126162 0.958204 -0.256763
    outer loop
      vertex 95.4347 51.3544 3.7039
      vertex 94 51.5433 3.7039
      vertex 95.5396 51.746 5.21684
    endloop
  endfacet
  facet normal -0.923879 -0.382685 0
    outer loop
      vertex 0.848301 3.02567 5.21684
      vertex 0.254026 4.46037 27.5
      vertex 0.254026 4.46037 5.21684
    endloop
  endfacet
  facet normal -0.923879 -0.382685 0
    outer loop
      vertex 0.254026 4.46037 27.5
      vertex 0.848301 3.02567 5.21684
      vertex 0.848301 3.02567 27.5
    endloop
  endfacet
  facet normal 0.892887 0.369923 -0.256728
    outer loop
      vertex 99.1517 48.9743 5.21684
      vertex 98.8679 48.684 3.8115
      vertex 98.8256 48.7861 3.8115
    endloop
  endfacet
  facet normal 0.89291 0.369873 -0.256722
    outer loop
      vertex 98.8679 48.684 3.8115
      vertex 99.1517 48.9743 5.21684
      vertex 99.746 47.5396 5.21684
    endloop
  endfacet
  facet normal -0.766748 0.588368 -0.256748
    outer loop
      vertex 1.46549 49.4479 4.45892
      vertex 1.79366 50.2063 5.21684
      vertex 1.93726 50.0627 4.45892
    endloop
  endfacet
  facet normal -0.766757 0.588361 -0.256737
    outer loop
      vertex 1.79366 50.2063 5.21684
      vertex 1.46549 49.4479 4.45892
      vertex 0.848301 48.9743 5.21684
    endloop
  endfacet
  facet normal 0.126155 0.958207 -0.256757
    outer loop
      vertex 95.5396 51.746 5.21684
      vertex 94 51.5433 3.7039
      vertex 94 51.9487 5.21684
    endloop
  endfacet
  facet normal -0.656106 0.271775 -0.704034
    outer loop
      vertex 2.65448 47.3862 1.23988
      vertex 2.60896 47.7319 1.41575
      vertex 2.83678 47.8263 1.23988
    endloop
  endfacet
  facet normal 0 1 -0
    outer loop
      vertex 94 51.9487 5.21684
      vertex 6 51.9487 27.5
      vertex 94 51.9487 27.5
    endloop
  endfacet
  facet normal 0 1 0
    outer loop
      vertex 6 51.9487 27.5
      vertex 94 51.9487 5.21684
      vertex 6 51.9487 5.21684
    endloop
  endfacet
  facet normal 1 0 0
    outer loop
      vertex 99.9487 46 27.5
      vertex 99.9487 36 11
      vertex 99.9487 46 5.21684
    endloop
  endfacet
  facet normal 1 0 0
    outer loop
      vertex 99.9487 46 27.5
      vertex 99.9487 26 11
      vertex 99.9487 36 11
    endloop
  endfacet
  facet normal 1 -0 0
    outer loop
      vertex 99.9487 6 27.5
      vertex 99.9487 26 11
      vertex 99.9487 46 27.5
    endloop
  endfacet
  facet normal 1 0 0
    outer loop
      vertex 99.9487 6 5.21684
      vertex 99.9487 26 11
      vertex 99.9487 6 27.5
    endloop
  endfacet
  facet normal 1 0 0
    outer loop
      vertex 99.9487 26 11
      vertex 99.9487 6 5.21684
      vertex 99.9487 26 5.21684
    endloop
  endfacet
  facet normal 1 0 0
    outer loop
      vertex 99.9487 46 5.21684
      vertex 99.9487 36 11
      vertex 99.9487 36 5.21684
    endloop
  endfacet
  facet normal 0.0994559 0.24078 -0.965471
    outer loop
      vertex 94.4057 47.021 0.138369
      vertex 94.5074 46.8788 0.113382
      vertex 94.4144 47 0.134028
    endloop
  endfacet
  facet normal 0.0998493 0.241042 -0.965365
    outer loop
      vertex 94.5074 46.8788 0.113382
      vertex 94.4057 47.021 0.138369
      vertex 95.148 47.9885 0.456722
    endloop
  endfacet
  facet normal -0.382699 0.923873 0
    outer loop
      vertex 4.46037 51.746 5.21684
      vertex 3.02567 51.1517 27.5
      vertex 4.46037 51.746 27.5
    endloop
  endfacet
  facet normal -0.382699 0.923873 0
    outer loop
      vertex 3.02567 51.1517 27.5
      vertex 4.46037 51.746 5.21684
      vertex 3.02567 51.1517 5.21684
    endloop
  endfacet
  facet normal -0.656081 -0.271767 -0.70406
    outer loop
      vertex 2.6 4.2 1.45038
      vertex 2.83678 4.17372 1.23988
      vertex 2.61994 4.04852 1.49027
    endloop
  endfacet
  facet normal -0.656078 -0.271783 -0.704056
    outer loop
      vertex 2.83678 4.17372 1.23988
      vertex 2.6 4.2 1.45038
      vertex 2.60896 4.26808 1.41575
    endloop
  endfacet
  facet normal -0.065651 0.498947 -0.864142
    outer loop
      vertex 5.40572 48.2179 0.456722
      vertex 5.58564 48.6 0.663674
      vertex 5.72644 48.2601 0.456722
    endloop
  endfacet
  facet normal -0.0657384 0.498976 -0.864119
    outer loop
      vertex 5.58564 48.6 0.663674
      vertex 5.40572 48.2179 0.456722
      vertex 5.57159 48.6183 0.67531
    endloop
  endfacet
  facet normal 0.113283 -0.860451 -0.496782
    outer loop
      vertex 94.6393 0.947286 3
      vertex 94 0.456722 3.7039
      vertex 94 0.863119 3
    endloop
  endfacet
  facet normal 0.178456 -0.430819 -0.884618
    outer loop
      vertex 95.3859 2.65452 1.2398
      vertex 95.8263 2.83678 1.23988
      vertex 95.3862 2.65448 1.23988
    endloop
  endfacet
  facet normal 0.192567 -0.464927 -0.864153
    outer loop
      vertex 95 2.81436 1.06781
      vertex 95.8263 2.83678 1.23988
      vertex 95.3859 2.65452 1.2398
    endloop
  endfacet
  facet normal 0.192566 -0.464948 -0.864142
    outer loop
      vertex 94.8157 2.95578 0.95065
      vertex 95.8263 2.83678 1.23988
      vertex 95 2.81436 1.06781
    endloop
  endfacet
  facet normal 0.192572 -0.464924 -0.864154
    outer loop
      vertex 95.8263 2.83678 1.23988
      vertex 94.8157 2.95578 0.95065
      vertex 94.5943 3.78214 0.456722
    endloop
  endfacet
  facet normal 0.271775 -0.656106 -0.704034
    outer loop
      vertex 95.7319 2.60896 1.41575
      vertex 95.3862 2.65448 1.23988
      vertex 95.8263 2.83678 1.23988
    endloop
  endfacet
  facet normal 0.20694 -0.158865 -0.965369
    outer loop
      vertex 95.6236 4.37641 0.456722
      vertex 94.6686 5.33137 0.0948529
      vertex 94.8085 5.43868 0.107183
    endloop
  endfacet
  facet normal -0.464901 0.192594 -0.864161
    outer loop
      vertex 3.78214 46.5943 0.456722
      vertex 2.83678 47.8263 1.23988
      vertex 4.01152 47.148 0.456722
    endloop
  endfacet
  facet normal 0.958204 0.126162 -0.256763
    outer loop
      vertex 99.5433 46 3.7039
      vertex 99.3544 47.4347 3.7039
      vertex 99.746 47.5396 5.21684
    endloop
  endfacet
  facet normal -0.991445 -0.130526 0
    outer loop
      vertex 0.254026 4.46037 5.21684
      vertex 0.0513306 6 27.5
      vertex 0.0513306 6 5.21684
    endloop
  endfacet
  facet normal -0.991445 -0.130526 0
    outer loop
      vertex 0.0513306 6 27.5
      vertex 0.254026 4.46037 5.21684
      vertex 0.254026 4.46037 27.5
    endloop
  endfacet
  facet normal -0.656077 -0.271757 -0.704068
    outer loop
      vertex 2.83678 4.17372 1.23988
      vertex 2.60896 4.26808 1.41575
      vertex 2.65448 4.61383 1.23988
    endloop
  endfacet
  facet normal -0.206985 -0.158827 -0.965366
    outer loop
      vertex 5.33137 5.33137 0.0948529
      vertex 4.37641 4.37641 0.456722
      vertex 5.19152 5.43868 0.107183
    endloop
  endfacet
  facet normal -0.766681 0.588536 -0.256566
    outer loop
      vertex 1.42872 49.4 4.45892
      vertex 0.848301 48.9743 5.21684
      vertex 1.46549 49.4479 4.45892
    endloop
  endfacet
  facet normal -0.766758 0.588368 -0.256719
    outer loop
      vertex 0.848301 48.9743 5.21684
      vertex 1.42872 49.4 4.45892
      vertex 1.17441 48.7861 3.8115
    endloop
  endfacet
  facet normal -0.991445 0.130528 0
    outer loop
      vertex 0.0513306 46 5.21684
      vertex 0.254026 47.5396 27.5
      vertex 0.254026 47.5396 5.21684
    endloop
  endfacet
  facet normal -0.991445 0.130528 0
    outer loop
      vertex 0.254026 47.5396 27.5
      vertex 0.0513306 46 5.21684
      vertex 0.0513306 46 27.5
    endloop
  endfacet
  facet normal 0.271732 -0.656097 -0.704058
    outer loop
      vertex 95.8 2.6 1.45038
      vertex 95.8263 2.83678 1.23988
      vertex 95.9515 2.61994 1.49027
    endloop
  endfacet
  facet normal 0.271705 -0.656101 -0.704065
    outer loop
      vertex 95.8263 2.83678 1.23988
      vertex 95.8 2.6 1.45038
      vertex 95.7319 2.60896 1.41575
    endloop
  endfacet
  facet normal 0.991444 0.130531 0
    outer loop
      vertex 99.9487 46 27.5
      vertex 99.746 47.5396 5.21684
      vertex 99.746 47.5396 27.5
    endloop
  endfacet
  facet normal 0.991444 0.130531 0
    outer loop
      vertex 99.746 47.5396 5.21684
      vertex 99.9487 46 27.5
      vertex 99.9487 46 5.21684
    endloop
  endfacet
  facet normal 0.65607 -0.271611 -0.704131
    outer loop
      vertex 97.1632 4.17372 1.23988
      vertex 97.4 4.2 1.45038
      vertex 97.3801 4.04852 1.49027
    endloop
  endfacet
  facet normal 0.65609 -0.271455 -0.704172
    outer loop
      vertex 97.4 4.2 1.45038
      vertex 97.1632 4.17372 1.23988
      vertex 97.391 4.26808 1.41575
    endloop
  endfacet
  facet normal 0.608783 0.793337 -0
    outer loop
      vertex 98.2063 50.2063 5.21684
      vertex 96.9743 51.1517 27.5
      vertex 98.2063 50.2063 27.5
    endloop
  endfacet
  facet normal 0.608783 0.793337 0
    outer loop
      vertex 96.9743 51.1517 27.5
      vertex 98.2063 50.2063 5.21684
      vertex 96.9743 51.1517 5.21684
    endloop
  endfacet
  facet normal 0.588392 0.76673 -0.256749
    outer loop
      vertex 97.4479 50.5345 4.45892
      vertex 98.2063 50.2063 5.21684
      vertex 98.0627 50.0627 4.45892
    endloop
  endfacet
  facet normal 0.588379 0.766747 -0.256729
    outer loop
      vertex 98.2063 50.2063 5.21684
      vertex 97.4479 50.5345 4.45892
      vertex 96.9743 51.1517 5.21684
    endloop
  endfacet
  facet normal 0.588893 0.766521 -0.256224
    outer loop
      vertex 97.4 50.5713 4.45892
      vertex 96.9743 51.1517 5.21684
      vertex 97.4479 50.5345 4.45892
    endloop
  endfacet
  facet normal 0.588356 0.766769 -0.256715
    outer loop
      vertex 96.9743 51.1517 5.21684
      vertex 97.4 50.5713 4.45892
      vertex 96.7861 50.8256 3.8115
    endloop
  endfacet
  facet normal 0.382699 0.923873 -0
    outer loop
      vertex 96.9743 51.1517 5.21684
      vertex 95.5396 51.746 27.5
      vertex 96.9743 51.1517 27.5
    endloop
  endfacet
  facet normal 0.382699 0.923873 0
    outer loop
      vertex 95.5396 51.746 27.5
      vertex 96.9743 51.1517 5.21684
      vertex 95.5396 51.746 5.21684
    endloop
  endfacet
  facet normal -0.306319 0.399249 -0.864158
    outer loop
      vertex 4.37641 47.6236 0.456722
      vertex 3.41724 48.5828 1.23988
      vertex 4.17372 49.1632 1.23988
    endloop
  endfacet
  facet normal 0.206931 0.158868 -0.965371
    outer loop
      vertex 94.8085 46.5613 0.107183
      vertex 94.6686 46.6686 0.0948529
      vertex 95.6236 47.6236 0.456722
    endloop
  endfacet
  facet normal -0.892916 0.369808 -0.256794
    outer loop
      vertex 1.10904 48.6282 3.8115
      vertex 0.254026 47.5396 5.21684
      vertex 1.13215 48.684 3.8115
    endloop
  endfacet
  facet normal -0.892912 0.369862 -0.25673
    outer loop
      vertex 0.645605 47.4347 3.7039
      vertex 1.10904 48.6282 3.8115
      vertex 1.09462 48.5187 3.7039
    endloop
  endfacet
  facet normal -0.892907 0.369862 -0.256747
    outer loop
      vertex 1.10904 48.6282 3.8115
      vertex 0.645605 47.4347 3.7039
      vertex 0.254026 47.5396 5.21684
    endloop
  endfacet
  facet normal -0.801814 0.332128 -0.496774
    outer loop
      vertex 1 47.8 3.37612
      vertex 0.645605 47.4347 3.7039
      vertex 1.09462 48.5187 3.7039
    endloop
  endfacet
  facet normal -0.801814 0.332127 -0.496775
    outer loop
      vertex 1.0562 47.3731 3
      vertex 0.645605 47.4347 3.7039
      vertex 1 47.8 3.37612
    endloop
  endfacet
  facet normal -0.801869 0.331967 -0.496793
    outer loop
      vertex 0.645605 47.4347 3.7039
      vertex 1.0562 47.3731 3
      vertex 1.03815 47.3295 3
    endloop
  endfacet
  facet normal -0.126153 0.958207 -0.256757
    outer loop
      vertex 6 51.5433 3.7039
      vertex 4.46037 51.746 5.21684
      vertex 6 51.9487 5.21684
    endloop
  endfacet
  facet normal 0.399249 -0.306319 -0.864158
    outer loop
      vertex 96.5828 3.41724 1.23988
      vertex 95.6236 4.37641 0.456722
      vertex 97.1632 4.17372 1.23988
    endloop
  endfacet
  facet normal 0.0340514 -0.258591 -0.965387
    outer loop
      vertex 94.2545 3.78589 0.443732
      vertex 94.5943 3.78214 0.456722
      vertex 94.2736 3.73991 0.456722
    endloop
  endfacet
  facet normal 0.0340497 -0.258672 -0.965365
    outer loop
      vertex 94.5943 3.78214 0.456722
      vertex 94.2545 3.78589 0.443732
      vertex 94.2 4.2 0.330848
    endloop
  endfacet
  facet normal 0.034055 -0.258667 -0.965366
    outer loop
      vertex 94.2545 4.61411 0.221811
      vertex 94.5943 3.78214 0.456722
      vertex 94.2 4.2 0.330848
    endloop
  endfacet
  facet normal 0.0340273 -0.258678 -0.965364
    outer loop
      vertex 94.5943 3.78214 0.456722
      vertex 94.2545 4.61411 0.221811
      vertex 94.3255 4.78537 0.178423
    endloop
  endfacet
  facet normal -0.130526 -0.991445 0
    outer loop
      vertex 4.46037 0.254026 5.21684
      vertex 6 0.0513306 27.5
      vertex 4.46037 0.254026 27.5
    endloop
  endfacet
  facet normal -0.130526 -0.991445 -0
    outer loop
      vertex 6 0.0513306 27.5
      vertex 4.46037 0.254026 5.21684
      vertex 6 0.0513306 5.21684
    endloop
  endfacet
  facet normal -0.206984 -0.158828 -0.965366
    outer loop
      vertex 4.37641 4.37641 0.456722
      vertex 5.12121 5.49263 0.113382
      vertex 5.19152 5.43868 0.107183
    endloop
  endfacet
  facet normal -0.206988 -0.158825 -0.965365
    outer loop
      vertex 5.12121 5.49263 0.113382
      vertex 4.37641 4.37641 0.456722
      vertex 4.01152 4.85195 0.456722
    endloop
  endfacet
  facet normal 0.369857 -0.892909 -0.25675
    outer loop
      vertex 96.684 1.13215 3.8115
      vertex 96.9743 0.848301 5.21684
      vertex 95.5396 0.254026 5.21684
    endloop
  endfacet
  facet normal 0.369625 -0.893012 -0.256723
    outer loop
      vertex 96.9743 0.848301 5.21684
      vertex 96.684 1.13215 3.8115
      vertex 96.7861 1.17441 3.8115
    endloop
  endfacet
  facet normal -0.766759 -0.588354 -0.256751
    outer loop
      vertex 1.42872 2.6 4.45892
      vertex 0.848301 3.02567 5.21684
      vertex 1.17441 3.21395 3.8115
    endloop
  endfacet
  facet normal -0.76676 -0.588351 -0.256754
    outer loop
      vertex 0.848301 3.02567 5.21684
      vertex 1.42872 2.6 4.45892
      vertex 1.46549 2.55208 4.45892
    endloop
  endfacet
  facet normal -0.958209 0.126153 -0.256752
    outer loop
      vertex 0.456722 46 3.7039
      vertex 0.0513306 46 5.21684
      vertex 0.254026 47.5396 5.21684
    endloop
  endfacet
  facet normal 0.130528 -0.991445 0
    outer loop
      vertex 94 0.0513306 5.21684
      vertex 95.5396 0.254026 27.5
      vertex 94 0.0513306 27.5
    endloop
  endfacet
  facet normal 0.130528 -0.991445 0
    outer loop
      vertex 95.5396 0.254026 27.5
      vertex 94 0.0513306 5.21684
      vertex 95.5396 0.254026 5.21684
    endloop
  endfacet
  facet normal 0.892942 0.369659 -0.256916
    outer loop
      vertex 99.746 47.5396 5.21684
      vertex 98.891 48.6282 3.8115
      vertex 98.8679 48.684 3.8115
    endloop
  endfacet
  facet normal 0.892913 0.369839 -0.256759
    outer loop
      vertex 99.3544 47.4347 3.7039
      vertex 98.891 48.6282 3.8115
      vertex 99.746 47.5396 5.21684
    endloop
  endfacet
  facet normal 0.892881 0.369837 -0.256874
    outer loop
      vertex 98.891 48.6282 3.8115
      vertex 99.3544 47.4347 3.7039
      vertex 98.9054 48.5187 3.7039
    endloop
  endfacet
  facet normal 0.15883 -0.206976 -0.965367
    outer loop
      vertex 95.6236 4.37641 0.456722
      vertex 94.5613 5.19152 0.107183
      vertex 94.6686 5.33137 0.0948529
    endloop
  endfacet
  facet normal 0.965928 0 -0.25881
    outer loop
      vertex 99.9487 26 5.21684
      vertex 99.9487 6 5.21684
      vertex 99.8906 26 5
    endloop
  endfacet
  facet normal 0.965928 0 -0.25881
    outer loop
      vertex 99.8906 36 5
      vertex 99.9487 46 5.21684
      vertex 99.9487 36 5.21684
    endloop
  endfacet
  facet normal 0.965924 3.2701e-07 -0.258824
    outer loop
      vertex 99.9487 46 5.21684
      vertex 99.8906 36 5
      vertex 99.5433 46 3.7039
    endloop
  endfacet
  facet normal 0.965924 0 -0.258827
    outer loop
      vertex 99.8906 26 5
      vertex 99.5433 46 3.7039
      vertex 99.8906 36 5
    endloop
  endfacet
  facet normal 0.965924 -1.63505e-07 -0.258824
    outer loop
      vertex 99.5433 6 3.7039
      vertex 99.8906 26 5
      vertex 99.9487 6 5.21684
    endloop
  endfacet
  facet normal 0.965924 0 -0.258827
    outer loop
      vertex 99.8906 26 5
      vertex 99.5433 6 3.7039
      vertex 99.5433 46 3.7039
    endloop
  endfacet
  facet normal -0.958209 -0.12615 -0.256752
    outer loop
      vertex 0.254026 4.46037 5.21684
      vertex 0.0513306 6 5.21684
      vertex 0.456722 6 3.7039
    endloop
  endfacet
  facet normal -1 0 0
    outer loop
      vertex 0.0513306 6 5.21684
      vertex 0.0513306 46 27.5
      vertex 0.0513306 46 5.21684
    endloop
  endfacet
  facet normal -1 -0 0
    outer loop
      vertex 0.0513306 46 27.5
      vertex 0.0513306 6 5.21684
      vertex 0.0513306 6 27.5
    endloop
  endfacet
  facet normal -0.113289 0.860435 -0.496806
    outer loop
      vertex 5.36068 51.0527 3
      vertex 4.56529 51.3544 3.7039
      vertex 6 51.5433 3.7039
    endloop
  endfacet
  facet normal -0.113318 0.860417 -0.496831
    outer loop
      vertex 4.56529 51.3544 3.7039
      vertex 5.36068 51.0527 3
      vertex 4.67048 50.9618 3
    endloop
  endfacet
  facet normal 0.0340896 0.258645 -0.965371
    outer loop
      vertex 94.2545 47.3859 0.221811
      vertex 94.5943 48.2179 0.456722
      vertex 94.3255 47.2146 0.178423
    endloop
  endfacet
  facet normal 0.0340261 0.25867 -0.965366
    outer loop
      vertex 94.5943 48.2179 0.456722
      vertex 94.2545 47.3859 0.221811
      vertex 94.2 47.8 0.330848
    endloop
  endfacet
  facet normal 0.0340114 0.258683 -0.965363
    outer loop
      vertex 94.2545 48.2141 0.443732
      vertex 94.5943 48.2179 0.456722
      vertex 94.2 47.8 0.330848
    endloop
  endfacet
  facet normal 0.0340153 0.2585 -0.965412
    outer loop
      vertex 94.5943 48.2179 0.456722
      vertex 94.2545 48.2141 0.443732
      vertex 94.2736 48.2601 0.456722
    endloop
  endfacet
  facet normal 0 0.965924 -0.258824
    outer loop
      vertex 94 51.5433 3.7039
      vertex 6 51.9487 5.21684
      vertex 94 51.9487 5.21684
    endloop
  endfacet
  facet normal 0 0.965924 -0.258824
    outer loop
      vertex 6 51.9487 5.21684
      vertex 94 51.5433 3.7039
      vertex 6 51.5433 3.7039
    endloop
  endfacet
  facet normal -0.588342 0.766769 -0.256747
    outer loop
      vertex 3.02567 51.1517 5.21684
      vertex 3.21395 50.8256 3.8115
      vertex 2.6 50.5713 4.45892
    endloop
  endfacet
  facet normal -0.588708 0.7666 -0.256412
    outer loop
      vertex 3.02567 51.1517 5.21684
      vertex 2.6 50.5713 4.45892
      vertex 2.55208 50.5345 4.45892
    endloop
  endfacet
  facet normal -0.498918 -0.0657004 -0.864155
    outer loop
      vertex 3.78214 5.40572 0.456722
      vertex 3.06863 5.33137 0.874318
      vertex 3.38169 5.57159 0.67531
    endloop
  endfacet
  facet normal -0.49892 -0.0656801 -0.864156
    outer loop
      vertex 3.06863 5.33137 0.874318
      vertex 3.78214 5.40572 0.456722
      vertex 2.95578 5.1843 0.95065
    endloop
  endfacet
  facet normal -0.893012 0.369625 -0.256723
    outer loop
      vertex 1.13215 48.684 3.8115
      vertex 0.848301 48.9743 5.21684
      vertex 1.17441 48.7861 3.8115
    endloop
  endfacet
  facet normal -0.892909 0.369857 -0.25675
    outer loop
      vertex 0.848301 48.9743 5.21684
      vertex 1.13215 48.684 3.8115
      vertex 0.254026 47.5396 5.21684
    endloop
  endfacet
  facet normal -0.306353 0.399241 -0.86415
    outer loop
      vertex 4.37641 47.6236 0.456722
      vertex 4.17372 49.1632 1.23988
      vertex 4.85195 47.9885 0.456722
    endloop
  endfacet
  facet normal -0.126161 0.958204 -0.256765
    outer loop
      vertex 4.56529 51.3544 3.7039
      vertex 4.46037 51.746 5.21684
      vertex 6 51.5433 3.7039
    endloop
  endfacet
  facet normal 0.369873 0.89291 -0.256722
    outer loop
      vertex 96.9743 51.1517 5.21684
      vertex 96.684 50.8679 3.8115
      vertex 95.5396 51.746 5.21684
    endloop
  endfacet
  facet normal 0.369923 0.892887 -0.256728
    outer loop
      vertex 96.684 50.8679 3.8115
      vertex 96.9743 51.1517 5.21684
      vertex 96.7861 50.8256 3.8115
    endloop
  endfacet
  facet normal 0.271576 0.656087 -0.704128
    outer loop
      vertex 95.8263 49.1632 1.23988
      vertex 95.8 49.4 1.45038
      vertex 95.9515 49.3801 1.49027
    endloop
  endfacet
  facet normal 0.271377 0.656112 -0.704181
    outer loop
      vertex 95.8 49.4 1.45038
      vertex 95.8263 49.1632 1.23988
      vertex 95.7319 49.391 1.41575
    endloop
  endfacet
  facet normal 0.498939 0.0655887 -0.864152
    outer loop
      vertex 96.2179 46.5943 0.456722
      vertex 96.9314 46.6686 0.874318
      vertex 96.6183 46.4284 0.675311
    endloop
  endfacet
  facet normal 0.498911 0.0658396 -0.864149
    outer loop
      vertex 96.9314 46.6686 0.874318
      vertex 96.2179 46.5943 0.456722
      vertex 97.0442 46.8157 0.95065
    endloop
  endfacet
  facet normal -0.240925 -0.0996734 -0.965412
    outer loop
      vertex 5.12121 5.49263 0.113382
      vertex 4.97901 5.59433 0.138369
      vertex 5 5.58564 0.134028
    endloop
  endfacet
  facet normal -0.24104 -0.0998455 -0.965366
    outer loop
      vertex 4.97901 5.59433 0.138369
      vertex 5.12121 5.49263 0.113382
      vertex 4.01152 4.85195 0.456722
    endloop
  endfacet
  facet normal -0.498922 -0.0656943 -0.864153
    outer loop
      vertex 3.78214 5.40572 0.456722
      vertex 3.4 5.58564 0.663674
      vertex 3.73991 5.72644 0.456722
    endloop
  endfacet
  facet normal -0.49888 -0.0655657 -0.864188
    outer loop
      vertex 3.4 5.58564 0.663674
      vertex 3.78214 5.40572 0.456722
      vertex 3.38169 5.57159 0.67531
    endloop
  endfacet
  facet normal -0.464919 -0.192577 -0.864156
    outer loop
      vertex 2.83678 4.17372 1.23988
      vertex 2.95578 5.1843 0.95065
      vertex 3.78214 5.40572 0.456722
    endloop
  endfacet
  facet normal -0.464943 -0.192571 -0.864144
    outer loop
      vertex 2.83678 4.17372 1.23988
      vertex 2.81436 5 1.06781
      vertex 2.95578 5.1843 0.95065
    endloop
  endfacet
  facet normal -0.464927 -0.192572 -0.864152
    outer loop
      vertex 2.83678 4.17372 1.23988
      vertex 2.65452 4.61411 1.2398
      vertex 2.81436 5 1.06781
    endloop
  endfacet
  facet normal -0.448421 -0.185743 -0.87431
    outer loop
      vertex 2.65452 4.61411 1.2398
      vertex 2.83678 4.17372 1.23988
      vertex 2.65448 4.61383 1.23988
    endloop
  endfacet
  facet normal -0.892916 -0.369839 -0.25675
    outer loop
      vertex 0.848301 3.02567 5.21684
      vertex 1.13215 3.31598 3.8115
      vertex 1.17441 3.21395 3.8115
    endloop
  endfacet
  facet normal -0.892908 -0.369856 -0.256752
    outer loop
      vertex 1.13215 3.31598 3.8115
      vertex 0.848301 3.02567 5.21684
      vertex 0.254026 4.46037 5.21684
    endloop
  endfacet
  facet normal -0.0655657 -0.49888 -0.864188
    outer loop
      vertex 5.40572 3.78214 0.456722
      vertex 5.58564 3.4 0.663674
      vertex 5.57159 3.38169 0.67531
    endloop
  endfacet
  facet normal -0.0656943 -0.498922 -0.864153
    outer loop
      vertex 5.58564 3.4 0.663674
      vertex 5.40572 3.78214 0.456722
      vertex 5.72644 3.73991 0.456722
    endloop
  endfacet
  facet normal 0.065748 -0.498937 -0.864141
    outer loop
      vertex 94.4144 3.4 0.663674
      vertex 94.5943 3.78214 0.456722
      vertex 94.4284 3.38169 0.675311
    endloop
  endfacet
  facet normal 0.0656982 -0.498921 -0.864154
    outer loop
      vertex 94.5943 3.78214 0.456722
      vertex 94.4144 3.4 0.663674
      vertex 94.2736 3.73991 0.456722
    endloop
  endfacet
  facet normal -0.382685 -0.923879 0
    outer loop
      vertex 3.02567 0.848301 5.21684
      vertex 4.46037 0.254026 27.5
      vertex 3.02567 0.848301 27.5
    endloop
  endfacet
  facet normal -0.382685 -0.923879 -0
    outer loop
      vertex 4.46037 0.254026 27.5
      vertex 3.02567 0.848301 5.21684
      vertex 4.46037 0.254026 5.21684
    endloop
  endfacet
  facet normal -0.43231 -0.563387 -0.704062
    outer loop
      vertex 3.78589 2.65452 1.62386
      vertex 4.17372 2.83678 1.23988
      vertex 4.04852 2.61994 1.49027
    endloop
  endfacet
  facet normal -0.432312 -0.563384 -0.704063
    outer loop
      vertex 4.17372 2.83678 1.23988
      vertex 3.78589 2.65452 1.62386
      vertex 3.54553 2.75408 1.69178
    endloop
  endfacet
  facet normal -0.923879 0.382685 0
    outer loop
      vertex 0.254026 47.5396 5.21684
      vertex 0.848301 48.9743 27.5
      vertex 0.848301 48.9743 5.21684
    endloop
  endfacet
  facet normal -0.923879 0.382685 0
    outer loop
      vertex 0.848301 48.9743 27.5
      vertex 0.254026 47.5396 5.21684
      vertex 0.254026 47.5396 27.5
    endloop
  endfacet
  facet normal -0.860451 -0.113279 -0.496782
    outer loop
      vertex 0.947286 5.36068 3
      vertex 0.456722 6 3.7039
      vertex 0.863119 6 3
    endloop
  endfacet
  facet normal -0.306342 -0.399237 -0.864155
    outer loop
      vertex 4.17372 2.83678 1.23988
      vertex 3.41724 3.41724 1.23988
      vertex 4.37641 4.37641 0.456722
    endloop
  endfacet
  facet normal -0.369808 -0.892915 -0.256796
    outer loop
      vertex 4.46037 0.254026 5.21684
      vertex 3.31598 1.13215 3.8115
      vertex 3.37178 1.10904 3.8115
    endloop
  endfacet
  facet normal -0.36986 -0.892924 -0.256692
    outer loop
      vertex 4.56529 0.645605 3.7039
      vertex 3.37178 1.10904 3.8115
      vertex 3.48127 1.09462 3.7039
    endloop
  endfacet
  facet normal -0.369859 -0.892907 -0.256751
    outer loop
      vertex 3.37178 1.10904 3.8115
      vertex 4.56529 0.645605 3.7039
      vertex 4.46037 0.254026 5.21684
    endloop
  endfacet
  facet normal -0.860453 -0.113278 -0.496778
    outer loop
      vertex 0.645605 4.56529 3.7039
      vertex 0.947286 5.36068 3
      vertex 1.03815 4.67048 3
    endloop
  endfacet
  facet normal -0.860451 -0.11328 -0.496781
    outer loop
      vertex 0.947286 5.36068 3
      vertex 0.645605 4.56529 3.7039
      vertex 0.456722 6 3.7039
    endloop
  endfacet
  facet normal 0.382685 -0.923879 0
    outer loop
      vertex 95.5396 0.254026 5.21684
      vertex 96.9743 0.848301 27.5
      vertex 95.5396 0.254026 27.5
    endloop
  endfacet
  facet normal 0.382685 -0.923879 0
    outer loop
      vertex 96.9743 0.848301 27.5
      vertex 95.5396 0.254026 5.21684
      vertex 96.9743 0.848301 5.21684
    endloop
  endfacet
  facet normal 0.464904 0.192611 -0.864156
    outer loop
      vertex 96.2179 46.5943 0.456722
      vertex 95.9885 47.148 0.456722
      vertex 97.1632 47.8263 1.23988
    endloop
  endfacet
  facet normal 0.158817 -0.207003 -0.965363
    outer loop
      vertex 94.5074 5.12121 0.113382
      vertex 95.6236 4.37641 0.456722
      vertex 95.148 4.01152 0.456722
    endloop
  endfacet
  facet normal 0.158881 -0.206912 -0.965373
    outer loop
      vertex 95.6236 4.37641 0.456722
      vertex 94.5074 5.12121 0.113382
      vertex 94.5613 5.19152 0.107183
    endloop
  endfacet
  facet normal 0 0 -1
    outer loop
      vertex 10.4063 25.2882 0.0513306
      vertex 10.4063 26.7118 0.0513306
      vertex 10.5 26 0.0513306
    endloop
  endfacet
  facet normal 0 0 -1
    outer loop
      vertex 10.1316 24.625 0.0513306
      vertex 10.4063 26.7118 0.0513306
      vertex 10.4063 25.2882 0.0513306
    endloop
  endfacet
  facet normal 0 0 -1
    outer loop
      vertex 10.1316 24.625 0.0513306
      vertex 10.1316 27.375 0.0513306
      vertex 10.4063 26.7118 0.0513306
    endloop
  endfacet
  facet normal 0 0 -1
    outer loop
      vertex 9.69454 24.0555 0.0513306
      vertex 10.1316 27.375 0.0513306
      vertex 10.1316 24.625 0.0513306
    endloop
  endfacet
  facet normal 0 0 -1
    outer loop
      vertex 9.69454 24.0555 0.0513306
      vertex 9.69454 27.9445 0.0513306
      vertex 10.1316 27.375 0.0513306
    endloop
  endfacet
  facet normal 0 0 -1
    outer loop
      vertex 9.125 23.6184 0.0513306
      vertex 9.69454 27.9445 0.0513306
      vertex 9.69454 24.0555 0.0513306
    endloop
  endfacet
  facet normal 0 0 -1
    outer loop
      vertex 9.125 23.6184 0.0513306
      vertex 9.125 28.3816 0.0513306
      vertex 9.69454 27.9445 0.0513306
    endloop
  endfacet
  facet normal 0 0 -1
    outer loop
      vertex 8.46175 23.3437 0.0513306
      vertex 9.125 28.3816 0.0513306
      vertex 9.125 23.6184 0.0513306
    endloop
  endfacet
  facet normal 0 0 -1
    outer loop
      vertex 8.46175 23.3437 0.0513306
      vertex 8.46175 28.6563 0.0513306
      vertex 9.125 28.3816 0.0513306
    endloop
  endfacet
  facet normal 0 0 -1
    outer loop
      vertex 7.75 23.25 0.0513306
      vertex 8.46175 28.6563 0.0513306
      vertex 8.46175 23.3437 0.0513306
    endloop
  endfacet
  facet normal 0 0 -1
    outer loop
      vertex 7.75 23.25 0.0513306
      vertex 7.75 28.75 0.0513306
      vertex 8.46175 28.6563 0.0513306
    endloop
  endfacet
  facet normal 0 0 -1
    outer loop
      vertex 5.21684 24.991 0.0513306
      vertex 7.75 23.25 0.0513306
      vertex 7.03825 23.3437 0.0513306
    endloop
  endfacet
  facet normal 0 0 -1
    outer loop
      vertex 7.75 23.25 0.0513306
      vertex 5.21684 24.991 0.0513306
      vertex 7.75 28.75 0.0513306
    endloop
  endfacet
  facet normal 0 0 -1
    outer loop
      vertex 5.21684 24.991 0.0513306
      vertex 7.03825 23.3437 0.0513306
      vertex 6.375 23.6184 0.0513306
    endloop
  endfacet
  facet normal 0 0 -1
    outer loop
      vertex 5.21684 27.009 0.0513306
      vertex 7.75 28.75 0.0513306
      vertex 5.21684 24.991 0.0513306
    endloop
  endfacet
  facet normal 0 0 -1
    outer loop
      vertex 5.21684 24.991 0.0513306
      vertex 6.375 23.6184 0.0513306
      vertex 5.80546 24.0555 0.0513306
    endloop
  endfacet
  facet normal 0 0 -1
    outer loop
      vertex 7.75 28.75 0.0513306
      vertex 5.21684 27.009 0.0513306
      vertex 7.03825 28.6563 0.0513306
    endloop
  endfacet
  facet normal 0 0 -1
    outer loop
      vertex 5.21684 24.991 0.0513306
      vertex 5.80546 24.0555 0.0513306
      vertex 5.36843 24.625 0.0513306
    endloop
  endfacet
  facet normal 0 0 -1
    outer loop
      vertex 7.03825 28.6563 0.0513306
      vertex 5.21684 27.009 0.0513306
      vertex 6.375 28.3816 0.0513306
    endloop
  endfacet
  facet normal 0 0 -1
    outer loop
      vertex 6.375 28.3816 0.0513306
      vertex 5.21684 27.009 0.0513306
      vertex 5.80546 27.9445 0.0513306
    endloop
  endfacet
  facet normal 0 0 -1
    outer loop
      vertex 5.80546 27.9445 0.0513306
      vertex 5.21684 27.009 0.0513306
      vertex 5.36843 27.375 0.0513306
    endloop
  endfacet
  facet normal 0 0 -1
    outer loop
      vertex 80.8296 24.7059 0.0513306
      vertex 80.8296 27.2941 0.0513306
      vertex 81 26 0.0513306
    endloop
  endfacet
  facet normal 0 0 -1
    outer loop
      vertex 80.3301 23.5 0.0513306
      vertex 80.8296 27.2941 0.0513306
      vertex 80.8296 24.7059 0.0513306
    endloop
  endfacet
  facet normal 0 0 -1
    outer loop
      vertex 80.3301 23.5 0.0513306
      vertex 80.3301 28.5 0.0513306
      vertex 80.8296 27.2941 0.0513306
    endloop
  endfacet
  facet normal 0 0 -1
    outer loop
      vertex 79.5355 22.4645 0.0513306
      vertex 80.3301 28.5 0.0513306
      vertex 80.3301 23.5 0.0513306
    endloop
  endfacet
  facet normal 0 0 -1
    outer loop
      vertex 79.5355 22.4645 0.0513306
      vertex 79.5355 29.5355 0.0513306
      vertex 80.3301 28.5 0.0513306
    endloop
  endfacet
  facet normal 0 0 -1
    outer loop
      vertex 78.5 21.6699 0.0513306
      vertex 79.5355 29.5355 0.0513306
      vertex 79.5355 22.4645 0.0513306
    endloop
  endfacet
  facet normal 0 0 -1
    outer loop
      vertex 78.5 21.6699 0.0513306
      vertex 78.5 30.3301 0.0513306
      vertex 79.5355 29.5355 0.0513306
    endloop
  endfacet
  facet normal 0 0 -1
    outer loop
      vertex 77.2941 21.1704 0.0513306
      vertex 78.5 30.3301 0.0513306
      vertex 78.5 21.6699 0.0513306
    endloop
  endfacet
  facet normal 0 0 -1
    outer loop
      vertex 77.2941 21.1704 0.0513306
      vertex 77.2941 30.8296 0.0513306
      vertex 78.5 30.3301 0.0513306
    endloop
  endfacet
  facet normal 0 0 -1
    outer loop
      vertex 76 21 0.0513306
      vertex 77.2941 30.8296 0.0513306
      vertex 77.2941 21.1704 0.0513306
    endloop
  endfacet
  facet normal 0 0 -1
    outer loop
      vertex 76 21 0.0513306
      vertex 76 31 0.0513306
      vertex 77.2941 30.8296 0.0513306
    endloop
  endfacet
  facet normal 0 0 -1
    outer loop
      vertex 24 21 0.0513306
      vertex 76 31 0.0513306
      vertex 76 21 0.0513306
    endloop
  endfacet
  facet normal 0 0 -1
    outer loop
      vertex 24 21 0.0513306
      vertex 24 31 0.0513306
      vertex 76 31 0.0513306
    endloop
  endfacet
  facet normal 0 0 -1
    outer loop
      vertex 22.7059 21.1704 0.0513306
      vertex 24 31 0.0513306
      vertex 24 21 0.0513306
    endloop
  endfacet
  facet normal 0 0 -1
    outer loop
      vertex 22.7059 21.1704 0.0513306
      vertex 22.7059 30.8296 0.0513306
      vertex 24 31 0.0513306
    endloop
  endfacet
  facet normal 0 0 -1
    outer loop
      vertex 21.5 21.6699 0.0513306
      vertex 22.7059 30.8296 0.0513306
      vertex 22.7059 21.1704 0.0513306
    endloop
  endfacet
  facet normal 0 0 -1
    outer loop
      vertex 21.5 21.6699 0.0513306
      vertex 21.5 30.3301 0.0513306
      vertex 22.7059 30.8296 0.0513306
    endloop
  endfacet
  facet normal 0 0 -1
    outer loop
      vertex 20.4645 22.4645 0.0513306
      vertex 21.5 30.3301 0.0513306
      vertex 21.5 21.6699 0.0513306
    endloop
  endfacet
  facet normal 0 0 -1
    outer loop
      vertex 20.4645 22.4645 0.0513306
      vertex 20.4645 29.5355 0.0513306
      vertex 21.5 30.3301 0.0513306
    endloop
  endfacet
  facet normal 0 0 -1
    outer loop
      vertex 19.6699 23.5 0.0513306
      vertex 20.4645 29.5355 0.0513306
      vertex 20.4645 22.4645 0.0513306
    endloop
  endfacet
  facet normal 0 0 -1
    outer loop
      vertex 19.6699 23.5 0.0513306
      vertex 19.6699 28.5 0.0513306
      vertex 20.4645 29.5355 0.0513306
    endloop
  endfacet
  facet normal 0 0 -1
    outer loop
      vertex 19.1704 24.7059 0.0513306
      vertex 19.6699 28.5 0.0513306
      vertex 19.6699 23.5 0.0513306
    endloop
  endfacet
  facet normal 0 0 -1
    outer loop
      vertex 19.1704 24.7059 0.0513306
      vertex 19.1704 27.2941 0.0513306
      vertex 19.6699 28.5 0.0513306
    endloop
  endfacet
  facet normal 0 -0 -1
    outer loop
      vertex 19.1704 27.2941 0.0513306
      vertex 19.1704 24.7059 0.0513306
      vertex 19 26 0.0513306
    endloop
  endfacet
  facet normal 0.958207 0.126155 -0.256757
    outer loop
      vertex 99.9487 46 5.21684
      vertex 99.5433 46 3.7039
      vertex 99.746 47.5396 5.21684
    endloop
  endfacet
  facet normal -0.958209 -0.126151 -0.256752
    outer loop
      vertex 0.645605 4.56529 3.7039
      vertex 0.254026 4.46037 5.21684
      vertex 0.456722 6 3.7039
    endloop
  endfacet
  facet normal -0.60878 0.793339 0
    outer loop
      vertex 3.02567 51.1517 5.21684
      vertex 1.79366 50.2063 27.5
      vertex 3.02567 51.1517 27.5
    endloop
  endfacet
  facet normal -0.60878 0.793339 0
    outer loop
      vertex 1.79366 50.2063 27.5
      vertex 3.02567 51.1517 5.21684
      vertex 1.79366 50.2063 5.21684
    endloop
  endfacet
  facet normal -0.588374 0.766747 -0.25674
    outer loop
      vertex 2.55208 50.5345 4.45892
      vertex 1.79366 50.2063 5.21684
      vertex 3.02567 51.1517 5.21684
    endloop
  endfacet
  facet normal -0.58838 0.766739 -0.256749
    outer loop
      vertex 1.79366 50.2063 5.21684
      vertex 2.55208 50.5345 4.45892
      vertex 1.93726 50.0627 4.45892
    endloop
  endfacet
  facet normal 0.766521 0.588893 -0.256224
    outer loop
      vertex 99.1517 48.9743 5.21684
      vertex 98.5713 49.4 4.45892
      vertex 98.5345 49.4479 4.45892
    endloop
  endfacet
  facet normal 0.766769 0.588356 -0.256715
    outer loop
      vertex 98.5713 49.4 4.45892
      vertex 99.1517 48.9743 5.21684
      vertex 98.8256 48.7861 3.8115
    endloop
  endfacet
  facet normal 0.130531 0.991444 -0
    outer loop
      vertex 95.5396 51.746 5.21684
      vertex 94 51.9487 27.5
      vertex 95.5396 51.746 27.5
    endloop
  endfacet
  facet normal 0.130531 0.991444 0
    outer loop
      vertex 94 51.9487 27.5
      vertex 95.5396 51.746 5.21684
      vertex 94 51.9487 5.21684
    endloop
  endfacet
  facet normal -0.130529 0.991445 0
    outer loop
      vertex 6 51.9487 5.21684
      vertex 4.46037 51.746 27.5
      vertex 6 51.9487 27.5
    endloop
  endfacet
  facet normal -0.130529 0.991445 0
    outer loop
      vertex 4.46037 51.746 27.5
      vertex 6 51.9487 5.21684
      vertex 4.46037 51.746 5.21684
    endloop
  endfacet
  facet normal 0.0659211 0.499033 -0.864072
    outer loop
      vertex 94.5943 48.2179 0.456722
      vertex 94.4144 48.6 0.663674
      vertex 94.4284 48.6183 0.675311
    endloop
  endfacet
  facet normal 0.0656549 0.498946 -0.864142
    outer loop
      vertex 94.4144 48.6 0.663674
      vertex 94.5943 48.2179 0.456722
      vertex 94.2736 48.2601 0.456722
    endloop
  endfacet
  facet normal 0.206985 -0.158827 -0.965366
    outer loop
      vertex 95.6236 4.37641 0.456722
      vertex 94.8788 5.49263 0.113382
      vertex 95.9885 4.85195 0.456722
    endloop
  endfacet
  facet normal 0.207003 -0.158815 -0.965364
    outer loop
      vertex 94.8788 5.49263 0.113382
      vertex 95.6236 4.37641 0.456722
      vertex 94.8085 5.43868 0.107183
    endloop
  endfacet
  facet normal 0.113326 0.860445 -0.496782
    outer loop
      vertex 94.6393 51.0527 3
      vertex 94 51.1369 3
      vertex 94 51.5433 3.7039
    endloop
  endfacet
  facet normal 0.0998105 0.241071 -0.965361
    outer loop
      vertex 94.3255 47.2146 0.178423
      vertex 95.148 47.9885 0.456722
      vertex 94.4057 47.021 0.138369
    endloop
  endfacet
  facet normal 0.0998572 0.241024 -0.965368
    outer loop
      vertex 95.148 47.9885 0.456722
      vertex 94.3255 47.2146 0.178423
      vertex 94.5943 48.2179 0.456722
    endloop
  endfacet
  facet normal 0.432222 0.563487 -0.704036
    outer loop
      vertex 96.5828 48.5828 1.23988
      vertex 96.6 49.1856 1.7329
      vertex 96.9314 48.9314 1.7329
    endloop
  endfacet
  facet normal 0.432444 0.563415 -0.703957
    outer loop
      vertex 96.5828 48.5828 1.23988
      vertex 96.4545 49.2459 1.69178
      vertex 96.6 49.1856 1.7329
    endloop
  endfacet
  facet normal 0.43228 0.563439 -0.704038
    outer loop
      vertex 96.4545 49.2459 1.69178
      vertex 96.5828 48.5828 1.23988
      vertex 95.8263 49.1632 1.23988
    endloop
  endfacet
  facet normal 0.192611 0.464904 -0.864156
    outer loop
      vertex 95.148 47.9885 0.456722
      vertex 94.5943 48.2179 0.456722
      vertex 95.8263 49.1632 1.23988
    endloop
  endfacet
  facet normal 0.76673 0.588392 -0.256749
    outer loop
      vertex 98.2063 50.2063 5.21684
      vertex 98.5345 49.4479 4.45892
      vertex 98.0627 50.0627 4.45892
    endloop
  endfacet
  facet normal 0.766747 0.588379 -0.256729
    outer loop
      vertex 98.5345 49.4479 4.45892
      vertex 98.2063 50.2063 5.21684
      vertex 99.1517 48.9743 5.21684
    endloop
  endfacet
  facet normal -0.158827 -0.206985 -0.965366
    outer loop
      vertex 5.43868 5.19152 0.107183
      vertex 4.37641 4.37641 0.456722
      vertex 5.33137 5.33137 0.0948529
    endloop
  endfacet
  facet normal 0.0656616 -0.498926 -0.864154
    outer loop
      vertex 94.6686 3.06863 0.874318
      vertex 94.5943 3.78214 0.456722
      vertex 94.8157 2.95578 0.95065
    endloop
  endfacet
  facet normal 0.0656955 -0.498922 -0.864153
    outer loop
      vertex 94.5943 3.78214 0.456722
      vertex 94.6686 3.06863 0.874318
      vertex 94.4284 3.38169 0.675311
    endloop
  endfacet
  facet normal -0.432305 -0.563398 -0.704056
    outer loop
      vertex 3.54553 2.75408 1.69178
      vertex 3.41724 3.41724 1.23988
      vertex 4.17372 2.83678 1.23988
    endloop
  endfacet
  facet normal -0.4323 -0.563399 -0.704058
    outer loop
      vertex 3.4 2.81436 1.7329
      vertex 3.41724 3.41724 1.23988
      vertex 3.54553 2.75408 1.69178
    endloop
  endfacet
  facet normal -0.43231 -0.563396 -0.704055
    outer loop
      vertex 3.41724 3.41724 1.23988
      vertex 3.4 2.81436 1.7329
      vertex 3.06863 3.06863 1.7329
    endloop
  endfacet
  facet normal -0.563384 -0.432312 -0.704063
    outer loop
      vertex 2.65452 3.78589 1.62386
      vertex 2.83678 4.17372 1.23988
      vertex 2.75408 3.54553 1.69178
    endloop
  endfacet
  facet normal -0.563387 -0.43231 -0.704062
    outer loop
      vertex 2.83678 4.17372 1.23988
      vertex 2.65452 3.78589 1.62386
      vertex 2.61994 4.04852 1.49027
    endloop
  endfacet
  facet normal -0.588356 -0.766758 -0.256748
    outer loop
      vertex 2.55208 1.46549 4.45892
      vertex 1.79366 1.79366 5.21684
      vertex 1.93726 1.93726 4.45892
    endloop
  endfacet
  facet normal -0.588356 -0.766757 -0.256748
    outer loop
      vertex 1.79366 1.79366 5.21684
      vertex 2.55208 1.46549 4.45892
      vertex 3.02567 0.848301 5.21684
    endloop
  endfacet
  facet normal -0.464919 -0.192577 -0.864155
    outer loop
      vertex 4.01152 4.85195 0.456722
      vertex 2.83678 4.17372 1.23988
      vertex 3.78214 5.40572 0.456722
    endloop
  endfacet
  facet normal -0.399237 -0.306342 -0.864155
    outer loop
      vertex 4.37641 4.37641 0.456722
      vertex 2.83678 4.17372 1.23988
      vertex 4.01152 4.85195 0.456722
    endloop
  endfacet
  facet normal -0.892924 -0.36986 -0.256692
    outer loop
      vertex 1.10904 3.37178 3.8115
      vertex 0.645605 4.56529 3.7039
      vertex 1.09462 3.48127 3.7039
    endloop
  endfacet
  facet normal -0.892907 -0.369859 -0.256751
    outer loop
      vertex 0.645605 4.56529 3.7039
      vertex 1.10904 3.37178 3.8115
      vertex 0.254026 4.46037 5.21684
    endloop
  endfacet
  facet normal -0.892915 -0.369808 -0.256796
    outer loop
      vertex 0.254026 4.46037 5.21684
      vertex 1.10904 3.37178 3.8115
      vertex 1.13215 3.31598 3.8115
    endloop
  endfacet
  facet normal -0.801822 -0.332099 -0.496782
    outer loop
      vertex 1.0562 4.6269 3
      vertex 0.645605 4.56529 3.7039
      vertex 1.03815 4.67048 3
    endloop
  endfacet
  facet normal -0.801811 -0.33213 -0.496778
    outer loop
      vertex 1 4.2 3.37612
      vertex 0.645605 4.56529 3.7039
      vertex 1.0562 4.6269 3
    endloop
  endfacet
  facet normal -0.801809 -0.33212 -0.496788
    outer loop
      vertex 0.645605 4.56529 3.7039
      vertex 1 4.2 3.37612
      vertex 1.09462 3.48127 3.7039
    endloop
  endfacet
  facet normal -0.965926 0 -0.258819
    outer loop
      vertex 0.456722 6 3.7039
      vertex 0.0513306 46 5.21684
      vertex 0.456722 46 3.7039
    endloop
  endfacet
  facet normal -0.965926 -0 -0.258819
    outer loop
      vertex 0.0513306 46 5.21684
      vertex 0.456722 6 3.7039
      vertex 0.0513306 6 5.21684
    endloop
  endfacet
  facet normal -0.866025 0 -0.5
    outer loop
      vertex 0.863119 6 3
      vertex 0.456722 46 3.7039
      vertex 0.863119 46 3
    endloop
  endfacet
  facet normal -0.866025 -0 -0.5
    outer loop
      vertex 0.456722 46 3.7039
      vertex 0.863119 6 3
      vertex 0.456722 6 3.7039
    endloop
  endfacet
  facet normal 0.588368 -0.766758 -0.256719
    outer loop
      vertex 96.9743 0.848301 5.21684
      vertex 96.7861 1.17441 3.8115
      vertex 97.4 1.42872 4.45892
    endloop
  endfacet
  facet normal 0.588536 -0.766681 -0.256566
    outer loop
      vertex 96.9743 0.848301 5.21684
      vertex 97.4 1.42872 4.45892
      vertex 97.4479 1.46549 4.45892
    endloop
  endfacet
  facet normal 0.498906 -0.0658582 -0.86415
    outer loop
      vertex 96.2179 5.40572 0.456722
      vertex 96.9314 5.33137 0.874318
      vertex 97.0442 5.1843 0.95065
    endloop
  endfacet
  facet normal 0.498935 -0.0655936 -0.864154
    outer loop
      vertex 96.9314 5.33137 0.874318
      vertex 96.2179 5.40572 0.456722
      vertex 96.6183 5.57159 0.67531
    endloop
  endfacet
  facet normal 0.860445 -0.113323 -0.496782
    outer loop
      vertex 99.5433 6 3.7039
      vertex 99.0527 5.36068 3
      vertex 99.1369 6 3
    endloop
  endfacet
  facet normal 0.793339 -0.60878 0
    outer loop
      vertex 98.2063 1.79366 27.5
      vertex 99.1517 3.02567 5.21684
      vertex 99.1517 3.02567 27.5
    endloop
  endfacet
  facet normal 0.793339 -0.60878 0
    outer loop
      vertex 99.1517 3.02567 5.21684
      vertex 98.2063 1.79366 27.5
      vertex 98.2063 1.79366 5.21684
    endloop
  endfacet
  facet normal 0 -1 0
    outer loop
      vertex 27.7818 0.0513306 19.7133
      vertex 31.25 0.0513306 19.75
      vertex 27.55 0.0513306 19.75
    endloop
  endfacet
  facet normal 0 -1 0
    outer loop
      vertex 27.7818 0.0513306 19.7133
      vertex 31.0182 0.0513306 19.7133
      vertex 31.25 0.0513306 19.75
    endloop
  endfacet
  facet normal 0 -1 0
    outer loop
      vertex 27.9908 0.0513306 19.6068
      vertex 31.0182 0.0513306 19.7133
      vertex 27.7818 0.0513306 19.7133
    endloop
  endfacet
  facet normal 0 -1 0
    outer loop
      vertex 27.9908 0.0513306 19.6068
      vertex 30.8092 0.0513306 19.6068
      vertex 31.0182 0.0513306 19.7133
    endloop
  endfacet
  facet normal 0 -1 0
    outer loop
      vertex 28.1568 0.0513306 19.4408
      vertex 30.8092 0.0513306 19.6068
      vertex 27.9908 0.0513306 19.6068
    endloop
  endfacet
  facet normal 0 -1 0
    outer loop
      vertex 28.1568 0.0513306 19.4408
      vertex 30.6432 0.0513306 19.4408
      vertex 30.8092 0.0513306 19.6068
    endloop
  endfacet
  facet normal 0 -1 0
    outer loop
      vertex 28.2633 0.0513306 19.2318
      vertex 30.6432 0.0513306 19.4408
      vertex 28.1568 0.0513306 19.4408
    endloop
  endfacet
  facet normal 0 -1 0
    outer loop
      vertex 28.2633 0.0513306 19.2318
      vertex 30.5367 0.0513306 19.2318
      vertex 30.6432 0.0513306 19.4408
    endloop
  endfacet
  facet normal 0 -1 0
    outer loop
      vertex 28.3 0.0513306 19
      vertex 30.5367 0.0513306 19.2318
      vertex 28.2633 0.0513306 19.2318
    endloop
  endfacet
  facet normal 0 -1 0
    outer loop
      vertex 28.3 0.0513306 19
      vertex 30.5 0.0513306 19
      vertex 30.5367 0.0513306 19.2318
    endloop
  endfacet
  facet normal 0 -1 0
    outer loop
      vertex 28.3 0.0513306 8.5
      vertex 30.5 0.0513306 19
      vertex 28.3 0.0513306 19
    endloop
  endfacet
  facet normal 0 -1 0
    outer loop
      vertex 28.3 0.0513306 8.5
      vertex 30.5 0.0513306 8.5
      vertex 30.5 0.0513306 19
    endloop
  endfacet
  facet normal 0 -1 0
    outer loop
      vertex 28.2633 0.0513306 8.26824
      vertex 30.5 0.0513306 8.5
      vertex 28.3 0.0513306 8.5
    endloop
  endfacet
  facet normal 0 -1 0
    outer loop
      vertex 28.2633 0.0513306 8.26824
      vertex 30.5367 0.0513306 8.26824
      vertex 30.5 0.0513306 8.5
    endloop
  endfacet
  facet normal 0 -1 0
    outer loop
      vertex 28.1568 0.0513306 8.05916
      vertex 30.5367 0.0513306 8.26824
      vertex 28.2633 0.0513306 8.26824
    endloop
  endfacet
  facet normal 0 -1 0
    outer loop
      vertex 28.1568 0.0513306 8.05916
      vertex 30.6432 0.0513306 8.05916
      vertex 30.5367 0.0513306 8.26824
    endloop
  endfacet
  facet normal 0 -1 0
    outer loop
      vertex 27.9908 0.0513306 7.89324
      vertex 30.6432 0.0513306 8.05916
      vertex 28.1568 0.0513306 8.05916
    endloop
  endfacet
  facet normal 0 -1 0
    outer loop
      vertex 27.9908 0.0513306 7.89324
      vertex 30.8092 0.0513306 7.89324
      vertex 30.6432 0.0513306 8.05916
    endloop
  endfacet
  facet normal 0 -1 0
    outer loop
      vertex 27.7818 0.0513306 7.78671
      vertex 30.8092 0.0513306 7.89324
      vertex 27.9908 0.0513306 7.89324
    endloop
  endfacet
  facet normal 0 -1 0
    outer loop
      vertex 27.7818 0.0513306 7.78671
      vertex 31.0182 0.0513306 7.78671
      vertex 30.8092 0.0513306 7.89324
    endloop
  endfacet
  facet normal 0 -1 0
    outer loop
      vertex 27.55 0.0513306 7.75
      vertex 31.0182 0.0513306 7.78671
      vertex 27.7818 0.0513306 7.78671
    endloop
  endfacet
  facet normal 0 -1 -0
    outer loop
      vertex 31.0182 0.0513306 7.78671
      vertex 27.55 0.0513306 7.75
      vertex 31.25 0.0513306 7.75
    endloop
  endfacet
  facet normal 0 -1 0
    outer loop
      vertex 24.0818 0.0513306 19.7133
      vertex 27.55 0.0513306 19.75
      vertex 23.85 0.0513306 19.75
    endloop
  endfacet
  facet normal 0 -1 0
    outer loop
      vertex 24.0818 0.0513306 19.7133
      vertex 27.3182 0.0513306 19.7133
      vertex 27.55 0.0513306 19.75
    endloop
  endfacet
  facet normal 0 -1 0
    outer loop
      vertex 24.2908 0.0513306 19.6068
      vertex 27.3182 0.0513306 19.7133
      vertex 24.0818 0.0513306 19.7133
    endloop
  endfacet
  facet normal 0 -1 0
    outer loop
      vertex 24.2908 0.0513306 19.6068
      vertex 27.1092 0.0513306 19.6068
      vertex 27.3182 0.0513306 19.7133
    endloop
  endfacet
  facet normal 0 -1 0
    outer loop
      vertex 24.4568 0.0513306 19.4408
      vertex 27.1092 0.0513306 19.6068
      vertex 24.2908 0.0513306 19.6068
    endloop
  endfacet
  facet normal 0 -1 0
    outer loop
      vertex 24.4568 0.0513306 19.4408
      vertex 26.9432 0.0513306 19.4408
      vertex 27.1092 0.0513306 19.6068
    endloop
  endfacet
  facet normal 0 -1 0
    outer loop
      vertex 24.5633 0.0513306 19.2318
      vertex 26.9432 0.0513306 19.4408
      vertex 24.4568 0.0513306 19.4408
    endloop
  endfacet
  facet normal 0 -1 0
    outer loop
      vertex 24.5633 0.0513306 19.2318
      vertex 26.8367 0.0513306 19.2318
      vertex 26.9432 0.0513306 19.4408
    endloop
  endfacet
  facet normal 0 -1 0
    outer loop
      vertex 24.6 0.0513306 19
      vertex 26.8367 0.0513306 19.2318
      vertex 24.5633 0.0513306 19.2318
    endloop
  endfacet
  facet normal 0 -1 0
    outer loop
      vertex 24.6 0.0513306 19
      vertex 26.8 0.0513306 19
      vertex 26.8367 0.0513306 19.2318
    endloop
  endfacet
  facet normal 0 -1 0
    outer loop
      vertex 24.6 0.0513306 8.5
      vertex 26.8 0.0513306 19
      vertex 24.6 0.0513306 19
    endloop
  endfacet
  facet normal 0 -1 0
    outer loop
      vertex 24.6 0.0513306 8.5
      vertex 26.8 0.0513306 8.5
      vertex 26.8 0.0513306 19
    endloop
  endfacet
  facet normal 0 -1 0
    outer loop
      vertex 24.5633 0.0513306 8.26824
      vertex 26.8 0.0513306 8.5
      vertex 24.6 0.0513306 8.5
    endloop
  endfacet
  facet normal 0 -1 0
    outer loop
      vertex 24.5633 0.0513306 8.26824
      vertex 26.8367 0.0513306 8.26824
      vertex 26.8 0.0513306 8.5
    endloop
  endfacet
  facet normal 0 -1 0
    outer loop
      vertex 24.4568 0.0513306 8.05916
      vertex 26.8367 0.0513306 8.26824
      vertex 24.5633 0.0513306 8.26824
    endloop
  endfacet
  facet normal 0 -1 0
    outer loop
      vertex 24.4568 0.0513306 8.05916
      vertex 26.9432 0.0513306 8.05916
      vertex 26.8367 0.0513306 8.26824
    endloop
  endfacet
  facet normal 0 -1 0
    outer loop
      vertex 24.2908 0.0513306 7.89324
      vertex 26.9432 0.0513306 8.05916
      vertex 24.4568 0.0513306 8.05916
    endloop
  endfacet
  facet normal 0 -1 0
    outer loop
      vertex 24.2908 0.0513306 7.89324
      vertex 27.1092 0.0513306 7.89324
      vertex 26.9432 0.0513306 8.05916
    endloop
  endfacet
  facet normal 0 -1 0
    outer loop
      vertex 24.0818 0.0513306 7.78671
      vertex 27.1092 0.0513306 7.89324
      vertex 24.2908 0.0513306 7.89324
    endloop
  endfacet
  facet normal 0 -1 0
    outer loop
      vertex 24.0818 0.0513306 7.78671
      vertex 27.3182 0.0513306 7.78671
      vertex 27.1092 0.0513306 7.89324
    endloop
  endfacet
  facet normal 0 -1 0
    outer loop
      vertex 23.85 0.0513306 7.75
      vertex 27.3182 0.0513306 7.78671
      vertex 24.0818 0.0513306 7.78671
    endloop
  endfacet
  facet normal 0 -1 -0
    outer loop
      vertex 27.3182 0.0513306 7.78671
      vertex 23.85 0.0513306 7.75
      vertex 27.55 0.0513306 7.75
    endloop
  endfacet
  facet normal 0 -1 0
    outer loop
      vertex 20.3818 0.0513306 19.7133
      vertex 23.85 0.0513306 19.75
      vertex 20.15 0.0513306 19.75
    endloop
  endfacet
  facet normal 0 -1 0
    outer loop
      vertex 20.3818 0.0513306 19.7133
      vertex 23.6182 0.0513306 19.7133
      vertex 23.85 0.0513306 19.75
    endloop
  endfacet
  facet normal 0 -1 0
    outer loop
      vertex 20.5908 0.0513306 19.6068
      vertex 23.6182 0.0513306 19.7133
      vertex 20.3818 0.0513306 19.7133
    endloop
  endfacet
  facet normal 0 -1 0
    outer loop
      vertex 20.5908 0.0513306 19.6068
      vertex 23.4092 0.0513306 19.6068
      vertex 23.6182 0.0513306 19.7133
    endloop
  endfacet
  facet normal 0 -1 0
    outer loop
      vertex 20.7568 0.0513306 19.4408
      vertex 23.4092 0.0513306 19.6068
      vertex 20.5908 0.0513306 19.6068
    endloop
  endfacet
  facet normal 0 -1 0
    outer loop
      vertex 20.7568 0.0513306 19.4408
      vertex 23.2432 0.0513306 19.4408
      vertex 23.4092 0.0513306 19.6068
    endloop
  endfacet
  facet normal 0 -1 0
    outer loop
      vertex 20.8633 0.0513306 19.2318
      vertex 23.2432 0.0513306 19.4408
      vertex 20.7568 0.0513306 19.4408
    endloop
  endfacet
  facet normal 0 -1 0
    outer loop
      vertex 20.8633 0.0513306 19.2318
      vertex 23.1367 0.0513306 19.2318
      vertex 23.2432 0.0513306 19.4408
    endloop
  endfacet
  facet normal 0 -1 0
    outer loop
      vertex 20.9 0.0513306 19
      vertex 23.1367 0.0513306 19.2318
      vertex 20.8633 0.0513306 19.2318
    endloop
  endfacet
  facet normal 0 -1 0
    outer loop
      vertex 20.9 0.0513306 19
      vertex 23.1 0.0513306 19
      vertex 23.1367 0.0513306 19.2318
    endloop
  endfacet
  facet normal 0 -1 0
    outer loop
      vertex 20.9 0.0513306 8.5
      vertex 23.1 0.0513306 19
      vertex 20.9 0.0513306 19
    endloop
  endfacet
  facet normal 0 -1 0
    outer loop
      vertex 20.9 0.0513306 8.5
      vertex 23.1 0.0513306 8.5
      vertex 23.1 0.0513306 19
    endloop
  endfacet
  facet normal 0 -1 0
    outer loop
      vertex 20.8633 0.0513306 8.26824
      vertex 23.1 0.0513306 8.5
      vertex 20.9 0.0513306 8.5
    endloop
  endfacet
  facet normal 0 -1 0
    outer loop
      vertex 20.8633 0.0513306 8.26824
      vertex 23.1367 0.0513306 8.26824
      vertex 23.1 0.0513306 8.5
    endloop
  endfacet
  facet normal 0 -1 0
    outer loop
      vertex 20.7568 0.0513306 8.05916
      vertex 23.1367 0.0513306 8.26824
      vertex 20.8633 0.0513306 8.26824
    endloop
  endfacet
  facet normal 0 -1 0
    outer loop
      vertex 20.7568 0.0513306 8.05916
      vertex 23.2432 0.0513306 8.05916
      vertex 23.1367 0.0513306 8.26824
    endloop
  endfacet
  facet normal 0 -1 0
    outer loop
      vertex 20.5908 0.0513306 7.89324
      vertex 23.2432 0.0513306 8.05916
      vertex 20.7568 0.0513306 8.05916
    endloop
  endfacet
  facet normal 0 -1 0
    outer loop
      vertex 20.5908 0.0513306 7.89324
      vertex 23.4092 0.0513306 7.89324
      vertex 23.2432 0.0513306 8.05916
    endloop
  endfacet
  facet normal 0 -1 0
    outer loop
      vertex 20.3818 0.0513306 7.78671
      vertex 23.4092 0.0513306 7.89324
      vertex 20.5908 0.0513306 7.89324
    endloop
  endfacet
  facet normal 0 -1 0
    outer loop
      vertex 20.3818 0.0513306 7.78671
      vertex 23.6182 0.0513306 7.78671
      vertex 23.4092 0.0513306 7.89324
    endloop
  endfacet
  facet normal 0 -1 0
    outer loop
      vertex 20.15 0.0513306 7.75
      vertex 23.6182 0.0513306 7.78671
      vertex 20.3818 0.0513306 7.78671
    endloop
  endfacet
  facet normal 0 -1 -0
    outer loop
      vertex 23.6182 0.0513306 7.78671
      vertex 20.15 0.0513306 7.75
      vertex 23.85 0.0513306 7.75
    endloop
  endfacet
  facet normal 0 -1 0
    outer loop
      vertex 16.6818 0.0513306 19.7133
      vertex 20.15 0.0513306 19.75
      vertex 16.45 0.0513306 19.75
    endloop
  endfacet
  facet normal 0 -1 0
    outer loop
      vertex 16.6818 0.0513306 19.7133
      vertex 19.9182 0.0513306 19.7133
      vertex 20.15 0.0513306 19.75
    endloop
  endfacet
  facet normal 0 -1 0
    outer loop
      vertex 16.8908 0.0513306 19.6068
      vertex 19.9182 0.0513306 19.7133
      vertex 16.6818 0.0513306 19.7133
    endloop
  endfacet
  facet normal 0 -1 0
    outer loop
      vertex 16.8908 0.0513306 19.6068
      vertex 19.7092 0.0513306 19.6068
      vertex 19.9182 0.0513306 19.7133
    endloop
  endfacet
  facet normal 0 -1 0
    outer loop
      vertex 17.0568 0.0513306 19.4408
      vertex 19.7092 0.0513306 19.6068
      vertex 16.8908 0.0513306 19.6068
    endloop
  endfacet
  facet normal 0 -1 0
    outer loop
      vertex 17.0568 0.0513306 19.4408
      vertex 19.5432 0.0513306 19.4408
      vertex 19.7092 0.0513306 19.6068
    endloop
  endfacet
  facet normal 0 -1 0
    outer loop
      vertex 17.1633 0.0513306 19.2318
      vertex 19.5432 0.0513306 19.4408
      vertex 17.0568 0.0513306 19.4408
    endloop
  endfacet
  facet normal 0 -1 0
    outer loop
      vertex 17.1633 0.0513306 19.2318
      vertex 19.4367 0.0513306 19.2318
      vertex 19.5432 0.0513306 19.4408
    endloop
  endfacet
  facet normal 0 -1 0
    outer loop
      vertex 17.2 0.0513306 19
      vertex 19.4367 0.0513306 19.2318
      vertex 17.1633 0.0513306 19.2318
    endloop
  endfacet
  facet normal 0 -1 0
    outer loop
      vertex 17.2 0.0513306 19
      vertex 19.4 0.0513306 19
      vertex 19.4367 0.0513306 19.2318
    endloop
  endfacet
  facet normal 0 -1 0
    outer loop
      vertex 17.2 0.0513306 8.5
      vertex 19.4 0.0513306 19
      vertex 17.2 0.0513306 19
    endloop
  endfacet
  facet normal 0 -1 0
    outer loop
      vertex 17.2 0.0513306 8.5
      vertex 19.4 0.0513306 8.5
      vertex 19.4 0.0513306 19
    endloop
  endfacet
  facet normal 0 -1 0
    outer loop
      vertex 17.1633 0.0513306 8.26824
      vertex 19.4 0.0513306 8.5
      vertex 17.2 0.0513306 8.5
    endloop
  endfacet
  facet normal 0 -1 0
    outer loop
      vertex 17.1633 0.0513306 8.26824
      vertex 19.4367 0.0513306 8.26824
      vertex 19.4 0.0513306 8.5
    endloop
  endfacet
  facet normal 0 -1 0
    outer loop
      vertex 17.0568 0.0513306 8.05916
      vertex 19.4367 0.0513306 8.26824
      vertex 17.1633 0.0513306 8.26824
    endloop
  endfacet
  facet normal 0 -1 0
    outer loop
      vertex 17.0568 0.0513306 8.05916
      vertex 19.5432 0.0513306 8.05916
      vertex 19.4367 0.0513306 8.26824
    endloop
  endfacet
  facet normal 0 -1 0
    outer loop
      vertex 16.8908 0.0513306 7.89324
      vertex 19.5432 0.0513306 8.05916
      vertex 17.0568 0.0513306 8.05916
    endloop
  endfacet
  facet normal 0 -1 0
    outer loop
      vertex 16.8908 0.0513306 7.89324
      vertex 19.7092 0.0513306 7.89324
      vertex 19.5432 0.0513306 8.05916
    endloop
  endfacet
  facet normal 0 -1 0
    outer loop
      vertex 16.6818 0.0513306 7.78671
      vertex 19.7092 0.0513306 7.89324
      vertex 16.8908 0.0513306 7.89324
    endloop
  endfacet
  facet normal 0 -1 0
    outer loop
      vertex 16.6818 0.0513306 7.78671
      vertex 19.9182 0.0513306 7.78671
      vertex 19.7092 0.0513306 7.89324
    endloop
  endfacet
  facet normal 0 -1 0
    outer loop
      vertex 16.45 0.0513306 7.75
      vertex 19.9182 0.0513306 7.78671
      vertex 16.6818 0.0513306 7.78671
    endloop
  endfacet
  facet normal 0 -1 -0
    outer loop
      vertex 19.9182 0.0513306 7.78671
      vertex 16.45 0.0513306 7.75
      vertex 20.15 0.0513306 7.75
    endloop
  endfacet
  facet normal 0 -1 0
    outer loop
      vertex 16.2182 0.0513306 19.7133
      vertex 6 0.0513306 27.5
      vertex 12.9818 0.0513306 19.7133
    endloop
  endfacet
  facet normal 0 -1 0
    outer loop
      vertex 6 0.0513306 27.5
      vertex 16.2182 0.0513306 19.7133
      vertex 16.45 0.0513306 19.75
    endloop
  endfacet
  facet normal 0 -1 0
    outer loop
      vertex 13.1908 0.0513306 19.6068
      vertex 16.2182 0.0513306 19.7133
      vertex 12.9818 0.0513306 19.7133
    endloop
  endfacet
  facet normal 0 -1 0
    outer loop
      vertex 13.1908 0.0513306 19.6068
      vertex 16.0092 0.0513306 19.6068
      vertex 16.2182 0.0513306 19.7133
    endloop
  endfacet
  facet normal 0 -1 0
    outer loop
      vertex 13.3568 0.0513306 19.4408
      vertex 16.0092 0.0513306 19.6068
      vertex 13.1908 0.0513306 19.6068
    endloop
  endfacet
  facet normal 0 -1 0
    outer loop
      vertex 13.3568 0.0513306 19.4408
      vertex 15.8432 0.0513306 19.4408
      vertex 16.0092 0.0513306 19.6068
    endloop
  endfacet
  facet normal 0 -1 0
    outer loop
      vertex 13.4633 0.0513306 19.2318
      vertex 15.8432 0.0513306 19.4408
      vertex 13.3568 0.0513306 19.4408
    endloop
  endfacet
  facet normal 0 -1 0
    outer loop
      vertex 13.4633 0.0513306 19.2318
      vertex 15.7367 0.0513306 19.2318
      vertex 15.8432 0.0513306 19.4408
    endloop
  endfacet
  facet normal 0 -1 0
    outer loop
      vertex 13.5 0.0513306 19
      vertex 15.7367 0.0513306 19.2318
      vertex 13.4633 0.0513306 19.2318
    endloop
  endfacet
  facet normal 0 -1 0
    outer loop
      vertex 13.5 0.0513306 19
      vertex 15.7 0.0513306 19
      vertex 15.7367 0.0513306 19.2318
    endloop
  endfacet
  facet normal 0 -1 0
    outer loop
      vertex 13.5 0.0513306 8.5
      vertex 15.7 0.0513306 19
      vertex 13.5 0.0513306 19
    endloop
  endfacet
  facet normal 0 -1 0
    outer loop
      vertex 13.5 0.0513306 8.5
      vertex 15.7 0.0513306 8.5
      vertex 15.7 0.0513306 19
    endloop
  endfacet
  facet normal 0 -1 0
    outer loop
      vertex 13.4633 0.0513306 8.26824
      vertex 15.7 0.0513306 8.5
      vertex 13.5 0.0513306 8.5
    endloop
  endfacet
  facet normal 0 -1 0
    outer loop
      vertex 13.4633 0.0513306 8.26824
      vertex 15.7367 0.0513306 8.26824
      vertex 15.7 0.0513306 8.5
    endloop
  endfacet
  facet normal 0 -1 0
    outer loop
      vertex 13.3568 0.0513306 8.05916
      vertex 15.7367 0.0513306 8.26824
      vertex 13.4633 0.0513306 8.26824
    endloop
  endfacet
  facet normal 0 -1 0
    outer loop
      vertex 13.3568 0.0513306 8.05916
      vertex 15.8432 0.0513306 8.05916
      vertex 15.7367 0.0513306 8.26824
    endloop
  endfacet
  facet normal 0 -1 0
    outer loop
      vertex 13.1908 0.0513306 7.89324
      vertex 15.8432 0.0513306 8.05916
      vertex 13.3568 0.0513306 8.05916
    endloop
  endfacet
  facet normal 0 -1 0
    outer loop
      vertex 13.1908 0.0513306 7.89324
      vertex 16.0092 0.0513306 7.89324
      vertex 15.8432 0.0513306 8.05916
    endloop
  endfacet
  facet normal 0 -1 0
    outer loop
      vertex 12.9818 0.0513306 7.78671
      vertex 16.0092 0.0513306 7.89324
      vertex 13.1908 0.0513306 7.89324
    endloop
  endfacet
  facet normal 0 -1 0
    outer loop
      vertex 12.9818 0.0513306 7.78671
      vertex 16.2182 0.0513306 7.78671
      vertex 16.0092 0.0513306 7.89324
    endloop
  endfacet
  facet normal 0 -1 0
    outer loop
      vertex 12.75 0.0513306 7.75
      vertex 16.2182 0.0513306 7.78671
      vertex 12.9818 0.0513306 7.78671
    endloop
  endfacet
  facet normal 0 -1 -0
    outer loop
      vertex 16.2182 0.0513306 7.78671
      vertex 12.75 0.0513306 7.75
      vertex 16.45 0.0513306 7.75
    endloop
  endfacet
  facet normal 0 -1 0
    outer loop
      vertex 12.9818 0.0513306 19.7133
      vertex 6 0.0513306 27.5
      vertex 12.75 0.0513306 19.75
    endloop
  endfacet
  facet normal 0 -1 0
    outer loop
      vertex 6 0.0513306 27.5
      vertex 12.5182 0.0513306 19.7133
      vertex 12.75 0.0513306 19.75
    endloop
  endfacet
  facet normal 0 -1 0
    outer loop
      vertex 6 0.0513306 27.5
      vertex 12.3092 0.0513306 19.6068
      vertex 12.5182 0.0513306 19.7133
    endloop
  endfacet
  facet normal 0 -1 0
    outer loop
      vertex 6 0.0513306 27.5
      vertex 12.1432 0.0513306 19.4408
      vertex 12.3092 0.0513306 19.6068
    endloop
  endfacet
  facet normal 0 -1 0
    outer loop
      vertex 6 0.0513306 27.5
      vertex 12.0367 0.0513306 19.2318
      vertex 12.1432 0.0513306 19.4408
    endloop
  endfacet
  facet normal 0 -1 0
    outer loop
      vertex 6 0.0513306 27.5
      vertex 12 0.0513306 19
      vertex 12.0367 0.0513306 19.2318
    endloop
  endfacet
  facet normal 0 -1 0
    outer loop
      vertex 6 0.0513306 5.21684
      vertex 12 0.0513306 19
      vertex 6 0.0513306 27.5
    endloop
  endfacet
  facet normal 0 -1 -0
    outer loop
      vertex 12 0.0513306 19
      vertex 6 0.0513306 5.21684
      vertex 12 0.0513306 8.5
    endloop
  endfacet
  facet normal 0 -1 0
    outer loop
      vertex 6 0.0513306 5.21684
      vertex 16.45 0.0513306 7.75
      vertex 12.75 0.0513306 7.75
    endloop
  endfacet
  facet normal 0 -1 -0
    outer loop
      vertex 16.45 0.0513306 7.75
      vertex 6 0.0513306 5.21684
      vertex 20.15 0.0513306 7.75
    endloop
  endfacet
  facet normal 0 -1 -0
    outer loop
      vertex 20.15 0.0513306 7.75
      vertex 6 0.0513306 5.21684
      vertex 23.85 0.0513306 7.75
    endloop
  endfacet
  facet normal 0 -1 -0
    outer loop
      vertex 23.85 0.0513306 7.75
      vertex 6 0.0513306 5.21684
      vertex 27.55 0.0513306 7.75
    endloop
  endfacet
  facet normal 0 -1 -0
    outer loop
      vertex 27.55 0.0513306 7.75
      vertex 6 0.0513306 5.21684
      vertex 31.25 0.0513306 7.75
    endloop
  endfacet
  facet normal 0 -1 -0
    outer loop
      vertex 12.5182 0.0513306 7.78671
      vertex 6 0.0513306 5.21684
      vertex 12.75 0.0513306 7.75
    endloop
  endfacet
  facet normal 0 -1 -0
    outer loop
      vertex 12.3092 0.0513306 7.89324
      vertex 6 0.0513306 5.21684
      vertex 12.5182 0.0513306 7.78671
    endloop
  endfacet
  facet normal 0 -1 -0
    outer loop
      vertex 12.1432 0.0513306 8.05916
      vertex 6 0.0513306 5.21684
      vertex 12.3092 0.0513306 7.89324
    endloop
  endfacet
  facet normal 0 -1 -0
    outer loop
      vertex 12.0367 0.0513306 8.26824
      vertex 6 0.0513306 5.21684
      vertex 12.1432 0.0513306 8.05916
    endloop
  endfacet
  facet normal 0 -1 -0
    outer loop
      vertex 12 0.0513306 8.5
      vertex 6 0.0513306 5.21684
      vertex 12.0367 0.0513306 8.26824
    endloop
  endfacet
  facet normal 0 -1 0
    outer loop
      vertex 20.15 0.0513306 19.75
      vertex 6 0.0513306 27.5
      vertex 16.45 0.0513306 19.75
    endloop
  endfacet
  facet normal 0 -1 0
    outer loop
      vertex 23.85 0.0513306 19.75
      vertex 6 0.0513306 27.5
      vertex 20.15 0.0513306 19.75
    endloop
  endfacet
  facet normal 0 -1 0
    outer loop
      vertex 27.55 0.0513306 19.75
      vertex 6 0.0513306 27.5
      vertex 23.85 0.0513306 19.75
    endloop
  endfacet
  facet normal 0 -1 0
    outer loop
      vertex 31.25 0.0513306 19.75
      vertex 6 0.0513306 27.5
      vertex 27.55 0.0513306 19.75
    endloop
  endfacet
  facet normal 0 -1 0
    outer loop
      vertex 31.4818 0.0513306 19.7133
      vertex 6 0.0513306 27.5
      vertex 31.25 0.0513306 19.75
    endloop
  endfacet
  facet normal 0 -1 0
    outer loop
      vertex 6 0.0513306 27.5
      vertex 31.4818 0.0513306 19.7133
      vertex 94 0.0513306 27.5
    endloop
  endfacet
  facet normal 0 -1 0
    outer loop
      vertex 31.6908 0.0513306 19.6068
      vertex 94 0.0513306 27.5
      vertex 31.4818 0.0513306 19.7133
    endloop
  endfacet
  facet normal 0 -1 0
    outer loop
      vertex 31.8568 0.0513306 19.4408
      vertex 94 0.0513306 27.5
      vertex 31.6908 0.0513306 19.6068
    endloop
  endfacet
  facet normal 0 -1 0
    outer loop
      vertex 31.9633 0.0513306 19.2318
      vertex 94 0.0513306 27.5
      vertex 31.8568 0.0513306 19.4408
    endloop
  endfacet
  facet normal 0 -1 0
    outer loop
      vertex 32 0.0513306 19
      vertex 94 0.0513306 27.5
      vertex 31.9633 0.0513306 19.2318
    endloop
  endfacet
  facet normal 0 -1 0
    outer loop
      vertex 94 0.0513306 5.21684
      vertex 32 0.0513306 19
      vertex 32 0.0513306 8.5
    endloop
  endfacet
  facet normal 0 -1 0
    outer loop
      vertex 94 0.0513306 5.21684
      vertex 32 0.0513306 8.5
      vertex 31.9633 0.0513306 8.26824
    endloop
  endfacet
  facet normal 0 -1 0
    outer loop
      vertex 94 0.0513306 5.21684
      vertex 31.9633 0.0513306 8.26824
      vertex 31.8568 0.0513306 8.05916
    endloop
  endfacet
  facet normal 0 -1 0
    outer loop
      vertex 94 0.0513306 5.21684
      vertex 31.8568 0.0513306 8.05916
      vertex 31.6908 0.0513306 7.89324
    endloop
  endfacet
  facet normal 0 -1 0
    outer loop
      vertex 94 0.0513306 5.21684
      vertex 31.6908 0.0513306 7.89324
      vertex 31.4818 0.0513306 7.78671
    endloop
  endfacet
  facet normal 0 -1 0
    outer loop
      vertex 32 0.0513306 19
      vertex 94 0.0513306 5.21684
      vertex 94 0.0513306 27.5
    endloop
  endfacet
  facet normal 0 -1 0
    outer loop
      vertex 31.25 0.0513306 7.75
      vertex 94 0.0513306 5.21684
      vertex 31.4818 0.0513306 7.78671
    endloop
  endfacet
  facet normal 0 -1 0
    outer loop
      vertex 94 0.0513306 5.21684
      vertex 31.25 0.0513306 7.75
      vertex 6 0.0513306 5.21684
    endloop
  endfacet
  facet normal -0.12615 -0.958209 -0.256752
    outer loop
      vertex 6 0.0513306 5.21684
      vertex 4.46037 0.254026 5.21684
      vertex 6 0.456722 3.7039
    endloop
  endfacet
  facet normal 0.369862 -0.892907 -0.256747
    outer loop
      vertex 95.4347 0.645605 3.7039
      vertex 96.6282 1.10904 3.8115
      vertex 95.5396 0.254026 5.21684
    endloop
  endfacet
  facet normal 0.369862 -0.892912 -0.25673
    outer loop
      vertex 96.6282 1.10904 3.8115
      vertex 95.4347 0.645605 3.7039
      vertex 96.5187 1.09462 3.7039
    endloop
  endfacet
  facet normal 0.369808 -0.892916 -0.256794
    outer loop
      vertex 95.5396 0.254026 5.21684
      vertex 96.6282 1.10904 3.8115
      vertex 96.684 1.13215 3.8115
    endloop
  endfacet
  facet normal 0.0998552 -0.24104 -0.965364
    outer loop
      vertex 94.3255 4.78537 0.178423
      vertex 95.148 4.01152 0.456722
      vertex 94.5943 3.78214 0.456722
    endloop
  endfacet
  facet normal 0.099855 -0.24104 -0.965364
    outer loop
      vertex 95.148 4.01152 0.456722
      vertex 94.3255 4.78537 0.178423
      vertex 94.4057 4.97901 0.138369
    endloop
  endfacet
  facet normal 0.25854 -0.0340185 -0.965401
    outer loop
      vertex 96.2179 5.40572 0.456722
      vertex 96.2141 5.74548 0.443732
      vertex 96.2601 5.72644 0.456722
    endloop
  endfacet
  facet normal 0.258681 -0.0340155 -0.965364
    outer loop
      vertex 96.2179 5.40572 0.456722
      vertex 95.8 5.8 0.330848
      vertex 96.2141 5.74548 0.443732
    endloop
  endfacet
  facet normal 0.258671 -0.0340261 -0.965366
    outer loop
      vertex 96.2179 5.40572 0.456722
      vertex 95.3859 5.74548 0.221811
      vertex 95.8 5.8 0.330848
    endloop
  endfacet
  facet normal 0.25864 -0.0341062 -0.965371
    outer loop
      vertex 95.3859 5.74548 0.221811
      vertex 96.2179 5.40572 0.456722
      vertex 95.2146 5.67454 0.178423
    endloop
  endfacet
  facet normal 0.43229 -0.56342 -0.704048
    outer loop
      vertex 96.6 2.81436 1.7329
      vertex 96.5828 3.41724 1.23988
      vertex 96.9314 3.06863 1.7329
    endloop
  endfacet
  facet normal 0.432375 -0.563392 -0.704018
    outer loop
      vertex 96.4545 2.75408 1.69178
      vertex 96.5828 3.41724 1.23988
      vertex 96.6 2.81436 1.7329
    endloop
  endfacet
  facet normal 0.432298 -0.563404 -0.704056
    outer loop
      vertex 96.5828 3.41724 1.23988
      vertex 96.4545 2.75408 1.69178
      vertex 95.8263 2.83678 1.23988
    endloop
  endfacet
  facet normal 0.958204 -0.126161 -0.256765
    outer loop
      vertex 99.746 4.46037 5.21684
      vertex 99.3544 4.56529 3.7039
      vertex 99.5433 6 3.7039
    endloop
  endfacet
  facet normal 0.498976 -0.0657384 -0.864119
    outer loop
      vertex 96.2179 5.40572 0.456722
      vertex 96.6 5.58564 0.663674
      vertex 96.6183 5.57159 0.67531
    endloop
  endfacet
  facet normal 0.498947 -0.065651 -0.864142
    outer loop
      vertex 96.6 5.58564 0.663674
      vertex 96.2179 5.40572 0.456722
      vertex 96.2601 5.72644 0.456722
    endloop
  endfacet
  facet normal 0.923873 0.382699 0
    outer loop
      vertex 99.746 47.5396 27.5
      vertex 99.1517 48.9743 5.21684
      vertex 99.1517 48.9743 27.5
    endloop
  endfacet
  facet normal 0.923873 0.382699 0
    outer loop
      vertex 99.1517 48.9743 5.21684
      vertex 99.746 47.5396 27.5
      vertex 99.746 47.5396 5.21684
    endloop
  endfacet
  facet normal -0.399238 0.306334 -0.864158
    outer loop
      vertex 4.37641 47.6236 0.456722
      vertex 2.83678 47.8263 1.23988
      vertex 3.41724 48.5828 1.23988
    endloop
  endfacet
  facet normal -0.399244 0.306308 -0.864164
    outer loop
      vertex 4.01152 47.148 0.456722
      vertex 2.83678 47.8263 1.23988
      vertex 4.37641 47.6236 0.456722
    endloop
  endfacet
  facet normal 0.399241 -0.306353 -0.86415
    outer loop
      vertex 97.1632 4.17372 1.23988
      vertex 95.6236 4.37641 0.456722
      vertex 95.9885 4.85195 0.456722
    endloop
  endfacet
  facet normal -0.498921 0.0656982 -0.864154
    outer loop
      vertex 3.4 46.4144 0.663674
      vertex 3.78214 46.5943 0.456722
      vertex 3.73991 46.2736 0.456722
    endloop
  endfacet
  facet normal -0.498937 0.065748 -0.864141
    outer loop
      vertex 3.78214 46.5943 0.456722
      vertex 3.4 46.4144 0.663674
      vertex 3.38169 46.4284 0.675311
    endloop
  endfacet
  facet normal -0.498922 0.0656955 -0.864153
    outer loop
      vertex 3.06863 46.6686 0.874318
      vertex 3.78214 46.5943 0.456722
      vertex 3.38169 46.4284 0.675311
    endloop
  endfacet
  facet normal -0.498926 0.0656616 -0.864154
    outer loop
      vertex 3.78214 46.5943 0.456722
      vertex 3.06863 46.6686 0.874318
      vertex 2.95578 46.8157 0.95065
    endloop
  endfacet
  facet normal -0.860451 0.113283 -0.496782
    outer loop
      vertex 0.863119 46 3
      vertex 0.456722 46 3.7039
      vertex 0.947286 46.6393 3
    endloop
  endfacet
  facet normal 0.113318 0.860416 -0.496833
    outer loop
      vertex 94.6393 51.0527 3
      vertex 95.4347 51.3544 3.7039
      vertex 95.3295 50.9618 3
    endloop
  endfacet
  facet normal 0.113289 0.860434 -0.496808
    outer loop
      vertex 95.4347 51.3544 3.7039
      vertex 94.6393 51.0527 3
      vertex 94 51.5433 3.7039
    endloop
  endfacet
  facet normal 0.65614 0.271789 -0.703996
    outer loop
      vertex 97.3455 47.3862 1.23988
      vertex 97.1632 47.8263 1.23988
      vertex 97.391 47.7319 1.41575
    endloop
  endfacet
  facet normal 0.563439 0.43228 -0.704038
    outer loop
      vertex 96.5828 48.5828 1.23988
      vertex 97.2459 48.4545 1.69178
      vertex 97.1632 47.8263 1.23988
    endloop
  endfacet
  facet normal 0.563415 0.432444 -0.703957
    outer loop
      vertex 97.2459 48.4545 1.69178
      vertex 96.5828 48.5828 1.23988
      vertex 97.1856 48.6 1.7329
    endloop
  endfacet
  facet normal 0.563487 0.432222 -0.704036
    outer loop
      vertex 97.1856 48.6 1.7329
      vertex 96.5828 48.5828 1.23988
      vertex 96.9314 48.9314 1.7329
    endloop
  endfacet
  facet normal 0.158868 0.206931 -0.965371
    outer loop
      vertex 94.6686 46.6686 0.0948529
      vertex 94.5613 46.8085 0.107183
      vertex 95.6236 47.6236 0.456722
    endloop
  endfacet
  facet normal 0.46482 0.192565 -0.864211
    outer loop
      vertex 97.1632 47.8263 1.23988
      vertex 97.3455 47.3859 1.2398
      vertex 97.1856 47 1.06781
    endloop
  endfacet
  facet normal 0.528188 0.218788 -0.820456
    outer loop
      vertex 97.3455 47.3859 1.2398
      vertex 97.1632 47.8263 1.23988
      vertex 97.3455 47.3862 1.23988
    endloop
  endfacet
  facet normal 0.46501 0.19255 -0.864112
    outer loop
      vertex 97.0442 46.8157 0.95065
      vertex 97.1632 47.8263 1.23988
      vertex 97.1856 47 1.06781
    endloop
  endfacet
  facet normal 0.464951 0.192565 -0.864141
    outer loop
      vertex 97.1632 47.8263 1.23988
      vertex 97.0442 46.8157 0.95065
      vertex 96.2179 46.5943 0.456722
    endloop
  endfacet
  facet normal -0.192577 -0.464919 -0.864155
    outer loop
      vertex 5.40572 3.78214 0.456722
      vertex 4.17372 2.83678 1.23988
      vertex 4.85195 4.01152 0.456722
    endloop
  endfacet
  facet normal -0.306342 -0.399237 -0.864155
    outer loop
      vertex 4.85195 4.01152 0.456722
      vertex 4.17372 2.83678 1.23988
      vertex 4.37641 4.37641 0.456722
    endloop
  endfacet
  facet normal 0.126153 -0.958209 -0.256752
    outer loop
      vertex 95.5396 0.254026 5.21684
      vertex 94 0.0513306 5.21684
      vertex 94 0.456722 3.7039
    endloop
  endfacet
  facet normal -0.563396 -0.43231 -0.704055
    outer loop
      vertex 2.81436 3.4 1.7329
      vertex 3.41724 3.41724 1.23988
      vertex 3.06863 3.06863 1.7329
    endloop
  endfacet
  facet normal -0.563399 -0.4323 -0.704058
    outer loop
      vertex 2.75408 3.54553 1.69178
      vertex 3.41724 3.41724 1.23988
      vertex 2.81436 3.4 1.7329
    endloop
  endfacet
  facet normal -0.563398 -0.432305 -0.704056
    outer loop
      vertex 3.41724 3.41724 1.23988
      vertex 2.75408 3.54553 1.69178
      vertex 2.83678 4.17372 1.23988
    endloop
  endfacet
  facet normal -0.399237 -0.306342 -0.864155
    outer loop
      vertex 3.41724 3.41724 1.23988
      vertex 2.83678 4.17372 1.23988
      vertex 4.37641 4.37641 0.456722
    endloop
  endfacet
  facet normal -0.369856 -0.892908 -0.256752
    outer loop
      vertex 3.02567 0.848301 5.21684
      vertex 3.31598 1.13215 3.8115
      vertex 4.46037 0.254026 5.21684
    endloop
  endfacet
  facet normal -0.369839 -0.892916 -0.25675
    outer loop
      vertex 3.31598 1.13215 3.8115
      vertex 3.02567 0.848301 5.21684
      vertex 3.21395 1.17441 3.8115
    endloop
  endfacet
  facet normal -0.766758 -0.588356 -0.256748
    outer loop
      vertex 1.79366 1.79366 5.21684
      vertex 1.46549 2.55208 4.45892
      vertex 1.93726 1.93726 4.45892
    endloop
  endfacet
  facet normal -0.766757 -0.588356 -0.256748
    outer loop
      vertex 1.46549 2.55208 4.45892
      vertex 1.79366 1.79366 5.21684
      vertex 0.848301 3.02567 5.21684
    endloop
  endfacet
  facet normal 0.923873 -0.382699 0
    outer loop
      vertex 99.1517 3.02567 27.5
      vertex 99.746 4.46037 5.21684
      vertex 99.746 4.46037 27.5
    endloop
  endfacet
  facet normal 0.923873 -0.382699 0
    outer loop
      vertex 99.746 4.46037 5.21684
      vertex 99.1517 3.02567 27.5
      vertex 99.1517 3.02567 5.21684
    endloop
  endfacet
  facet normal 0.588361 -0.766757 -0.256737
    outer loop
      vertex 97.4479 1.46549 4.45892
      vertex 98.2063 1.79366 5.21684
      vertex 96.9743 0.848301 5.21684
    endloop
  endfacet
  facet normal 0.588368 -0.766748 -0.256748
    outer loop
      vertex 98.2063 1.79366 5.21684
      vertex 97.4479 1.46549 4.45892
      vertex 98.0627 1.93726 4.45892
    endloop
  endfacet
  facet normal 0.802096 -0.331293 -0.496877
    outer loop
      vertex 99.3544 4.56529 3.7039
      vertex 98.9438 4.6269 3
      vertex 98.9618 4.67048 3
    endloop
  endfacet
  facet normal 0.801807 -0.332134 -0.496782
    outer loop
      vertex 99.3544 4.56529 3.7039
      vertex 99 4.2 3.37612
      vertex 98.9438 4.6269 3
    endloop
  endfacet
  facet normal 0.801802 -0.332106 -0.496808
    outer loop
      vertex 99 4.2 3.37612
      vertex 99.3544 4.56529 3.7039
      vertex 98.9054 3.48127 3.7039
    endloop
  endfacet
  facet normal 0.892909 -0.369872 -0.256725
    outer loop
      vertex 99.1517 3.02567 5.21684
      vertex 98.8679 3.31598 3.8115
      vertex 99.746 4.46037 5.21684
    endloop
  endfacet
  facet normal 0.892791 -0.370137 -0.256755
    outer loop
      vertex 98.8679 3.31598 3.8115
      vertex 99.1517 3.02567 5.21684
      vertex 98.8256 3.21395 3.8115
    endloop
  endfacet
  facet normal 0.766747 -0.588374 -0.25674
    outer loop
      vertex 98.2063 1.79366 5.21684
      vertex 98.5345 2.55208 4.45892
      vertex 99.1517 3.02567 5.21684
    endloop
  endfacet
  facet normal 0.766739 -0.58838 -0.256749
    outer loop
      vertex 98.5345 2.55208 4.45892
      vertex 98.2063 1.79366 5.21684
      vertex 98.0627 1.93726 4.45892
    endloop
  endfacet
  facet normal 0.432354 -0.563358 -0.704058
    outer loop
      vertex 95.8263 2.83678 1.23988
      vertex 96.2141 2.65452 1.62386
      vertex 95.9515 2.61994 1.49027
    endloop
  endfacet
  facet normal 0.432265 -0.563471 -0.704022
    outer loop
      vertex 96.2141 2.65452 1.62386
      vertex 95.8263 2.83678 1.23988
      vertex 96.4545 2.75408 1.69178
    endloop
  endfacet
  facet normal 0.306334 -0.399238 -0.864158
    outer loop
      vertex 95.8263 2.83678 1.23988
      vertex 95.6236 4.37641 0.456722
      vertex 96.5828 3.41724 1.23988
    endloop
  endfacet
  facet normal 0.0998509 -0.241044 -0.965364
    outer loop
      vertex 94.4057 4.97901 0.138369
      vertex 94.5074 5.12121 0.113382
      vertex 95.148 4.01152 0.456722
    endloop
  endfacet
  facet normal 0.099827 -0.241028 -0.965371
    outer loop
      vertex 94.5074 5.12121 0.113382
      vertex 94.4057 4.97901 0.138369
      vertex 94.4144 5 0.134028
    endloop
  endfacet
  facet normal 0.860435 -0.113289 -0.496806
    outer loop
      vertex 99.3544 4.56529 3.7039
      vertex 99.0527 5.36068 3
      vertex 99.5433 6 3.7039
    endloop
  endfacet
  facet normal 0.860417 -0.113318 -0.496831
    outer loop
      vertex 99.0527 5.36068 3
      vertex 99.3544 4.56529 3.7039
      vertex 98.9618 4.67048 3
    endloop
  endfacet
  facet normal 0.892913 -0.369837 -0.256764
    outer loop
      vertex 98.891 3.37178 3.8115
      vertex 99.3544 4.56529 3.7039
      vertex 99.746 4.46037 5.21684
    endloop
  endfacet
  facet normal 0.892892 -0.369835 -0.256836
    outer loop
      vertex 99.3544 4.56529 3.7039
      vertex 98.891 3.37178 3.8115
      vertex 98.9054 3.48127 3.7039
    endloop
  endfacet
  facet normal 0.892942 -0.369659 -0.256919
    outer loop
      vertex 98.891 3.37178 3.8115
      vertex 99.746 4.46037 5.21684
      vertex 98.8679 3.31598 3.8115
    endloop
  endfacet
  facet normal -0.0340537 -0.25867 -0.965365
    outer loop
      vertex 5.40572 3.78214 0.456722
      vertex 5.8 4.2 0.330848
      vertex 5.74548 3.78589 0.443732
    endloop
  endfacet
  facet normal -0.0340545 -0.258631 -0.965376
    outer loop
      vertex 5.40572 3.78214 0.456722
      vertex 5.74548 3.78589 0.443732
      vertex 5.72644 3.73991 0.456722
    endloop
  endfacet
  facet normal -0.0340549 -0.258669 -0.965366
    outer loop
      vertex 5.8 4.2 0.330848
      vertex 5.40572 3.78214 0.456722
      vertex 5.74548 4.61411 0.221811
    endloop
  endfacet
  facet normal -0.0340438 -0.258673 -0.965365
    outer loop
      vertex 5.74548 4.61411 0.221811
      vertex 5.40572 3.78214 0.456722
      vertex 5.67454 4.78537 0.178423
    endloop
  endfacet
  facet normal -0.271771 0.656111 -0.70403
    outer loop
      vertex 4.61383 49.3455 1.23988
      vertex 4.17372 49.1632 1.23988
      vertex 4.26808 49.391 1.41575
    endloop
  endfacet
  facet normal -0.432288 0.563434 -0.704038
    outer loop
      vertex 3.41724 48.5828 1.23988
      vertex 3.54553 49.2459 1.69178
      vertex 4.17372 49.1632 1.23988
    endloop
  endfacet
  facet normal -0.432369 0.563422 -0.703997
    outer loop
      vertex 3.41724 48.5828 1.23988
      vertex 3.4 49.1856 1.7329
      vertex 3.54553 49.2459 1.69178
    endloop
  endfacet
  facet normal -0.432243 0.563463 -0.704043
    outer loop
      vertex 3.4 49.1856 1.7329
      vertex 3.41724 48.5828 1.23988
      vertex 3.06863 48.9314 1.7329
    endloop
  endfacet
  facet normal -0.369872 0.892909 -0.256725
    outer loop
      vertex 3.31598 50.8679 3.8115
      vertex 3.02567 51.1517 5.21684
      vertex 4.46037 51.746 5.21684
    endloop
  endfacet
  facet normal -0.370137 0.892791 -0.256755
    outer loop
      vertex 3.02567 51.1517 5.21684
      vertex 3.31598 50.8679 3.8115
      vertex 3.21395 50.8256 3.8115
    endloop
  endfacet
  facet normal -0.369837 0.892913 -0.256764
    outer loop
      vertex 4.56529 51.3544 3.7039
      vertex 3.37178 50.891 3.8115
      vertex 4.46037 51.746 5.21684
    endloop
  endfacet
  facet normal -0.369835 0.892892 -0.256836
    outer loop
      vertex 3.37178 50.891 3.8115
      vertex 4.56529 51.3544 3.7039
      vertex 3.48127 50.9054 3.7039
    endloop
  endfacet
  facet normal -0.369659 0.892942 -0.256919
    outer loop
      vertex 4.46037 51.746 5.21684
      vertex 3.37178 50.891 3.8115
      vertex 3.31598 50.8679 3.8115
    endloop
  endfacet
  facet normal 0.793337 0.608783 0
    outer loop
      vertex 99.1517 48.9743 27.5
      vertex 98.2063 50.2063 5.21684
      vertex 98.2063 50.2063 27.5
    endloop
  endfacet
  facet normal 0.793337 0.608783 0
    outer loop
      vertex 98.2063 50.2063 5.21684
      vertex 99.1517 48.9743 27.5
      vertex 99.1517 48.9743 5.21684
    endloop
  endfacet
  facet normal -0.332106 0.801802 -0.496808
    outer loop
      vertex 4.56529 51.3544 3.7039
      vertex 4.2 51 3.37612
      vertex 3.48127 50.9054 3.7039
    endloop
  endfacet
  facet normal -0.331293 0.802096 -0.496877
    outer loop
      vertex 4.6269 50.9438 3
      vertex 4.56529 51.3544 3.7039
      vertex 4.67048 50.9618 3
    endloop
  endfacet
  facet normal -0.332134 0.801807 -0.496782
    outer loop
      vertex 4.56529 51.3544 3.7039
      vertex 4.6269 50.9438 3
      vertex 4.2 51 3.37612
    endloop
  endfacet
  facet normal -0.563404 0.432298 -0.704056
    outer loop
      vertex 2.75408 48.4545 1.69178
      vertex 3.41724 48.5828 1.23988
      vertex 2.83678 47.8263 1.23988
    endloop
  endfacet
  facet normal -0.56342 0.43229 -0.704048
    outer loop
      vertex 3.41724 48.5828 1.23988
      vertex 2.81436 48.6 1.7329
      vertex 3.06863 48.9314 1.7329
    endloop
  endfacet
  facet normal -0.563392 0.432375 -0.704018
    outer loop
      vertex 3.41724 48.5828 1.23988
      vertex 2.75408 48.4545 1.69178
      vertex 2.81436 48.6 1.7329
    endloop
  endfacet
  facet normal -0.192594 0.464921 -0.86415
    outer loop
      vertex 4.85195 47.9885 0.456722
      vertex 4.17372 49.1632 1.23988
      vertex 5.40572 48.2179 0.456722
    endloop
  endfacet
  facet normal -0.0340261 0.258671 -0.965366
    outer loop
      vertex 5.40572 48.2179 0.456722
      vertex 5.8 47.8 0.330848
      vertex 5.74548 47.3859 0.221811
    endloop
  endfacet
  facet normal -0.0340155 0.258681 -0.965364
    outer loop
      vertex 5.8 47.8 0.330848
      vertex 5.40572 48.2179 0.456722
      vertex 5.74548 48.2141 0.443732
    endloop
  endfacet
  facet normal -0.0341062 0.25864 -0.965371
    outer loop
      vertex 5.40572 48.2179 0.456722
      vertex 5.74548 47.3859 0.221811
      vertex 5.67454 47.2146 0.178423
    endloop
  endfacet
  facet normal -0.0340185 0.25854 -0.965401
    outer loop
      vertex 5.74548 48.2141 0.443732
      vertex 5.40572 48.2179 0.456722
      vertex 5.72644 48.2601 0.456722
    endloop
  endfacet
  facet normal -0.464924 0.192572 -0.864154
    outer loop
      vertex 2.95578 46.8157 0.95065
      vertex 2.83678 47.8263 1.23988
      vertex 3.78214 46.5943 0.456722
    endloop
  endfacet
  facet normal -0.464948 0.192566 -0.864142
    outer loop
      vertex 2.81436 47 1.06781
      vertex 2.83678 47.8263 1.23988
      vertex 2.95578 46.8157 0.95065
    endloop
  endfacet
  facet normal -0.464927 0.192567 -0.864153
    outer loop
      vertex 2.65452 47.3859 1.2398
      vertex 2.83678 47.8263 1.23988
      vertex 2.81436 47 1.06781
    endloop
  endfacet
  facet normal -0.430819 0.178456 -0.884618
    outer loop
      vertex 2.83678 47.8263 1.23988
      vertex 2.65452 47.3859 1.2398
      vertex 2.65448 47.3862 1.23988
    endloop
  endfacet
  facet normal -0.958209 0.126151 -0.25675
    outer loop
      vertex 0.456722 46 3.7039
      vertex 0.254026 47.5396 5.21684
      vertex 0.645605 47.4347 3.7039
    endloop
  endfacet
  facet normal -0.860452 0.113278 -0.496779
    outer loop
      vertex 0.947286 46.6393 3
      vertex 0.645605 47.4347 3.7039
      vertex 1.03815 47.3295 3
    endloop
  endfacet
  facet normal -0.86045 0.113281 -0.496783
    outer loop
      vertex 0.645605 47.4347 3.7039
      vertex 0.947286 46.6393 3
      vertex 0.456722 46 3.7039
    endloop
  endfacet
  facet normal 0.332114 0.801808 -0.496795
    outer loop
      vertex 95.8 51 3.37612
      vertex 95.4347 51.3544 3.7039
      vertex 96.5187 50.9054 3.7039
    endloop
  endfacet
  facet normal 0.332131 0.80181 -0.496779
    outer loop
      vertex 95.3731 50.9438 3
      vertex 95.4347 51.3544 3.7039
      vertex 95.8 51 3.37612
    endloop
  endfacet
  facet normal 0.33116 0.802144 -0.496888
    outer loop
      vertex 95.4347 51.3544 3.7039
      vertex 95.3731 50.9438 3
      vertex 95.3295 50.9618 3
    endloop
  endfacet
  facet normal 0.369659 0.892942 -0.256916
    outer loop
      vertex 95.5396 51.746 5.21684
      vertex 96.684 50.8679 3.8115
      vertex 96.6282 50.891 3.8115
    endloop
  endfacet
  facet normal 0.369837 0.892881 -0.256874
    outer loop
      vertex 95.4347 51.3544 3.7039
      vertex 96.6282 50.891 3.8115
      vertex 96.5187 50.9054 3.7039
    endloop
  endfacet
  facet normal 0.369839 0.892913 -0.256759
    outer loop
      vertex 96.6282 50.891 3.8115
      vertex 95.4347 51.3544 3.7039
      vertex 95.5396 51.746 5.21684
    endloop
  endfacet
  facet normal 0.563238 0.432411 -0.704119
    outer loop
      vertex 97.1632 47.8263 1.23988
      vertex 97.3455 48.2141 1.62386
      vertex 97.3801 47.9515 1.49027
    endloop
  endfacet
  facet normal 0.563349 0.432325 -0.704084
    outer loop
      vertex 97.3455 48.2141 1.62386
      vertex 97.1632 47.8263 1.23988
      vertex 97.2459 48.4545 1.69178
    endloop
  endfacet
  facet normal 0 0.866024 -0.500003
    outer loop
      vertex 94 51.1369 3
      vertex 6 51.5433 3.7039
      vertex 94 51.5433 3.7039
    endloop
  endfacet
  facet normal 0 0.866024 -0.500003
    outer loop
      vertex 6 51.5433 3.7039
      vertex 94 51.1369 3
      vertex 6 51.1369 3
    endloop
  endfacet
  facet normal 0.271789 0.65614 -0.703996
    outer loop
      vertex 95.8263 49.1632 1.23988
      vertex 95.3862 49.3455 1.23988
      vertex 95.7319 49.391 1.41575
    endloop
  endfacet
  facet normal 0.306319 0.399248 -0.864158
    outer loop
      vertex 95.6236 47.6236 0.456722
      vertex 95.148 47.9885 0.456722
      vertex 95.8263 49.1632 1.23988
    endloop
  endfacet
  facet normal 0.158867 0.206932 -0.965371
    outer loop
      vertex 94.5074 46.8788 0.113382
      vertex 95.6236 47.6236 0.456722
      vertex 94.5613 46.8085 0.107183
    endloop
  endfacet
  facet normal 0.158819 0.207 -0.965364
    outer loop
      vertex 95.6236 47.6236 0.456722
      vertex 94.5074 46.8788 0.113382
      vertex 95.148 47.9885 0.456722
    endloop
  endfacet
  facet normal 0.39925 0.306311 -0.86416
    outer loop
      vertex 97.1632 47.8263 1.23988
      vertex 95.6236 47.6236 0.456722
      vertex 96.5828 48.5828 1.23988
    endloop
  endfacet
  facet normal 0.306311 0.39925 -0.86416
    outer loop
      vertex 96.5828 48.5828 1.23988
      vertex 95.6236 47.6236 0.456722
      vertex 95.8263 49.1632 1.23988
    endloop
  endfacet
  facet normal 0.24078 0.0994559 -0.965471
    outer loop
      vertex 94.8788 46.5074 0.113382
      vertex 95.021 46.4057 0.138369
      vertex 95 46.4144 0.134028
    endloop
  endfacet
  facet normal 0.241042 0.0998493 -0.965365
    outer loop
      vertex 95.021 46.4057 0.138369
      vertex 94.8788 46.5074 0.113382
      vertex 95.9885 47.148 0.456722
    endloop
  endfacet
  facet normal 0.860445 0.113326 -0.496782
    outer loop
      vertex 99.1369 46 3
      vertex 99.0527 46.6393 3
      vertex 99.5433 46 3.7039
    endloop
  endfacet
  facet normal -0.258814 1.514e-06 -0.965927
    outer loop
      vertex 5 26 0.109433
      vertex 5.21684 24.991 0.0513306
      vertex 5.0937 25.2882 0.0843256
    endloop
  endfacet
  facet normal -0.25882 0 -0.965925
    outer loop
      vertex 5.21684 24.991 0.0513306
      vertex 5 26 0.109433
      vertex 5.21684 27.009 0.0513306
    endloop
  endfacet
  facet normal -0.258814 -1.514e-06 -0.965927
    outer loop
      vertex 5.21684 27.009 0.0513306
      vertex 5 26 0.109433
      vertex 5.0937 26.7118 0.0843256
    endloop
  endfacet
  facet normal 0.860416 0.113318 -0.496833
    outer loop
      vertex 99.3544 47.4347 3.7039
      vertex 99.0527 46.6393 3
      vertex 98.9618 47.3295 3
    endloop
  endfacet
  facet normal 0.860434 0.113289 -0.496808
    outer loop
      vertex 99.0527 46.6393 3
      vertex 99.3544 47.4347 3.7039
      vertex 99.5433 46 3.7039
    endloop
  endfacet
  facet normal 0.801808 0.332114 -0.496795
    outer loop
      vertex 99.3544 47.4347 3.7039
      vertex 99 47.8 3.37612
      vertex 98.9054 48.5187 3.7039
    endloop
  endfacet
  facet normal 0.80181 0.332131 -0.496779
    outer loop
      vertex 99.3544 47.4347 3.7039
      vertex 98.9438 47.3731 3
      vertex 99 47.8 3.37612
    endloop
  endfacet
  facet normal 0.802144 0.33116 -0.496888
    outer loop
      vertex 98.9438 47.3731 3
      vertex 99.3544 47.4347 3.7039
      vertex 98.9618 47.3295 3
    endloop
  endfacet
  facet normal -0.241028 0.099827 -0.965371
    outer loop
      vertex 4.97901 46.4057 0.138369
      vertex 5.12121 46.5074 0.113382
      vertex 5 46.4144 0.134028
    endloop
  endfacet
  facet normal -0.241044 0.0998509 -0.965364
    outer loop
      vertex 5.12121 46.5074 0.113382
      vertex 4.97901 46.4057 0.138369
      vertex 4.01152 47.148 0.456722
    endloop
  endfacet
  facet normal -0.158865 0.20694 -0.965369
    outer loop
      vertex 5.33137 46.6686 0.0948529
      vertex 4.37641 47.6236 0.456722
      vertex 5.43868 46.8085 0.107183
    endloop
  endfacet
  facet normal -0.0998432 -0.241042 -0.965365
    outer loop
      vertex 4.85195 4.01152 0.456722
      vertex 5.67454 4.78537 0.178423
      vertex 5.40572 3.78214 0.456722
    endloop
  endfacet
  facet normal -0.0998438 -0.241041 -0.965365
    outer loop
      vertex 5.67454 4.78537 0.178423
      vertex 4.85195 4.01152 0.456722
      vertex 5.59433 4.97901 0.138369
    endloop
  endfacet
  facet normal -0.158825 -0.206988 -0.965365
    outer loop
      vertex 4.37641 4.37641 0.456722
      vertex 5.49263 5.12121 0.113382
      vertex 4.85195 4.01152 0.456722
    endloop
  endfacet
  facet normal -0.158828 -0.206984 -0.965366
    outer loop
      vertex 5.49263 5.12121 0.113382
      vertex 4.37641 4.37641 0.456722
      vertex 5.43868 5.19152 0.107183
    endloop
  endfacet
  facet normal -0.126151 -0.958209 -0.256752
    outer loop
      vertex 6 0.456722 3.7039
      vertex 4.46037 0.254026 5.21684
      vertex 4.56529 0.645605 3.7039
    endloop
  endfacet
  facet normal -0.271783 -0.656078 -0.704056
    outer loop
      vertex 4.2 2.6 1.45038
      vertex 4.17372 2.83678 1.23988
      vertex 4.26808 2.60896 1.41575
    endloop
  endfacet
  facet normal -0.271767 -0.656081 -0.70406
    outer loop
      vertex 4.17372 2.83678 1.23988
      vertex 4.2 2.6 1.45038
      vertex 4.04852 2.61994 1.49027
    endloop
  endfacet
  facet normal -0.793352 -0.608763 0
    outer loop
      vertex 1.79366 1.79366 5.21684
      vertex 0.848301 3.02567 27.5
      vertex 0.848301 3.02567 5.21684
    endloop
  endfacet
  facet normal -0.793352 -0.608763 0
    outer loop
      vertex 0.848301 3.02567 27.5
      vertex 1.79366 1.79366 5.21684
      vertex 1.79366 1.79366 27.5
    endloop
  endfacet
  facet normal 0.958207 -0.126153 -0.256757
    outer loop
      vertex 99.746 4.46037 5.21684
      vertex 99.5433 6 3.7039
      vertex 99.9487 6 5.21684
    endloop
  endfacet
  facet normal 0.113281 -0.86045 -0.496783
    outer loop
      vertex 94.6393 0.947286 3
      vertex 95.4347 0.645605 3.7039
      vertex 94 0.456722 3.7039
    endloop
  endfacet
  facet normal 0.113278 -0.860452 -0.496779
    outer loop
      vertex 95.4347 0.645605 3.7039
      vertex 94.6393 0.947286 3
      vertex 95.3295 1.03815 3
    endloop
  endfacet
  facet normal 0.126151 -0.958209 -0.25675
    outer loop
      vertex 95.5396 0.254026 5.21684
      vertex 94 0.456722 3.7039
      vertex 95.4347 0.645605 3.7039
    endloop
  endfacet
  facet normal 0.306308 -0.399244 -0.864164
    outer loop
      vertex 95.8263 2.83678 1.23988
      vertex 95.148 4.01152 0.456722
      vertex 95.6236 4.37641 0.456722
    endloop
  endfacet
  facet normal 0.192594 -0.464901 -0.864161
    outer loop
      vertex 95.8263 2.83678 1.23988
      vertex 94.5943 3.78214 0.456722
      vertex 95.148 4.01152 0.456722
    endloop
  endfacet
  facet normal 0.656111 -0.271771 -0.70403
    outer loop
      vertex 97.391 4.26808 1.41575
      vertex 97.1632 4.17372 1.23988
      vertex 97.3455 4.61383 1.23988
    endloop
  endfacet
  facet normal 0.552718 -0.228944 -0.801304
    outer loop
      vertex 97.1632 4.17372 1.23988
      vertex 97.3455 4.61411 1.2398
      vertex 97.3455 4.61383 1.23988
    endloop
  endfacet
  facet normal 0.46482 -0.19257 -0.86421
    outer loop
      vertex 97.3455 4.61411 1.2398
      vertex 97.1632 4.17372 1.23988
      vertex 97.1856 5 1.06781
    endloop
  endfacet
  facet normal 0.465005 -0.192555 -0.864114
    outer loop
      vertex 97.1632 4.17372 1.23988
      vertex 97.0442 5.1843 0.95065
      vertex 97.1856 5 1.06781
    endloop
  endfacet
  facet normal 0.464946 -0.19257 -0.864142
    outer loop
      vertex 97.0442 5.1843 0.95065
      vertex 97.1632 4.17372 1.23988
      vertex 96.2179 5.40572 0.456722
    endloop
  endfacet
  facet normal 0.866024 0 -0.500003
    outer loop
      vertex 99.5433 6 3.7039
      vertex 99.1369 46 3
      vertex 99.5433 46 3.7039
    endloop
  endfacet
  facet normal 0.866024 0 -0.500003
    outer loop
      vertex 99.1369 46 3
      vertex 99.5433 6 3.7039
      vertex 99.1369 6 3
    endloop
  endfacet
  facet normal 0.2585 0.0340153 -0.965412
    outer loop
      vertex 96.2141 46.2545 0.443732
      vertex 96.2179 46.5943 0.456722
      vertex 96.2601 46.2736 0.456722
    endloop
  endfacet
  facet normal 0.258683 0.0340114 -0.965363
    outer loop
      vertex 95.8 46.2 0.330848
      vertex 96.2179 46.5943 0.456722
      vertex 96.2141 46.2545 0.443732
    endloop
  endfacet
  facet normal 0.25867 0.0340261 -0.965366
    outer loop
      vertex 95.3859 46.2545 0.221811
      vertex 96.2179 46.5943 0.456722
      vertex 95.8 46.2 0.330848
    endloop
  endfacet
  facet normal 0.258645 0.0340896 -0.965371
    outer loop
      vertex 96.2179 46.5943 0.456722
      vertex 95.3859 46.2545 0.221811
      vertex 95.2146 46.3255 0.178423
    endloop
  endfacet
  facet normal 0.241026 -0.0998452 -0.965369
    outer loop
      vertex 95.9885 4.85195 0.456722
      vertex 95.2146 5.67454 0.178423
      vertex 96.2179 5.40572 0.456722
    endloop
  endfacet
  facet normal 0.241072 -0.0997992 -0.965362
    outer loop
      vertex 95.2146 5.67454 0.178423
      vertex 95.9885 4.85195 0.456722
      vertex 95.021 5.59433 0.138369
    endloop
  endfacet
  facet normal -0.113323 0.860445 -0.496782
    outer loop
      vertex 6 51.1369 3
      vertex 5.36068 51.0527 3
      vertex 6 51.5433 3.7039
    endloop
  endfacet
  facet normal -0.19257 0.464946 -0.864142
    outer loop
      vertex 4.17372 49.1632 1.23988
      vertex 5.1843 49.0442 0.95065
      vertex 5.40572 48.2179 0.456722
    endloop
  endfacet
  facet normal -0.192555 0.465005 -0.864114
    outer loop
      vertex 5.1843 49.0442 0.95065
      vertex 4.17372 49.1632 1.23988
      vertex 5 49.1856 1.06781
    endloop
  endfacet
  facet normal -0.19257 0.46482 -0.86421
    outer loop
      vertex 5 49.1856 1.06781
      vertex 4.17372 49.1632 1.23988
      vertex 4.61411 49.3455 1.2398
    endloop
  endfacet
  facet normal -0.228944 0.552718 -0.801304
    outer loop
      vertex 4.61411 49.3455 1.2398
      vertex 4.17372 49.1632 1.23988
      vertex 4.61383 49.3455 1.23988
    endloop
  endfacet
  facet normal -0.0655936 0.498935 -0.864154
    outer loop
      vertex 5.40572 48.2179 0.456722
      vertex 5.33137 48.9314 0.874318
      vertex 5.57159 48.6183 0.67531
    endloop
  endfacet
  facet normal -0.0658582 0.498906 -0.86415
    outer loop
      vertex 5.33137 48.9314 0.874318
      vertex 5.40572 48.2179 0.456722
      vertex 5.1843 49.0442 0.95065
    endloop
  endfacet
  facet normal -0.563471 0.432265 -0.704022
    outer loop
      vertex 2.83678 47.8263 1.23988
      vertex 2.65452 48.2141 1.62386
      vertex 2.75408 48.4545 1.69178
    endloop
  endfacet
  facet normal -0.563358 0.432354 -0.704058
    outer loop
      vertex 2.65452 48.2141 1.62386
      vertex 2.83678 47.8263 1.23988
      vertex 2.61994 47.9515 1.49027
    endloop
  endfacet
  facet normal -0.656101 0.271705 -0.704065
    outer loop
      vertex 2.6 47.8 1.45038
      vertex 2.83678 47.8263 1.23988
      vertex 2.60896 47.7319 1.41575
    endloop
  endfacet
  facet normal -0.656097 0.271732 -0.704058
    outer loop
      vertex 2.83678 47.8263 1.23988
      vertex 2.6 47.8 1.45038
      vertex 2.61994 47.9515 1.49027
    endloop
  endfacet
  facet normal -0.24104 0.099855 -0.965364
    outer loop
      vertex 4.78537 46.3255 0.178423
      vertex 4.01152 47.148 0.456722
      vertex 4.97901 46.4057 0.138369
    endloop
  endfacet
  facet normal -0.24104 0.0998552 -0.965364
    outer loop
      vertex 4.01152 47.148 0.456722
      vertex 4.78537 46.3255 0.178423
      vertex 3.78214 46.5943 0.456722
    endloop
  endfacet
  facet normal -0.258667 0.034055 -0.965366
    outer loop
      vertex 3.78214 46.5943 0.456722
      vertex 4.61411 46.2545 0.221811
      vertex 4.2 46.2 0.330848
    endloop
  endfacet
  facet normal -0.258672 0.0340497 -0.965365
    outer loop
      vertex 3.78214 46.5943 0.456722
      vertex 4.2 46.2 0.330848
      vertex 3.78589 46.2545 0.443732
    endloop
  endfacet
  facet normal -0.258678 0.0340273 -0.965364
    outer loop
      vertex 4.61411 46.2545 0.221811
      vertex 3.78214 46.5943 0.456722
      vertex 4.78537 46.3255 0.178423
    endloop
  endfacet
  facet normal -0.258591 0.0340514 -0.965387
    outer loop
      vertex 3.78214 46.5943 0.456722
      vertex 3.78589 46.2545 0.443732
      vertex 3.73991 46.2736 0.456722
    endloop
  endfacet
  facet normal 0.432325 0.563349 -0.704084
    outer loop
      vertex 95.8263 49.1632 1.23988
      vertex 96.2141 49.3455 1.62386
      vertex 96.4545 49.2459 1.69178
    endloop
  endfacet
  facet normal 0.432411 0.563238 -0.704119
    outer loop
      vertex 96.2141 49.3455 1.62386
      vertex 95.8263 49.1632 1.23988
      vertex 95.9515 49.3801 1.49027
    endloop
  endfacet
  facet normal 0.0658396 0.498911 -0.864149
    outer loop
      vertex 94.5943 48.2179 0.456722
      vertex 94.6686 48.9314 0.874318
      vertex 94.8157 49.0442 0.95065
    endloop
  endfacet
  facet normal 0.0655887 0.498939 -0.864152
    outer loop
      vertex 94.6686 48.9314 0.874318
      vertex 94.5943 48.2179 0.456722
      vertex 94.4284 48.6183 0.675311
    endloop
  endfacet
  facet normal 0.218788 0.528188 -0.820456
    outer loop
      vertex 95.8263 49.1632 1.23988
      vertex 95.3859 49.3455 1.2398
      vertex 95.3862 49.3455 1.23988
    endloop
  endfacet
  facet normal 0.192565 0.46482 -0.864211
    outer loop
      vertex 95.8263 49.1632 1.23988
      vertex 95 49.1856 1.06781
      vertex 95.3859 49.3455 1.2398
    endloop
  endfacet
  facet normal 0.19255 0.46501 -0.864112
    outer loop
      vertex 95.8263 49.1632 1.23988
      vertex 94.8157 49.0442 0.95065
      vertex 95 49.1856 1.06781
    endloop
  endfacet
  facet normal 0.192565 0.464951 -0.864141
    outer loop
      vertex 94.8157 49.0442 0.95065
      vertex 95.8263 49.1632 1.23988
      vertex 94.5943 48.2179 0.456722
    endloop
  endfacet
  facet normal 0.241024 0.0998572 -0.965368
    outer loop
      vertex 95.2146 46.3255 0.178423
      vertex 95.9885 47.148 0.456722
      vertex 96.2179 46.5943 0.456722
    endloop
  endfacet
  facet normal 0.241071 0.0998105 -0.965361
    outer loop
      vertex 95.9885 47.148 0.456722
      vertex 95.2146 46.3255 0.178423
      vertex 95.021 46.4057 0.138369
    endloop
  endfacet
  facet normal 0.498946 0.0656549 -0.864142
    outer loop
      vertex 96.2179 46.5943 0.456722
      vertex 96.6 46.4144 0.663674
      vertex 96.2601 46.2736 0.456722
    endloop
  endfacet
  facet normal 0.499033 0.0659211 -0.864072
    outer loop
      vertex 96.6 46.4144 0.663674
      vertex 96.2179 46.5943 0.456722
      vertex 96.6183 46.4284 0.675311
    endloop
  endfacet
  facet normal 0.207 0.158819 -0.965364
    outer loop
      vertex 94.8788 46.5074 0.113382
      vertex 95.6236 47.6236 0.456722
      vertex 95.9885 47.148 0.456722
    endloop
  endfacet
  facet normal 0.206932 0.158867 -0.965371
    outer loop
      vertex 95.6236 47.6236 0.456722
      vertex 94.8788 46.5074 0.113382
      vertex 94.8085 46.5613 0.107183
    endloop
  endfacet
  facet normal 0.399248 0.306319 -0.864158
    outer loop
      vertex 95.9885 47.148 0.456722
      vertex 95.6236 47.6236 0.456722
      vertex 97.1632 47.8263 1.23988
    endloop
  endfacet
  facet normal -0.258673 -0.0340438 -0.965365
    outer loop
      vertex 3.78214 5.40572 0.456722
      vertex 4.61411 5.74548 0.221811
      vertex 4.78537 5.67454 0.178423
    endloop
  endfacet
  facet normal -0.258669 -0.0340549 -0.965366
    outer loop
      vertex 4.61411 5.74548 0.221811
      vertex 3.78214 5.40572 0.456722
      vertex 4.2 5.8 0.330848
    endloop
  endfacet
  facet normal -0.25867 -0.0340537 -0.965365
    outer loop
      vertex 4.2 5.8 0.330848
      vertex 3.78214 5.40572 0.456722
      vertex 3.78589 5.74548 0.443732
    endloop
  endfacet
  facet normal -0.258631 -0.0340545 -0.965376
    outer loop
      vertex 3.78589 5.74548 0.443732
      vertex 3.78214 5.40572 0.456722
      vertex 3.73991 5.72644 0.456722
    endloop
  endfacet
  facet normal 0.241039 -0.0998439 -0.965366
    outer loop
      vertex 94.8788 5.49263 0.113382
      vertex 95.021 5.59433 0.138369
      vertex 95.9885 4.85195 0.456722
    endloop
  endfacet
  facet normal 0.240678 -0.099303 -0.965512
    outer loop
      vertex 95.021 5.59433 0.138369
      vertex 94.8788 5.49263 0.113382
      vertex 95 5.58564 0.134028
    endloop
  endfacet
  facet normal -0.206976 0.15883 -0.965367
    outer loop
      vertex 5.19152 46.5613 0.107183
      vertex 4.37641 47.6236 0.456722
      vertex 5.33137 46.6686 0.0948529
    endloop
  endfacet
  facet normal -0.588351 -0.76676 -0.256754
    outer loop
      vertex 2.6 1.42872 4.45892
      vertex 3.02567 0.848301 5.21684
      vertex 2.55208 1.46549 4.45892
    endloop
  endfacet
  facet normal -0.588354 -0.766759 -0.256751
    outer loop
      vertex 3.02567 0.848301 5.21684
      vertex 2.6 1.42872 4.45892
      vertex 3.21395 1.17441 3.8115
    endloop
  endfacet
  facet normal 0.608766 -0.79335 0
    outer loop
      vertex 96.9743 0.848301 5.21684
      vertex 98.2063 1.79366 27.5
      vertex 96.9743 0.848301 27.5
    endloop
  endfacet
  facet normal 0.608766 -0.79335 0
    outer loop
      vertex 98.2063 1.79366 27.5
      vertex 96.9743 0.848301 5.21684
      vertex 98.2063 1.79366 5.21684
    endloop
  endfacet
  facet normal -0.79335 0.608766 0
    outer loop
      vertex 0.848301 48.9743 5.21684
      vertex 1.79366 50.2063 27.5
      vertex 1.79366 50.2063 5.21684
    endloop
  endfacet
  facet normal -0.79335 0.608766 0
    outer loop
      vertex 1.79366 50.2063 27.5
      vertex 0.848301 48.9743 5.21684
      vertex 0.848301 48.9743 27.5
    endloop
  endfacet
  facet normal 0.766769 -0.588342 -0.256747
    outer loop
      vertex 99.1517 3.02567 5.21684
      vertex 98.5713 2.6 4.45892
      vertex 98.8256 3.21395 3.8115
    endloop
  endfacet
  facet normal 0.7666 -0.588708 -0.256412
    outer loop
      vertex 98.5713 2.6 4.45892
      vertex 99.1517 3.02567 5.21684
      vertex 98.5345 2.55208 4.45892
    endloop
  endfacet
  facet normal 0.563422 -0.432369 -0.703997
    outer loop
      vertex 96.5828 3.41724 1.23988
      vertex 97.2459 3.54553 1.69178
      vertex 97.1856 3.4 1.7329
    endloop
  endfacet
  facet normal 0.563463 -0.432243 -0.704043
    outer loop
      vertex 96.5828 3.41724 1.23988
      vertex 97.1856 3.4 1.7329
      vertex 96.9314 3.06863 1.7329
    endloop
  endfacet
  facet normal 0.563434 -0.432288 -0.704038
    outer loop
      vertex 97.2459 3.54553 1.69178
      vertex 96.5828 3.41724 1.23988
      vertex 97.1632 4.17372 1.23988
    endloop
  endfacet
  facet normal 0.563262 -0.432372 -0.704124
    outer loop
      vertex 97.1632 4.17372 1.23988
      vertex 97.3455 3.78589 1.62386
      vertex 97.2459 3.54553 1.69178
    endloop
  endfacet
  facet normal 0.563267 -0.432368 -0.704122
    outer loop
      vertex 97.3455 3.78589 1.62386
      vertex 97.1632 4.17372 1.23988
      vertex 97.3801 4.04852 1.49027
    endloop
  endfacet
  facet normal 0.332128 -0.801814 -0.496774
    outer loop
      vertex 95.4347 0.645605 3.7039
      vertex 95.8 1 3.37612
      vertex 96.5187 1.09462 3.7039
    endloop
  endfacet
  facet normal 0.331967 -0.801869 -0.496793
    outer loop
      vertex 95.3731 1.0562 3
      vertex 95.4347 0.645605 3.7039
      vertex 95.3295 1.03815 3
    endloop
  endfacet
  facet normal 0.332127 -0.801814 -0.496775
    outer loop
      vertex 95.4347 0.645605 3.7039
      vertex 95.3731 1.0562 3
      vertex 95.8 1 3.37612
    endloop
  endfacet
  facet normal 0 -0.965926 -0.258819
    outer loop
      vertex 6 0.456722 3.7039
      vertex 94 0.0513306 5.21684
      vertex 6 0.0513306 5.21684
    endloop
  endfacet
  facet normal 0 -0.965926 -0.258819
    outer loop
      vertex 94 0.0513306 5.21684
      vertex 6 0.456722 3.7039
      vertex 94 0.456722 3.7039
    endloop
  endfacet
  facet normal -0.113279 -0.860451 -0.496782
    outer loop
      vertex 6 0.456722 3.7039
      vertex 5.36068 0.947286 3
      vertex 6 0.863119 3
    endloop
  endfacet
  facet normal -0.271455 0.65609 -0.704172
    outer loop
      vertex 4.17372 49.1632 1.23988
      vertex 4.2 49.4 1.45038
      vertex 4.26808 49.391 1.41575
    endloop
  endfacet
  facet normal -0.271611 0.65607 -0.704131
    outer loop
      vertex 4.2 49.4 1.45038
      vertex 4.17372 49.1632 1.23988
      vertex 4.04852 49.3801 1.49027
    endloop
  endfacet
  facet normal -0.432368 0.563267 -0.704122
    outer loop
      vertex 4.17372 49.1632 1.23988
      vertex 3.78589 49.3455 1.62386
      vertex 4.04852 49.3801 1.49027
    endloop
  endfacet
  facet normal -0.432372 0.563262 -0.704124
    outer loop
      vertex 3.78589 49.3455 1.62386
      vertex 4.17372 49.1632 1.23988
      vertex 3.54553 49.2459 1.69178
    endloop
  endfacet
  facet normal -0.0997992 0.241072 -0.965362
    outer loop
      vertex 4.85195 47.9885 0.456722
      vertex 5.67454 47.2146 0.178423
      vertex 5.59433 47.021 0.138369
    endloop
  endfacet
  facet normal -0.0998452 0.241026 -0.965369
    outer loop
      vertex 5.67454 47.2146 0.178423
      vertex 4.85195 47.9885 0.456722
      vertex 5.40572 48.2179 0.456722
    endloop
  endfacet
  facet normal -0.0996734 -0.240925 -0.965412
    outer loop
      vertex 5.59433 4.97901 0.138369
      vertex 5.49263 5.12121 0.113382
      vertex 5.58564 5 0.134028
    endloop
  endfacet
  facet normal -0.0998455 -0.24104 -0.965366
    outer loop
      vertex 5.49263 5.12121 0.113382
      vertex 5.59433 4.97901 0.138369
      vertex 4.85195 4.01152 0.456722
    endloop
  endfacet
  facet normal 0.991445 -0.130529 0
    outer loop
      vertex 99.746 4.46037 27.5
      vertex 99.9487 6 5.21684
      vertex 99.9487 6 27.5
    endloop
  endfacet
  facet normal 0.991445 -0.130529 0
    outer loop
      vertex 99.9487 6 5.21684
      vertex 99.746 4.46037 27.5
      vertex 99.746 4.46037 5.21684
    endloop
  endfacet
  facet normal 0.656112 0.271377 -0.704181
    outer loop
      vertex 97.1632 47.8263 1.23988
      vertex 97.4 47.8 1.45038
      vertex 97.391 47.7319 1.41575
    endloop
  endfacet
  facet normal 0.656087 0.271576 -0.704128
    outer loop
      vertex 97.4 47.8 1.45038
      vertex 97.1632 47.8263 1.23988
      vertex 97.3801 47.9515 1.49027
    endloop
  endfacet
  facet normal -0.158815 0.207003 -0.965364
    outer loop
      vertex 4.37641 47.6236 0.456722
      vertex 5.49263 46.8788 0.113382
      vertex 5.43868 46.8085 0.107183
    endloop
  endfacet
  facet normal -0.158827 0.206985 -0.965366
    outer loop
      vertex 5.49263 46.8788 0.113382
      vertex 4.37641 47.6236 0.456722
      vertex 4.85195 47.9885 0.456722
    endloop
  endfacet
  facet normal -0.099303 0.240678 -0.965512
    outer loop
      vertex 5.49263 46.8788 0.113382
      vertex 5.59433 47.021 0.138369
      vertex 5.58564 47 0.134028
    endloop
  endfacet
  facet normal -0.0998439 0.241039 -0.965366
    outer loop
      vertex 5.59433 47.021 0.138369
      vertex 5.49263 46.8788 0.113382
      vertex 4.85195 47.9885 0.456722
    endloop
  endfacet
  facet normal -0.0657004 -0.498918 -0.864155
    outer loop
      vertex 5.33137 3.06863 0.874318
      vertex 5.40572 3.78214 0.456722
      vertex 5.57159 3.38169 0.67531
    endloop
  endfacet
  facet normal -0.0656801 -0.49892 -0.864156
    outer loop
      vertex 5.40572 3.78214 0.456722
      vertex 5.33137 3.06863 0.874318
      vertex 5.1843 2.95578 0.95065
    endloop
  endfacet
  facet normal 0 -0.866025 -0.5
    outer loop
      vertex 6 0.863119 3
      vertex 94 0.456722 3.7039
      vertex 6 0.456722 3.7039
    endloop
  endfacet
  facet normal 0 -0.866025 -0.5
    outer loop
      vertex 94 0.456722 3.7039
      vertex 6 0.863119 3
      vertex 94 0.863119 3
    endloop
  endfacet
  facet normal -0.33212 -0.801809 -0.496788
    outer loop
      vertex 4.2 1 3.37612
      vertex 4.56529 0.645605 3.7039
      vertex 3.48127 1.09462 3.7039
    endloop
  endfacet
  facet normal -0.33213 -0.801811 -0.496778
    outer loop
      vertex 4.6269 1.0562 3
      vertex 4.56529 0.645605 3.7039
      vertex 4.2 1 3.37612
    endloop
  endfacet
  facet normal -0.332099 -0.801822 -0.496782
    outer loop
      vertex 4.56529 0.645605 3.7039
      vertex 4.6269 1.0562 3
      vertex 4.67048 1.03815 3
    endloop
  endfacet
  facet normal -0.113278 -0.860453 -0.496778
    outer loop
      vertex 5.36068 0.947286 3
      vertex 4.56529 0.645605 3.7039
      vertex 4.67048 1.03815 3
    endloop
  endfacet
  facet normal -0.11328 -0.860451 -0.496781
    outer loop
      vertex 4.56529 0.645605 3.7039
      vertex 5.36068 0.947286 3
      vertex 6 0.456722 3.7039
    endloop
  endfacet
  facet normal -0.271757 -0.656077 -0.704068
    outer loop
      vertex 4.26808 2.60896 1.41575
      vertex 4.17372 2.83678 1.23988
      vertex 4.61383 2.65448 1.23988
    endloop
  endfacet
  facet normal -0.192571 -0.464943 -0.864144
    outer loop
      vertex 4.17372 2.83678 1.23988
      vertex 5.1843 2.95578 0.95065
      vertex 5 2.81436 1.06781
    endloop
  endfacet
  facet normal -0.192572 -0.464927 -0.864152
    outer loop
      vertex 4.17372 2.83678 1.23988
      vertex 5 2.81436 1.06781
      vertex 4.61411 2.65452 1.2398
    endloop
  endfacet
  facet normal -0.185743 -0.448421 -0.87431
    outer loop
      vertex 4.17372 2.83678 1.23988
      vertex 4.61411 2.65452 1.2398
      vertex 4.61383 2.65448 1.23988
    endloop
  endfacet
  facet normal -0.192577 -0.464919 -0.864156
    outer loop
      vertex 5.1843 2.95578 0.95065
      vertex 4.17372 2.83678 1.23988
      vertex 5.40572 3.78214 0.456722
    endloop
  endfacet
  facet normal 0.24103 0.0998617 0.965366
    outer loop
      vertex 4.8397 5.3301 2.25332
      vertex 4.81311 5.34111 2.25882
      vertex 4.67435 5.23463 2.30448
    endloop
  endfacet
  facet normal -0.588388 0.76673 0.25676
    outer loop
      vertex 96.6131 3.38687 4.46927
      vertex 96.1365 2.9443 4.69869
      vertex 96.3374 3.02752 4.91056
    endloop
  endfacet
  facet normal -0.588337 0.766732 0.25687
    outer loop
      vertex 96.1365 2.9443 4.69869
      vertex 96.6131 3.38687 4.46927
      vertex 96.0156 2.92839 4.46927
    endloop
  endfacet
  facet normal 0 -0.7071 0.707113
    outer loop
      vertex 7.29096 48.6282 3.01976
      vertex 92.9349 49.1734 3.56495
      vertex 7.06514 49.1734 3.56495
    endloop
  endfacet
  facet normal 0 -0.7071 0.707113
    outer loop
      vertex 7.29096 48.6282 3.01976
      vertex 92.709 48.6282 3.01976
      vertex 92.9349 49.1734 3.56495
    endloop
  endfacet
  facet normal 0 -0.708181 0.706031
    outer loop
      vertex 7.29356 48.6085 3
      vertex 92.709 48.6282 3.01976
      vertex 7.29096 48.6282 3.01976
    endloop
  endfacet
  facet normal 0 -0.708181 0.706031
    outer loop
      vertex 92.709 48.6282 3.01976
      vertex 7.29356 48.6085 3
      vertex 92.7064 48.6085 3
    endloop
  endfacet
  facet normal -0.498687 0.0668227 0.864202
    outer loop
      vertex 96.329 5.37593 2.81282
      vertex 96.1365 5.4557 2.69557
      vertex 95.9298 5.48291 2.57419
    endloop
  endfacet
  facet normal 0.160775 -0.208094 0.964805
    outer loop
      vertex 5.3301 47.1603 2.25332
      vertex 5.31386 47.1344 2.25044
      vertex 5.32583 47.15 2.25181
    endloop
  endfacet
  facet normal 0.158819 -0.206931 0.965379
    outer loop
      vertex 5.31386 47.1344 2.25044
      vertex 5.3301 47.1603 2.25332
      vertex 5.23463 47.3257 2.30448
    endloop
  endfacet
  facet normal -0.766709 -0.588381 0.256835
    outer loop
      vertex 96.6131 48.6131 4.46927
      vertex 97.0557 48.1365 4.69869
      vertex 96.9725 48.3374 4.91056
    endloop
  endfacet
  facet normal -0.766711 -0.588346 0.25691
    outer loop
      vertex 97.0557 48.1365 4.69869
      vertex 96.6131 48.6131 4.46927
      vertex 97.0716 48.0156 4.46927
    endloop
  endfacet
  facet normal -0.0999016 -0.240923 0.965389
    outer loop
      vertex 94.6699 47.1603 2.25332
      vertex 94.7654 47.3257 2.30448
      vertex 94.6589 47.1869 2.25882
    endloop
  endfacet
  facet normal 0.241044 0.0998425 0.965365
    outer loop
      vertex 4.67435 5.23463 2.30448
      vertex 4.81311 5.34111 2.25882
      vertex 4.59237 5.43255 2.30448
    endloop
  endfacet
  facet normal -0.608819 -0.793309 0
    outer loop
      vertex 95.9829 49.4345 10
      vertex 96.8042 48.8042 27.5
      vertex 95.9829 49.4345 27.5
    endloop
  endfacet
  facet normal -0.608819 -0.793309 -0
    outer loop
      vertex 96.8042 48.8042 27.5
      vertex 95.9829 49.4345 10
      vertex 96.8042 48.8042 10
    endloop
  endfacet
  facet normal 1 0 0
    outer loop
      vertex 2.03422 46 27.5
      vertex 2.03422 45.4629 10
      vertex 2.03422 46 10
    endloop
  endfacet
  facet normal 1 0 0
    outer loop
      vertex 2.03422 13 5.47789
      vertex 2.03422 45.4629 10
      vertex 2.03422 13 12
    endloop
  endfacet
  facet normal 1 0 0
    outer loop
      vertex 2.03422 46 27.5
      vertex 2.03422 13 12
      vertex 2.03422 45.4629 10
    endloop
  endfacet
  facet normal 1 -0 0
    outer loop
      vertex 2.03422 6 27.5
      vertex 2.03422 13 12
      vertex 2.03422 46 27.5
    endloop
  endfacet
  facet normal 1 0 0
    outer loop
      vertex 2.03422 11 12
      vertex 2.03422 6.53714 10
      vertex 2.03422 11 5.47789
    endloop
  endfacet
  facet normal 1 0 0
    outer loop
      vertex 2.03422 13 12
      vertex 2.03422 6 27.5
      vertex 2.03422 11 12
    endloop
  endfacet
  facet normal 1 0 0
    outer loop
      vertex 2.03422 6 10
      vertex 2.03422 11 12
      vertex 2.03422 6 27.5
    endloop
  endfacet
  facet normal 1 0 0
    outer loop
      vertex 2.03422 11 12
      vertex 2.03422 6 10
      vertex 2.03422 6.53714 10
    endloop
  endfacet
  facet normal 1 0 0
    outer loop
      vertex 2.03422 45.4629 10
      vertex 2.03422 13 5.47789
      vertex 2.03422 45.4629 5.47789
    endloop
  endfacet
  facet normal 1 0 0
    outer loop
      vertex 2.03422 11 5.47789
      vertex 2.03422 6.53714 10
      vertex 2.03422 6.53714 5.47789
    endloop
  endfacet
  facet normal 0.306346 0.399235 0.864155
    outer loop
      vertex 5.23463 4.67435 2.30448
      vertex 4.91761 4.91761 2.30448
      vertex 4.27816 4.27816 2.82659
    endloop
  endfacet
  facet normal 0.208231 0.161139 0.964715
    outer loop
      vertex 4.8397 5.3301 2.25332
      vertex 4.86561 5.31386 2.25044
      vertex 4.85 5.32583 2.25181
    endloop
  endfacet
  facet normal 0.206921 0.158934 0.965362
    outer loop
      vertex 4.86561 5.31386 2.25044
      vertex 4.8397 5.3301 2.25332
      vertex 4.67435 5.23463 2.30448
    endloop
  endfacet
  facet normal -0.528349 0.688554 0.496731
    outer loop
      vertex 96.6131 3.38687 4.46927
      vertex 95.8 2.9 4.2793
      vertex 96.0156 2.92839 4.46927
    endloop
  endfacet
  facet normal -0.528154 0.687672 0.498158
    outer loop
      vertex 96.6131 3.38687 4.46927
      vertex 95.7889 2.90145 4.26553
      vertex 95.8 2.9 4.2793
    endloop
  endfacet
  facet normal -0.528326 0.688551 0.49676
    outer loop
      vertex 95.7889 2.90145 4.26553
      vertex 96.6131 3.38687 4.46927
      vertex 95.5867 3.25174 3.56495
    endloop
  endfacet
  facet normal -0.065875 0.498869 0.86417
    outer loop
      vertex 94.5443 3.86353 2.69557
      vertex 94.6241 3.67096 2.81282
      vertex 94.5171 4.0702 2.57419
    endloop
  endfacet
  facet normal 0.464906 0.192568 0.864164
    outer loop
      vertex 4.53646 5.4557 2.3294
      vertex 4.67435 5.23463 2.30448
      vertex 4.59237 5.43255 2.30448
    endloop
  endfacet
  facet normal 0.464906 0.192567 0.864165
    outer loop
      vertex 4.41958 5.47109 2.38885
      vertex 4.67435 5.23463 2.30448
      vertex 4.53646 5.4557 2.3294
    endloop
  endfacet
  facet normal 0.464919 0.192585 0.864154
    outer loop
      vertex 4.67435 5.23463 2.30448
      vertex 4.41958 5.47109 2.38885
      vertex 3.89119 4.78248 2.82659
    endloop
  endfacet
  facet normal 0.588411 -0.766814 0.256455
    outer loop
      vertex 3.28076 48.7192 5.02932
      vertex 3.66262 48.9725 4.91056
      vertex 3.55 48.9258 5.02932
    endloop
  endfacet
  facet normal 0.588427 -0.766707 0.256737
    outer loop
      vertex 3.66262 48.9725 4.91056
      vertex 3.28076 48.7192 5.02932
      vertex 3.38687 48.6131 4.46927
    endloop
  endfacet
  facet normal -0.158801 0.207011 0.965365
    outer loop
      vertex 94.6861 4.86561 2.25044
      vertex 95.0824 4.91761 2.30448
      vertex 94.8808 5.11924 2.22808
    endloop
  endfacet
  facet normal -0.158793 0.206928 0.965384
    outer loop
      vertex 95.0824 4.91761 2.30448
      vertex 94.6861 4.86561 2.25044
      vertex 94.7654 4.67435 2.30448
    endloop
  endfacet
  facet normal 0.991445 -0.130528 0
    outer loop
      vertex 2.03422 46 27.5
      vertex 2.16935 47.0264 10
      vertex 2.16935 47.0264 27.5
    endloop
  endfacet
  facet normal 0.991445 -0.130528 0
    outer loop
      vertex 2.16935 47.0264 10
      vertex 2.03422 46 27.5
      vertex 2.03422 46 10
    endloop
  endfacet
  facet normal 0.399234 -0.306365 0.864148
    outer loop
      vertex 4.67435 46.7654 2.30448
      vertex 4.91761 47.0824 2.30448
      vertex 4.27816 47.7218 2.82659
    endloop
  endfacet
  facet normal 0.241029 -0.099846 0.965368
    outer loop
      vertex 4.81311 46.6589 2.25882
      vertex 4.67435 46.7654 2.30448
      vertex 4.59237 46.5675 2.30448
    endloop
  endfacet
  facet normal 0.399242 0.306342 0.864153
    outer loop
      vertex 4.27816 4.27816 2.82659
      vertex 4.67435 5.23463 2.30448
      vertex 3.89119 4.78248 2.82659
    endloop
  endfacet
  facet normal -0.96593 0 0.258804
    outer loop
      vertex 97.6955 45.2555 4.46927
      vertex 97.8377 26 5
      vertex 97.8377 36 5
    endloop
  endfacet
  facet normal -0.96593 0 0.258804
    outer loop
      vertex 97.6955 6.74452 4.46927
      vertex 97.8377 26 5
      vertex 97.6955 45.2555 4.46927
    endloop
  endfacet
  facet normal -0.965901 -3.20725e-06 0.258913
    outer loop
      vertex 97.6955 6.74452 4.46927
      vertex 97.9658 26 5.47789
      vertex 97.8377 26 5
    endloop
  endfacet
  facet normal -0.965916 0 0.258856
    outer loop
      vertex 97.9658 26 5.47789
      vertex 97.6955 6.74452 4.46927
      vertex 97.9658 6.53714 5.47789
    endloop
  endfacet
  facet normal -0.965901 6.67247e-06 0.258913
    outer loop
      vertex 97.9658 36 5.47789
      vertex 97.6955 45.2555 4.46927
      vertex 97.8377 36 5
    endloop
  endfacet
  facet normal -0.965916 0 0.258856
    outer loop
      vertex 97.6955 45.2555 4.46927
      vertex 97.9658 36 5.47789
      vertex 97.9658 45.4629 5.47789
    endloop
  endfacet
  facet normal -0.39922 -0.306405 0.864141
    outer loop
      vertex 95.3257 46.7654 2.30448
      vertex 95.7218 47.7218 2.82659
      vertex 95.0824 47.0824 2.30448
    endloop
  endfacet
  facet normal 0 1 -0
    outer loop
      vertex 12 2.03422 8.5
      vertex 6.53714 2.03422 10
      vertex 12 2.03422 19
    endloop
  endfacet
  facet normal 0 1 0
    outer loop
      vertex 12.0367 2.03422 8.26824
      vertex 6.53714 2.03422 10
      vertex 12 2.03422 8.5
    endloop
  endfacet
  facet normal 0 1 0
    outer loop
      vertex 6.53714 2.03422 5.47789
      vertex 12.0367 2.03422 8.26824
      vertex 12.1432 2.03422 8.05916
    endloop
  endfacet
  facet normal 0 1 0
    outer loop
      vertex 6.53714 2.03422 5.47789
      vertex 12.1432 2.03422 8.05916
      vertex 12.3092 2.03422 7.89324
    endloop
  endfacet
  facet normal 0 1 0
    outer loop
      vertex 6.53714 2.03422 5.47789
      vertex 12.3092 2.03422 7.89324
      vertex 12.5182 2.03422 7.78671
    endloop
  endfacet
  facet normal 0 1 0
    outer loop
      vertex 12.0367 2.03422 8.26824
      vertex 6.53714 2.03422 5.47789
      vertex 6.53714 2.03422 10
    endloop
  endfacet
  facet normal 0 1 0
    outer loop
      vertex 12.75 2.03422 7.75
      vertex 6.53714 2.03422 5.47789
      vertex 12.5182 2.03422 7.78671
    endloop
  endfacet
  facet normal 0 1 0
    outer loop
      vertex 16.45 2.03422 7.75
      vertex 6.53714 2.03422 5.47789
      vertex 12.75 2.03422 7.75
    endloop
  endfacet
  facet normal 0 1 -0
    outer loop
      vertex 12.9818 2.03422 19.7133
      vertex 6 2.03422 27.5
      vertex 16.2182 2.03422 19.7133
    endloop
  endfacet
  facet normal 0 1 0
    outer loop
      vertex 6 2.03422 27.5
      vertex 12.9818 2.03422 19.7133
      vertex 12.75 2.03422 19.75
    endloop
  endfacet
  facet normal 0 1 -0
    outer loop
      vertex 16.0092 2.03422 19.6068
      vertex 12.9818 2.03422 19.7133
      vertex 16.2182 2.03422 19.7133
    endloop
  endfacet
  facet normal 0 1 0
    outer loop
      vertex 16.0092 2.03422 19.6068
      vertex 13.1908 2.03422 19.6068
      vertex 12.9818 2.03422 19.7133
    endloop
  endfacet
  facet normal 0 1 -0
    outer loop
      vertex 15.8432 2.03422 19.4408
      vertex 13.1908 2.03422 19.6068
      vertex 16.0092 2.03422 19.6068
    endloop
  endfacet
  facet normal 0 1 0
    outer loop
      vertex 15.8432 2.03422 19.4408
      vertex 13.3568 2.03422 19.4408
      vertex 13.1908 2.03422 19.6068
    endloop
  endfacet
  facet normal 0 1 -0
    outer loop
      vertex 15.7367 2.03422 19.2318
      vertex 13.3568 2.03422 19.4408
      vertex 15.8432 2.03422 19.4408
    endloop
  endfacet
  facet normal 0 1 0
    outer loop
      vertex 15.7367 2.03422 19.2318
      vertex 13.4633 2.03422 19.2318
      vertex 13.3568 2.03422 19.4408
    endloop
  endfacet
  facet normal 0 1 -0
    outer loop
      vertex 15.7 2.03422 19
      vertex 13.4633 2.03422 19.2318
      vertex 15.7367 2.03422 19.2318
    endloop
  endfacet
  facet normal 0 1 0
    outer loop
      vertex 15.7 2.03422 19
      vertex 13.5 2.03422 19
      vertex 13.4633 2.03422 19.2318
    endloop
  endfacet
  facet normal 0 1 -0
    outer loop
      vertex 15.7 2.03422 8.5
      vertex 13.5 2.03422 19
      vertex 15.7 2.03422 19
    endloop
  endfacet
  facet normal 0 1 0
    outer loop
      vertex 15.7 2.03422 8.5
      vertex 13.5 2.03422 8.5
      vertex 13.5 2.03422 19
    endloop
  endfacet
  facet normal 0 1 0
    outer loop
      vertex 15.7367 2.03422 8.26824
      vertex 13.5 2.03422 8.5
      vertex 15.7 2.03422 8.5
    endloop
  endfacet
  facet normal 0 1 0
    outer loop
      vertex 15.7367 2.03422 8.26824
      vertex 13.4633 2.03422 8.26824
      vertex 13.5 2.03422 8.5
    endloop
  endfacet
  facet normal 0 1 0
    outer loop
      vertex 15.8432 2.03422 8.05916
      vertex 13.4633 2.03422 8.26824
      vertex 15.7367 2.03422 8.26824
    endloop
  endfacet
  facet normal 0 1 0
    outer loop
      vertex 15.8432 2.03422 8.05916
      vertex 13.3568 2.03422 8.05916
      vertex 13.4633 2.03422 8.26824
    endloop
  endfacet
  facet normal 0 1 0
    outer loop
      vertex 16.0092 2.03422 7.89324
      vertex 13.3568 2.03422 8.05916
      vertex 15.8432 2.03422 8.05916
    endloop
  endfacet
  facet normal 0 1 0
    outer loop
      vertex 16.0092 2.03422 7.89324
      vertex 13.1908 2.03422 7.89324
      vertex 13.3568 2.03422 8.05916
    endloop
  endfacet
  facet normal 0 1 0
    outer loop
      vertex 16.2182 2.03422 7.78671
      vertex 13.1908 2.03422 7.89324
      vertex 16.0092 2.03422 7.89324
    endloop
  endfacet
  facet normal 0 1 0
    outer loop
      vertex 16.2182 2.03422 7.78671
      vertex 12.9818 2.03422 7.78671
      vertex 13.1908 2.03422 7.89324
    endloop
  endfacet
  facet normal 0 1 0
    outer loop
      vertex 16.45 2.03422 7.75
      vertex 12.9818 2.03422 7.78671
      vertex 16.2182 2.03422 7.78671
    endloop
  endfacet
  facet normal 0 1 0
    outer loop
      vertex 12.9818 2.03422 7.78671
      vertex 16.45 2.03422 7.75
      vertex 12.75 2.03422 7.75
    endloop
  endfacet
  facet normal 0 1 -0
    outer loop
      vertex 19.9182 2.03422 19.7133
      vertex 16.45 2.03422 19.75
      vertex 20.15 2.03422 19.75
    endloop
  endfacet
  facet normal 0 1 0
    outer loop
      vertex 19.9182 2.03422 19.7133
      vertex 16.6818 2.03422 19.7133
      vertex 16.45 2.03422 19.75
    endloop
  endfacet
  facet normal 0 1 -0
    outer loop
      vertex 19.7092 2.03422 19.6068
      vertex 16.6818 2.03422 19.7133
      vertex 19.9182 2.03422 19.7133
    endloop
  endfacet
  facet normal 0 1 0
    outer loop
      vertex 19.7092 2.03422 19.6068
      vertex 16.8908 2.03422 19.6068
      vertex 16.6818 2.03422 19.7133
    endloop
  endfacet
  facet normal 0 1 -0
    outer loop
      vertex 19.5432 2.03422 19.4408
      vertex 16.8908 2.03422 19.6068
      vertex 19.7092 2.03422 19.6068
    endloop
  endfacet
  facet normal 0 1 0
    outer loop
      vertex 19.5432 2.03422 19.4408
      vertex 17.0568 2.03422 19.4408
      vertex 16.8908 2.03422 19.6068
    endloop
  endfacet
  facet normal 0 1 -0
    outer loop
      vertex 19.4367 2.03422 19.2318
      vertex 17.0568 2.03422 19.4408
      vertex 19.5432 2.03422 19.4408
    endloop
  endfacet
  facet normal 0 1 0
    outer loop
      vertex 19.4367 2.03422 19.2318
      vertex 17.1633 2.03422 19.2318
      vertex 17.0568 2.03422 19.4408
    endloop
  endfacet
  facet normal 0 1 -0
    outer loop
      vertex 19.4 2.03422 19
      vertex 17.1633 2.03422 19.2318
      vertex 19.4367 2.03422 19.2318
    endloop
  endfacet
  facet normal 0 1 0
    outer loop
      vertex 19.4 2.03422 19
      vertex 17.2 2.03422 19
      vertex 17.1633 2.03422 19.2318
    endloop
  endfacet
  facet normal 0 1 -0
    outer loop
      vertex 19.4 2.03422 8.5
      vertex 17.2 2.03422 19
      vertex 19.4 2.03422 19
    endloop
  endfacet
  facet normal 0 1 0
    outer loop
      vertex 19.4 2.03422 8.5
      vertex 17.2 2.03422 8.5
      vertex 17.2 2.03422 19
    endloop
  endfacet
  facet normal 0 1 0
    outer loop
      vertex 19.4367 2.03422 8.26824
      vertex 17.2 2.03422 8.5
      vertex 19.4 2.03422 8.5
    endloop
  endfacet
  facet normal 0 1 0
    outer loop
      vertex 19.4367 2.03422 8.26824
      vertex 17.1633 2.03422 8.26824
      vertex 17.2 2.03422 8.5
    endloop
  endfacet
  facet normal 0 1 0
    outer loop
      vertex 19.5432 2.03422 8.05916
      vertex 17.1633 2.03422 8.26824
      vertex 19.4367 2.03422 8.26824
    endloop
  endfacet
  facet normal 0 1 0
    outer loop
      vertex 19.5432 2.03422 8.05916
      vertex 17.0568 2.03422 8.05916
      vertex 17.1633 2.03422 8.26824
    endloop
  endfacet
  facet normal 0 1 0
    outer loop
      vertex 19.7092 2.03422 7.89324
      vertex 17.0568 2.03422 8.05916
      vertex 19.5432 2.03422 8.05916
    endloop
  endfacet
  facet normal 0 1 0
    outer loop
      vertex 19.7092 2.03422 7.89324
      vertex 16.8908 2.03422 7.89324
      vertex 17.0568 2.03422 8.05916
    endloop
  endfacet
  facet normal 0 1 0
    outer loop
      vertex 19.9182 2.03422 7.78671
      vertex 16.8908 2.03422 7.89324
      vertex 19.7092 2.03422 7.89324
    endloop
  endfacet
  facet normal 0 1 0
    outer loop
      vertex 19.9182 2.03422 7.78671
      vertex 16.6818 2.03422 7.78671
      vertex 16.8908 2.03422 7.89324
    endloop
  endfacet
  facet normal 0 1 0
    outer loop
      vertex 20.15 2.03422 7.75
      vertex 16.6818 2.03422 7.78671
      vertex 19.9182 2.03422 7.78671
    endloop
  endfacet
  facet normal 0 1 0
    outer loop
      vertex 16.6818 2.03422 7.78671
      vertex 20.15 2.03422 7.75
      vertex 16.45 2.03422 7.75
    endloop
  endfacet
  facet normal 0 1 -0
    outer loop
      vertex 23.6182 2.03422 19.7133
      vertex 20.15 2.03422 19.75
      vertex 23.85 2.03422 19.75
    endloop
  endfacet
  facet normal 0 1 0
    outer loop
      vertex 23.6182 2.03422 19.7133
      vertex 20.3818 2.03422 19.7133
      vertex 20.15 2.03422 19.75
    endloop
  endfacet
  facet normal 0 1 -0
    outer loop
      vertex 23.4092 2.03422 19.6068
      vertex 20.3818 2.03422 19.7133
      vertex 23.6182 2.03422 19.7133
    endloop
  endfacet
  facet normal 0 1 0
    outer loop
      vertex 23.4092 2.03422 19.6068
      vertex 20.5908 2.03422 19.6068
      vertex 20.3818 2.03422 19.7133
    endloop
  endfacet
  facet normal 0 1 -0
    outer loop
      vertex 23.2432 2.03422 19.4408
      vertex 20.5908 2.03422 19.6068
      vertex 23.4092 2.03422 19.6068
    endloop
  endfacet
  facet normal 0 1 0
    outer loop
      vertex 23.2432 2.03422 19.4408
      vertex 20.7568 2.03422 19.4408
      vertex 20.5908 2.03422 19.6068
    endloop
  endfacet
  facet normal 0 1 -0
    outer loop
      vertex 23.1367 2.03422 19.2318
      vertex 20.7568 2.03422 19.4408
      vertex 23.2432 2.03422 19.4408
    endloop
  endfacet
  facet normal 0 1 0
    outer loop
      vertex 23.1367 2.03422 19.2318
      vertex 20.8633 2.03422 19.2318
      vertex 20.7568 2.03422 19.4408
    endloop
  endfacet
  facet normal 0 1 -0
    outer loop
      vertex 23.1 2.03422 19
      vertex 20.8633 2.03422 19.2318
      vertex 23.1367 2.03422 19.2318
    endloop
  endfacet
  facet normal 0 1 0
    outer loop
      vertex 23.1 2.03422 19
      vertex 20.9 2.03422 19
      vertex 20.8633 2.03422 19.2318
    endloop
  endfacet
  facet normal 0 1 -0
    outer loop
      vertex 23.1 2.03422 8.5
      vertex 20.9 2.03422 19
      vertex 23.1 2.03422 19
    endloop
  endfacet
  facet normal 0 1 0
    outer loop
      vertex 23.1 2.03422 8.5
      vertex 20.9 2.03422 8.5
      vertex 20.9 2.03422 19
    endloop
  endfacet
  facet normal 0 1 0
    outer loop
      vertex 23.1367 2.03422 8.26824
      vertex 20.9 2.03422 8.5
      vertex 23.1 2.03422 8.5
    endloop
  endfacet
  facet normal 0 1 0
    outer loop
      vertex 23.1367 2.03422 8.26824
      vertex 20.8633 2.03422 8.26824
      vertex 20.9 2.03422 8.5
    endloop
  endfacet
  facet normal 0 1 0
    outer loop
      vertex 23.2432 2.03422 8.05916
      vertex 20.8633 2.03422 8.26824
      vertex 23.1367 2.03422 8.26824
    endloop
  endfacet
  facet normal 0 1 0
    outer loop
      vertex 23.2432 2.03422 8.05916
      vertex 20.7568 2.03422 8.05916
      vertex 20.8633 2.03422 8.26824
    endloop
  endfacet
  facet normal 0 1 0
    outer loop
      vertex 23.4092 2.03422 7.89324
      vertex 20.7568 2.03422 8.05916
      vertex 23.2432 2.03422 8.05916
    endloop
  endfacet
  facet normal 0 1 0
    outer loop
      vertex 23.4092 2.03422 7.89324
      vertex 20.5908 2.03422 7.89324
      vertex 20.7568 2.03422 8.05916
    endloop
  endfacet
  facet normal 0 1 0
    outer loop
      vertex 23.6182 2.03422 7.78671
      vertex 20.5908 2.03422 7.89324
      vertex 23.4092 2.03422 7.89324
    endloop
  endfacet
  facet normal 0 1 0
    outer loop
      vertex 23.6182 2.03422 7.78671
      vertex 20.3818 2.03422 7.78671
      vertex 20.5908 2.03422 7.89324
    endloop
  endfacet
  facet normal 0 1 0
    outer loop
      vertex 23.85 2.03422 7.75
      vertex 20.3818 2.03422 7.78671
      vertex 23.6182 2.03422 7.78671
    endloop
  endfacet
  facet normal 0 1 0
    outer loop
      vertex 20.3818 2.03422 7.78671
      vertex 23.85 2.03422 7.75
      vertex 20.15 2.03422 7.75
    endloop
  endfacet
  facet normal 0 1 -0
    outer loop
      vertex 27.3182 2.03422 19.7133
      vertex 23.85 2.03422 19.75
      vertex 27.55 2.03422 19.75
    endloop
  endfacet
  facet normal 0 1 0
    outer loop
      vertex 27.3182 2.03422 19.7133
      vertex 24.0818 2.03422 19.7133
      vertex 23.85 2.03422 19.75
    endloop
  endfacet
  facet normal 0 1 -0
    outer loop
      vertex 27.1092 2.03422 19.6068
      vertex 24.0818 2.03422 19.7133
      vertex 27.3182 2.03422 19.7133
    endloop
  endfacet
  facet normal 0 1 0
    outer loop
      vertex 27.1092 2.03422 19.6068
      vertex 24.2908 2.03422 19.6068
      vertex 24.0818 2.03422 19.7133
    endloop
  endfacet
  facet normal 0 1 -0
    outer loop
      vertex 26.9432 2.03422 19.4408
      vertex 24.2908 2.03422 19.6068
      vertex 27.1092 2.03422 19.6068
    endloop
  endfacet
  facet normal 0 1 0
    outer loop
      vertex 26.9432 2.03422 19.4408
      vertex 24.4568 2.03422 19.4408
      vertex 24.2908 2.03422 19.6068
    endloop
  endfacet
  facet normal 0 1 -0
    outer loop
      vertex 26.8367 2.03422 19.2318
      vertex 24.4568 2.03422 19.4408
      vertex 26.9432 2.03422 19.4408
    endloop
  endfacet
  facet normal 0 1 0
    outer loop
      vertex 26.8367 2.03422 19.2318
      vertex 24.5633 2.03422 19.2318
      vertex 24.4568 2.03422 19.4408
    endloop
  endfacet
  facet normal 0 1 -0
    outer loop
      vertex 26.8 2.03422 19
      vertex 24.5633 2.03422 19.2318
      vertex 26.8367 2.03422 19.2318
    endloop
  endfacet
  facet normal 0 1 0
    outer loop
      vertex 26.8 2.03422 19
      vertex 24.6 2.03422 19
      vertex 24.5633 2.03422 19.2318
    endloop
  endfacet
  facet normal 0 1 -0
    outer loop
      vertex 26.8 2.03422 8.5
      vertex 24.6 2.03422 19
      vertex 26.8 2.03422 19
    endloop
  endfacet
  facet normal 0 1 0
    outer loop
      vertex 26.8 2.03422 8.5
      vertex 24.6 2.03422 8.5
      vertex 24.6 2.03422 19
    endloop
  endfacet
  facet normal 0 1 0
    outer loop
      vertex 26.8367 2.03422 8.26824
      vertex 24.6 2.03422 8.5
      vertex 26.8 2.03422 8.5
    endloop
  endfacet
  facet normal 0 1 0
    outer loop
      vertex 26.8367 2.03422 8.26824
      vertex 24.5633 2.03422 8.26824
      vertex 24.6 2.03422 8.5
    endloop
  endfacet
  facet normal 0 1 0
    outer loop
      vertex 26.9432 2.03422 8.05916
      vertex 24.5633 2.03422 8.26824
      vertex 26.8367 2.03422 8.26824
    endloop
  endfacet
  facet normal 0 1 0
    outer loop
      vertex 26.9432 2.03422 8.05916
      vertex 24.4568 2.03422 8.05916
      vertex 24.5633 2.03422 8.26824
    endloop
  endfacet
  facet normal 0 1 0
    outer loop
      vertex 27.1092 2.03422 7.89324
      vertex 24.4568 2.03422 8.05916
      vertex 26.9432 2.03422 8.05916
    endloop
  endfacet
  facet normal 0 1 0
    outer loop
      vertex 27.1092 2.03422 7.89324
      vertex 24.2908 2.03422 7.89324
      vertex 24.4568 2.03422 8.05916
    endloop
  endfacet
  facet normal 0 1 0
    outer loop
      vertex 27.3182 2.03422 7.78671
      vertex 24.2908 2.03422 7.89324
      vertex 27.1092 2.03422 7.89324
    endloop
  endfacet
  facet normal 0 1 0
    outer loop
      vertex 27.3182 2.03422 7.78671
      vertex 24.0818 2.03422 7.78671
      vertex 24.2908 2.03422 7.89324
    endloop
  endfacet
  facet normal 0 1 0
    outer loop
      vertex 27.55 2.03422 7.75
      vertex 24.0818 2.03422 7.78671
      vertex 27.3182 2.03422 7.78671
    endloop
  endfacet
  facet normal 0 1 0
    outer loop
      vertex 24.0818 2.03422 7.78671
      vertex 27.55 2.03422 7.75
      vertex 23.85 2.03422 7.75
    endloop
  endfacet
  facet normal 0 1 -0
    outer loop
      vertex 31.0182 2.03422 19.7133
      vertex 27.55 2.03422 19.75
      vertex 31.25 2.03422 19.75
    endloop
  endfacet
  facet normal 0 1 0
    outer loop
      vertex 31.0182 2.03422 19.7133
      vertex 27.7818 2.03422 19.7133
      vertex 27.55 2.03422 19.75
    endloop
  endfacet
  facet normal 0 1 -0
    outer loop
      vertex 30.8092 2.03422 19.6068
      vertex 27.7818 2.03422 19.7133
      vertex 31.0182 2.03422 19.7133
    endloop
  endfacet
  facet normal 0 1 0
    outer loop
      vertex 30.8092 2.03422 19.6068
      vertex 27.9908 2.03422 19.6068
      vertex 27.7818 2.03422 19.7133
    endloop
  endfacet
  facet normal 0 1 -0
    outer loop
      vertex 30.6432 2.03422 19.4408
      vertex 27.9908 2.03422 19.6068
      vertex 30.8092 2.03422 19.6068
    endloop
  endfacet
  facet normal 0 1 0
    outer loop
      vertex 30.6432 2.03422 19.4408
      vertex 28.1568 2.03422 19.4408
      vertex 27.9908 2.03422 19.6068
    endloop
  endfacet
  facet normal 0 1 -0
    outer loop
      vertex 30.5367 2.03422 19.2318
      vertex 28.1568 2.03422 19.4408
      vertex 30.6432 2.03422 19.4408
    endloop
  endfacet
  facet normal 0 1 0
    outer loop
      vertex 30.5367 2.03422 19.2318
      vertex 28.2633 2.03422 19.2318
      vertex 28.1568 2.03422 19.4408
    endloop
  endfacet
  facet normal 0 1 -0
    outer loop
      vertex 30.5 2.03422 19
      vertex 28.2633 2.03422 19.2318
      vertex 30.5367 2.03422 19.2318
    endloop
  endfacet
  facet normal 0 1 0
    outer loop
      vertex 30.5 2.03422 19
      vertex 28.3 2.03422 19
      vertex 28.2633 2.03422 19.2318
    endloop
  endfacet
  facet normal 0 1 -0
    outer loop
      vertex 30.5 2.03422 8.5
      vertex 28.3 2.03422 19
      vertex 30.5 2.03422 19
    endloop
  endfacet
  facet normal 0 1 0
    outer loop
      vertex 30.5 2.03422 8.5
      vertex 28.3 2.03422 8.5
      vertex 28.3 2.03422 19
    endloop
  endfacet
  facet normal 0 1 0
    outer loop
      vertex 30.5367 2.03422 8.26824
      vertex 28.3 2.03422 8.5
      vertex 30.5 2.03422 8.5
    endloop
  endfacet
  facet normal 0 1 0
    outer loop
      vertex 30.5367 2.03422 8.26824
      vertex 28.2633 2.03422 8.26824
      vertex 28.3 2.03422 8.5
    endloop
  endfacet
  facet normal 0 1 0
    outer loop
      vertex 30.6432 2.03422 8.05916
      vertex 28.2633 2.03422 8.26824
      vertex 30.5367 2.03422 8.26824
    endloop
  endfacet
  facet normal 0 1 0
    outer loop
      vertex 30.6432 2.03422 8.05916
      vertex 28.1568 2.03422 8.05916
      vertex 28.2633 2.03422 8.26824
    endloop
  endfacet
  facet normal 0 1 0
    outer loop
      vertex 30.8092 2.03422 7.89324
      vertex 28.1568 2.03422 8.05916
      vertex 30.6432 2.03422 8.05916
    endloop
  endfacet
  facet normal 0 1 0
    outer loop
      vertex 30.8092 2.03422 7.89324
      vertex 27.9908 2.03422 7.89324
      vertex 28.1568 2.03422 8.05916
    endloop
  endfacet
  facet normal 0 1 0
    outer loop
      vertex 31.0182 2.03422 7.78671
      vertex 27.9908 2.03422 7.89324
      vertex 30.8092 2.03422 7.89324
    endloop
  endfacet
  facet normal 0 1 0
    outer loop
      vertex 31.0182 2.03422 7.78671
      vertex 27.7818 2.03422 7.78671
      vertex 27.9908 2.03422 7.89324
    endloop
  endfacet
  facet normal 0 1 0
    outer loop
      vertex 31.25 2.03422 7.75
      vertex 27.7818 2.03422 7.78671
      vertex 31.0182 2.03422 7.78671
    endloop
  endfacet
  facet normal 0 1 0
    outer loop
      vertex 27.7818 2.03422 7.78671
      vertex 31.25 2.03422 7.75
      vertex 27.55 2.03422 7.75
    endloop
  endfacet
  facet normal 0 1 -0
    outer loop
      vertex 31.4818 2.03422 19.7133
      vertex 6 2.03422 27.5
      vertex 94 2.03422 27.5
    endloop
  endfacet
  facet normal 0 1 0
    outer loop
      vertex 6 2.03422 27.5
      vertex 31.4818 2.03422 19.7133
      vertex 31.25 2.03422 19.75
    endloop
  endfacet
  facet normal 0 1 0
    outer loop
      vertex 94 2.03422 27.5
      vertex 31.6908 2.03422 19.6068
      vertex 31.4818 2.03422 19.7133
    endloop
  endfacet
  facet normal 0 1 0
    outer loop
      vertex 94 2.03422 27.5
      vertex 31.8568 2.03422 19.4408
      vertex 31.6908 2.03422 19.6068
    endloop
  endfacet
  facet normal 0 1 0
    outer loop
      vertex 94 2.03422 27.5
      vertex 31.9633 2.03422 19.2318
      vertex 31.8568 2.03422 19.4408
    endloop
  endfacet
  facet normal 0 1 0
    outer loop
      vertex 94 2.03422 27.5
      vertex 32 2.03422 19
      vertex 31.9633 2.03422 19.2318
    endloop
  endfacet
  facet normal 0 1 0
    outer loop
      vertex 93.4629 2.03422 10
      vertex 94 2.03422 27.5
      vertex 94 2.03422 10
    endloop
  endfacet
  facet normal 0 1 0
    outer loop
      vertex 94 2.03422 27.5
      vertex 93.4629 2.03422 10
      vertex 32 2.03422 19
    endloop
  endfacet
  facet normal 0 1 0
    outer loop
      vertex 93.4629 2.03422 10
      vertex 32 2.03422 8.5
      vertex 32 2.03422 19
    endloop
  endfacet
  facet normal 0 1 -0
    outer loop
      vertex 93.4629 2.03422 5.47789
      vertex 32 2.03422 8.5
      vertex 93.4629 2.03422 10
    endloop
  endfacet
  facet normal 0 1 0
    outer loop
      vertex 32 2.03422 8.5
      vertex 93.4629 2.03422 5.47789
      vertex 31.9633 2.03422 8.26824
    endloop
  endfacet
  facet normal 0 1 0
    outer loop
      vertex 31.9633 2.03422 8.26824
      vertex 93.4629 2.03422 5.47789
      vertex 31.8568 2.03422 8.05916
    endloop
  endfacet
  facet normal 0 1 0
    outer loop
      vertex 31.8568 2.03422 8.05916
      vertex 93.4629 2.03422 5.47789
      vertex 31.6908 2.03422 7.89324
    endloop
  endfacet
  facet normal 0 1 0
    outer loop
      vertex 31.6908 2.03422 7.89324
      vertex 93.4629 2.03422 5.47789
      vertex 31.4818 2.03422 7.78671
    endloop
  endfacet
  facet normal 0 1 0
    outer loop
      vertex 6.53714 2.03422 5.47789
      vertex 27.55 2.03422 7.75
      vertex 31.25 2.03422 7.75
    endloop
  endfacet
  facet normal 0 1 0
    outer loop
      vertex 27.55 2.03422 7.75
      vertex 6.53714 2.03422 5.47789
      vertex 23.85 2.03422 7.75
    endloop
  endfacet
  facet normal 0 1 0
    outer loop
      vertex 23.85 2.03422 7.75
      vertex 6.53714 2.03422 5.47789
      vertex 20.15 2.03422 7.75
    endloop
  endfacet
  facet normal 0 1 0
    outer loop
      vertex 20.15 2.03422 7.75
      vertex 6.53714 2.03422 5.47789
      vertex 16.45 2.03422 7.75
    endloop
  endfacet
  facet normal 0 1 0
    outer loop
      vertex 6.53714 2.03422 5.47789
      vertex 31.25 2.03422 7.75
      vertex 93.4629 2.03422 5.47789
    endloop
  endfacet
  facet normal 0 1 0
    outer loop
      vertex 31.4818 2.03422 7.78671
      vertex 93.4629 2.03422 5.47789
      vertex 31.25 2.03422 7.75
    endloop
  endfacet
  facet normal 0 1 -0
    outer loop
      vertex 27.55 2.03422 19.75
      vertex 6 2.03422 27.5
      vertex 31.25 2.03422 19.75
    endloop
  endfacet
  facet normal 0 1 -0
    outer loop
      vertex 23.85 2.03422 19.75
      vertex 6 2.03422 27.5
      vertex 27.55 2.03422 19.75
    endloop
  endfacet
  facet normal 0 1 -0
    outer loop
      vertex 20.15 2.03422 19.75
      vertex 6 2.03422 27.5
      vertex 23.85 2.03422 19.75
    endloop
  endfacet
  facet normal 0 1 -0
    outer loop
      vertex 16.45 2.03422 19.75
      vertex 6 2.03422 27.5
      vertex 20.15 2.03422 19.75
    endloop
  endfacet
  facet normal 0 1 -0
    outer loop
      vertex 16.2182 2.03422 19.7133
      vertex 6 2.03422 27.5
      vertex 16.45 2.03422 19.75
    endloop
  endfacet
  facet normal 0 1 -0
    outer loop
      vertex 12.5182 2.03422 19.7133
      vertex 6 2.03422 27.5
      vertex 12.75 2.03422 19.75
    endloop
  endfacet
  facet normal 0 1 -0
    outer loop
      vertex 12.3092 2.03422 19.6068
      vertex 6 2.03422 27.5
      vertex 12.5182 2.03422 19.7133
    endloop
  endfacet
  facet normal 0 1 -0
    outer loop
      vertex 12.1432 2.03422 19.4408
      vertex 6 2.03422 27.5
      vertex 12.3092 2.03422 19.6068
    endloop
  endfacet
  facet normal 0 1 -0
    outer loop
      vertex 12.0367 2.03422 19.2318
      vertex 6 2.03422 27.5
      vertex 12.1432 2.03422 19.4408
    endloop
  endfacet
  facet normal 0 1 -0
    outer loop
      vertex 12 2.03422 19
      vertex 6 2.03422 27.5
      vertex 12.0367 2.03422 19.2318
    endloop
  endfacet
  facet normal 0 1 0
    outer loop
      vertex 6 2.03422 10
      vertex 12 2.03422 19
      vertex 6.53714 2.03422 10
    endloop
  endfacet
  facet normal 0 1 0
    outer loop
      vertex 12 2.03422 19
      vertex 6 2.03422 10
      vertex 6 2.03422 27.5
    endloop
  endfacet
  facet normal -0.206798 -0.158999 0.965378
    outer loop
      vertex 95.1344 46.6861 2.25044
      vertex 95.1603 46.6699 2.25332
      vertex 95.3257 46.7654 2.30448
    endloop
  endfacet
  facet normal -0.209799 -0.164063 0.963882
    outer loop
      vertex 95.1603 46.6699 2.25332
      vertex 95.1344 46.6861 2.25044
      vertex 95.15 46.6742 2.25181
    endloop
  endfacet
  facet normal 0.432319 -0.563377 0.704064
    outer loop
      vertex 4.27816 47.7218 2.82659
      vertex 4.78248 48.1088 2.82659
      vertex 3.75606 48.2439 3.56495
    endloop
  endfacet
  facet normal 0.656071 0.271753 0.704075
    outer loop
      vertex 3.55 5.32583 2.9348
      vertex 3.89119 4.78248 2.82659
      vertex 3.64912 5.36689 2.82659
    endloop
  endfacet
  facet normal 0.656078 0.271759 0.704066
    outer loop
      vertex 3.28076 5.11924 3.26543
      vertex 3.89119 4.78248 2.82659
      vertex 3.55 5.32583 2.9348
    endloop
  endfacet
  facet normal 0.656079 0.271763 0.704063
    outer loop
      vertex 3.89119 4.78248 2.82659
      vertex 3.28076 5.11924 3.26543
      vertex 3.2319 5.05556 3.33554
    endloop
  endfacet
  facet normal 0.866025 0 0.5
    outer loop
      vertex 2.30448 11 4.46927
      vertex 2.82659 7.06514 3.56495
      vertex 2.82659 11 3.56495
    endloop
  endfacet
  facet normal 0.866023 -1.37051e-06 0.500005
    outer loop
      vertex 2.30448 11 4.46927
      vertex 2.6 6.97128 3.95741
      vertex 2.82659 7.06514 3.56495
    endloop
  endfacet
  facet normal 0.866027 0 0.499997
    outer loop
      vertex 2.6 6.97128 3.95741
      vertex 2.30448 11 4.46927
      vertex 2.30448 6.74452 4.46927
    endloop
  endfacet
  facet normal 0.866027 -0 0.499997
    outer loop
      vertex 2.30448 13 4.46927
      vertex 2.6 45.0287 3.95741
      vertex 2.30448 45.2555 4.46927
    endloop
  endfacet
  facet normal 0.866022 1.76952e-07 0.500005
    outer loop
      vertex 2.30448 13 4.46927
      vertex 2.82659 44.9349 3.56495
      vertex 2.6 45.0287 3.95741
    endloop
  endfacet
  facet normal 0.866025 0 0.5
    outer loop
      vertex 2.82659 44.9349 3.56495
      vertex 2.30448 13 4.46927
      vertex 2.82659 13 3.56495
    endloop
  endfacet
  facet normal 0.656023 -0.271738 0.704125
    outer loop
      vertex 3.89119 47.2175 2.82659
      vertex 3.55 46.6742 2.9348
      vertex 3.64912 46.6331 2.82659
    endloop
  endfacet
  facet normal 0.656065 -0.271774 0.704072
    outer loop
      vertex 3.89119 47.2175 2.82659
      vertex 3.28076 46.8808 3.26543
      vertex 3.55 46.6742 2.9348
    endloop
  endfacet
  facet normal 0.656098 -0.271979 0.703962
    outer loop
      vertex 3.28076 46.8808 3.26543
      vertex 3.89119 47.2175 2.82659
      vertex 3.2319 46.9444 3.33554
    endloop
  endfacet
  facet normal 0.563386 -0.432309 0.704063
    outer loop
      vertex 3.89119 47.2175 2.82659
      vertex 4.27816 47.7218 2.82659
      vertex 3.75606 48.2439 3.56495
    endloop
  endfacet
  facet normal 0.130497 -0.991449 0
    outer loop
      vertex 4.97358 49.8307 10
      vertex 6 49.9658 27.5
      vertex 4.97358 49.8307 27.5
    endloop
  endfacet
  facet normal 0.130497 -0.991449 0
    outer loop
      vertex 6 49.9658 27.5
      vertex 4.97358 49.8307 10
      vertex 6 49.9658 10
    endloop
  endfacet
  facet normal 0.56337 -0.432317 0.704071
    outer loop
      vertex 3.89119 47.2175 2.82659
      vertex 3.75606 48.2439 3.56495
      vertex 3.25174 47.5867 3.56495
    endloop
  endfacet
  facet normal 0 -1 0
    outer loop
      vertex 6.53714 49.9658 5.47789
      vertex 93.4629 49.9658 10
      vertex 6.53714 49.9658 10
    endloop
  endfacet
  facet normal 0 -1 -0
    outer loop
      vertex 93.4629 49.9658 10
      vertex 6.53714 49.9658 5.47789
      vertex 93.4629 49.9658 5.47789
    endloop
  endfacet
  facet normal 0 -1 0
    outer loop
      vertex 6.53714 49.9658 10
      vertex 6 49.9658 27.5
      vertex 6 49.9658 10
    endloop
  endfacet
  facet normal 0 -1 0
    outer loop
      vertex 6 49.9658 27.5
      vertex 6.53714 49.9658 10
      vertex 94 49.9658 27.5
    endloop
  endfacet
  facet normal 0 -1 0
    outer loop
      vertex 93.4629 49.9658 10
      vertex 94 49.9658 27.5
      vertex 6.53714 49.9658 10
    endloop
  endfacet
  facet normal 0 -1 -0
    outer loop
      vertex 94 49.9658 27.5
      vertex 93.4629 49.9658 10
      vertex 94 49.9658 10
    endloop
  endfacet
  facet normal -0.991448 -0.130499 0
    outer loop
      vertex 97.9658 46 10
      vertex 97.8307 47.0264 27.5
      vertex 97.8307 47.0264 10
    endloop
  endfacet
  facet normal -0.991448 -0.130499 0
    outer loop
      vertex 97.8307 47.0264 27.5
      vertex 97.9658 46 10
      vertex 97.9658 46 27.5
    endloop
  endfacet
  facet normal -0.651059 -0.269632 0.709522
    outer loop
      vertex 96.7483 47.5867 3.56495
      vertex 96.9258 47.15 3.56187
      vertex 96.9275 47.154 3.56495
    endloop
  endfacet
  facet normal -0.656182 -0.271676 0.704001
    outer loop
      vertex 96.9258 47.15 3.56187
      vertex 96.7483 47.5867 3.56495
      vertex 96.7681 46.9444 3.33554
    endloop
  endfacet
  facet normal -0.656074 -0.271704 0.704091
    outer loop
      vertex 96.7681 46.9444 3.33554
      vertex 96.7483 47.5867 3.56495
      vertex 96.1088 47.2175 2.82659
    endloop
  endfacet
  facet normal -0.688481 0.528384 0.496794
    outer loop
      vertex 96.6131 3.38687 4.46927
      vertex 96.7483 4.41329 3.56495
      vertex 96.2439 3.75606 3.56495
    endloop
  endfacet
  facet normal -0.656103 0.271794 0.704029
    outer loop
      vertex 96.1088 4.78248 2.82659
      vertex 96.7192 5.11924 3.26543
      vertex 96.45 5.32583 2.9348
    endloop
  endfacet
  facet normal -0.656115 0.271805 0.704014
    outer loop
      vertex 96.1088 4.78248 2.82659
      vertex 96.45 5.32583 2.9348
      vertex 96.3509 5.36689 2.82659
    endloop
  endfacet
  facet normal -0.656055 0.271503 0.704185
    outer loop
      vertex 96.7192 5.11924 3.26543
      vertex 96.1088 4.78248 2.82659
      vertex 96.7681 5.05556 3.33554
    endloop
  endfacet
  facet normal -0.399221 0.306386 0.864147
    outer loop
      vertex 95.7218 4.27816 2.82659
      vertex 95.3257 5.23463 2.30448
      vertex 95.0824 4.91761 2.30448
    endloop
  endfacet
  facet normal -0.099846 0.241029 0.965368
    outer loop
      vertex 94.7654 4.67435 2.30448
      vertex 94.6589 4.81311 2.25882
      vertex 94.5675 4.59237 2.30448
    endloop
  endfacet
  facet normal -0.332096 0.801833 0.496765
    outer loop
      vertex 95.5867 3.25174 3.56495
      vertex 95.4635 2.9443 3.97883
      vertex 95.7889 2.90145 4.26553
    endloop
  endfacet
  facet normal -0.332128 0.801828 0.496752
    outer loop
      vertex 95.4635 2.9443 3.97883
      vertex 95.5867 3.25174 3.56495
      vertex 95.154 3.07251 3.56495
    endloop
  endfacet
  facet normal -1 0 0
    outer loop
      vertex 97.9658 6.53714 10
      vertex 97.9658 26 5.47789
      vertex 97.9658 6.53714 5.47789
    endloop
  endfacet
  facet normal -1 0 0
    outer loop
      vertex 97.9658 45.4629 5.47789
      vertex 97.9658 36 5.47789
      vertex 97.9658 45.4629 10
    endloop
  endfacet
  facet normal -1 0 0
    outer loop
      vertex 97.9658 45.4629 10
      vertex 97.9658 46 27.5
      vertex 97.9658 46 10
    endloop
  endfacet
  facet normal -1 0 0
    outer loop
      vertex 97.9658 36 11
      vertex 97.9658 45.4629 10
      vertex 97.9658 36 5.47789
    endloop
  endfacet
  facet normal -1 0 0
    outer loop
      vertex 97.9658 45.4629 10
      vertex 97.9658 36 11
      vertex 97.9658 46 27.5
    endloop
  endfacet
  facet normal -1 0 0
    outer loop
      vertex 97.9658 26 11
      vertex 97.9658 46 27.5
      vertex 97.9658 36 11
    endloop
  endfacet
  facet normal -1 0 0
    outer loop
      vertex 97.9658 26 5.47789
      vertex 97.9658 6.53714 10
      vertex 97.9658 26 11
    endloop
  endfacet
  facet normal -1 0 0
    outer loop
      vertex 97.9658 6 27.5
      vertex 97.9658 26 11
      vertex 97.9658 6.53714 10
    endloop
  endfacet
  facet normal -1 0 0
    outer loop
      vertex 97.9658 6 27.5
      vertex 97.9658 6.53714 10
      vertex 97.9658 6 10
    endloop
  endfacet
  facet normal -1 0 0
    outer loop
      vertex 97.9658 26 11
      vertex 97.9658 6 27.5
      vertex 97.9658 46 27.5
    endloop
  endfacet
  facet normal 0 0.965926 0.25882
    outer loop
      vertex 93.2555 2.30448 4.46927
      vertex 6.53714 2.03422 5.47789
      vertex 93.4629 2.03422 5.47789
    endloop
  endfacet
  facet normal 0 0.965926 0.25882
    outer loop
      vertex 6.53714 2.03422 5.47789
      vertex 93.2555 2.30448 4.46927
      vertex 6.74452 2.30448 4.46927
    endloop
  endfacet
  facet normal 0.0668227 -0.498687 0.864202
    outer loop
      vertex 5.48291 47.9298 2.57419
      vertex 5.4557 48.1365 2.69557
      vertex 5.37593 48.329 2.81282
    endloop
  endfacet
  facet normal -0.206933 0.158813 0.965379
    outer loop
      vertex 95.1344 5.31386 2.25044
      vertex 95.0824 4.91761 2.30448
      vertex 95.3257 5.23463 2.30448
    endloop
  endfacet
  facet normal -0.206999 0.15882 0.965364
    outer loop
      vertex 95.0824 4.91761 2.30448
      vertex 95.1344 5.31386 2.25044
      vertex 94.8808 5.11924 2.22808
    endloop
  endfacet
  facet normal 0.465067 -0.192654 0.864058
    outer loop
      vertex 4.67435 46.7654 2.30448
      vertex 4.53646 46.5443 2.3294
      vertex 4.59237 46.5675 2.30448
    endloop
  endfacet
  facet normal 0.464919 -0.19255 0.864162
    outer loop
      vertex 4.67435 46.7654 2.30448
      vertex 4.41958 46.5289 2.38885
      vertex 4.53646 46.5443 2.3294
    endloop
  endfacet
  facet normal 0.464935 -0.192572 0.864148
    outer loop
      vertex 4.41958 46.5289 2.38885
      vertex 4.67435 46.7654 2.30448
      vertex 3.89119 47.2175 2.82659
    endloop
  endfacet
  facet normal -0.130499 -0.991448 0
    outer loop
      vertex 94 49.9658 10
      vertex 95.0264 49.8307 27.5
      vertex 94 49.9658 27.5
    endloop
  endfacet
  facet normal -0.130499 -0.991448 -0
    outer loop
      vertex 95.0264 49.8307 27.5
      vertex 94 49.9658 10
      vertex 95.0264 49.8307 10
    endloop
  endfacet
  facet normal 0.766762 0.588353 0.256742
    outer loop
      vertex 3.38687 3.38687 4.46927
      vertex 2.9443 3.86353 4.69869
      vertex 3.02752 3.66262 4.91056
    endloop
  endfacet
  facet normal 0.766763 0.588341 0.256768
    outer loop
      vertex 2.9443 3.86353 4.69869
      vertex 3.38687 3.38687 4.46927
      vertex 2.92839 3.98439 4.46927
    endloop
  endfacet
  facet normal 0.528334 0.688526 0.496785
    outer loop
      vertex 4.41329 3.25174 3.56495
      vertex 3.75606 3.75606 3.56495
      vertex 3.38687 3.38687 4.46927
    endloop
  endfacet
  facet normal 0.528353 -0.688553 0.496727
    outer loop
      vertex 3.38687 48.6131 4.46927
      vertex 4.2 49.1 4.2793
      vertex 3.98439 49.0716 4.46927
    endloop
  endfacet
  facet normal 0.52809 -0.687363 0.498652
    outer loop
      vertex 3.38687 48.6131 4.46927
      vertex 4.21105 49.0985 4.26553
      vertex 4.2 49.1 4.2793
    endloop
  endfacet
  facet normal 0.528328 -0.68858 0.496717
    outer loop
      vertex 4.21105 49.0985 4.26553
      vertex 3.38687 48.6131 4.46927
      vertex 4.41329 48.7483 3.56495
    endloop
  endfacet
  facet normal 0.991445 0.130525 0
    outer loop
      vertex 2.16935 4.97358 27.5
      vertex 2.03422 6 10
      vertex 2.03422 6 27.5
    endloop
  endfacet
  facet normal 0.991445 0.130525 0
    outer loop
      vertex 2.03422 6 10
      vertex 2.16935 4.97358 27.5
      vertex 2.16935 4.97358 10
    endloop
  endfacet
  facet normal -0.240923 -0.0999016 0.965389
    outer loop
      vertex 95.1869 46.6589 2.25882
      vertex 95.3257 46.7654 2.30448
      vertex 95.1603 46.6699 2.25332
    endloop
  endfacet
  facet normal -0.241035 -0.0997511 0.965377
    outer loop
      vertex 95.4076 46.5675 2.30448
      vertex 95.3257 46.7654 2.30448
      vertex 95.1869 46.6589 2.25882
    endloop
  endfacet
  facet normal -0.432351 -0.563324 0.704087
    outer loop
      vertex 96.2439 48.2439 3.56495
      vertex 95.5867 48.7483 3.56495
      vertex 95.2175 48.1088 2.82659
    endloop
  endfacet
  facet normal 0.258838 -1.38944e-05 0.965921
    outer loop
      vertex 5.0937 26.7118 2.13716
      vertex 5.47789 27.5177 2.03422
      vertex 5.36843 27.375 2.06355
    endloop
  endfacet
  facet normal 0.258811 0 0.965928
    outer loop
      vertex 5.47789 27.5177 2.03422
      vertex 5.0937 26.7118 2.13716
      vertex 5.47789 24.4823 2.03422
    endloop
  endfacet
  facet normal 0.258828 3.06956e-06 0.965924
    outer loop
      vertex 5 26 2.16227
      vertex 5.47789 24.4823 2.03422
      vertex 5.0937 26.7118 2.13716
    endloop
  endfacet
  facet normal 0.258838 1.38944e-05 0.965921
    outer loop
      vertex 5.47789 24.4823 2.03422
      vertex 5.0937 25.2882 2.13716
      vertex 5.36843 24.625 2.06355
    endloop
  endfacet
  facet normal 0.258796 -7.47992e-06 0.965932
    outer loop
      vertex 5.47789 24.4823 2.03422
      vertex 5 26 2.16227
      vertex 5.0937 25.2882 2.13716
    endloop
  endfacet
  facet normal 0.241002 -0.0998819 0.965371
    outer loop
      vertex 4.81311 46.6589 2.25882
      vertex 4.8397 46.6699 2.25332
      vertex 4.67435 46.7654 2.30448
    endloop
  endfacet
  facet normal -0.208094 0.160775 0.964805
    outer loop
      vertex 95.1344 5.31386 2.25044
      vertex 95.1603 5.3301 2.25332
      vertex 95.15 5.32583 2.25181
    endloop
  endfacet
  facet normal -0.206931 0.158819 0.965379
    outer loop
      vertex 95.1603 5.3301 2.25332
      vertex 95.1344 5.31386 2.25044
      vertex 95.3257 5.23463 2.30448
    endloop
  endfacet
  facet normal -0.923874 0.382698 0
    outer loop
      vertex 97.4345 4.01711 10
      vertex 97.8307 4.97358 27.5
      vertex 97.8307 4.97358 10
    endloop
  endfacet
  facet normal -0.923874 0.382698 0
    outer loop
      vertex 97.8307 4.97358 27.5
      vertex 97.4345 4.01711 10
      vertex 97.4345 4.01711 27.5
    endloop
  endfacet
  facet normal -0.192728 0.46528 0.863927
    outer loop
      vertex 95.2175 3.89119 2.82659
      vertex 94.6241 3.67096 2.81282
      vertex 94.6331 3.64912 2.82659
    endloop
  endfacet
  facet normal -0.192601 0.464905 0.864157
    outer loop
      vertex 94.5 4.2 2.50054
      vertex 95.2175 3.89119 2.82659
      vertex 94.5289 4.41958 2.38885
    endloop
  endfacet
  facet normal -0.192593 0.464902 0.864161
    outer loop
      vertex 95.2175 3.89119 2.82659
      vertex 94.5171 4.0702 2.57419
      vertex 94.6241 3.67096 2.81282
    endloop
  endfacet
  facet normal -0.192572 0.464952 0.864138
    outer loop
      vertex 95.2175 3.89119 2.82659
      vertex 94.5 4.2 2.50054
      vertex 94.5171 4.0702 2.57419
    endloop
  endfacet
  facet normal -0.382671 0.923885 0
    outer loop
      vertex 95.9829 2.56553 10
      vertex 95.0264 2.16935 27.5
      vertex 95.9829 2.56553 27.5
    endloop
  endfacet
  facet normal -0.382671 0.923885 0
    outer loop
      vertex 95.0264 2.16935 27.5
      vertex 95.9829 2.56553 10
      vertex 95.0264 2.16935 10
    endloop
  endfacet
  facet normal 0 0.866027 0.499997
    outer loop
      vertex 93.0287 2.6 3.95741
      vertex 6.74452 2.30448 4.46927
      vertex 93.2555 2.30448 4.46927
    endloop
  endfacet
  facet normal 0 0.866027 0.499997
    outer loop
      vertex 93.0287 2.6 3.95741
      vertex 6.97128 2.6 3.95741
      vertex 6.74452 2.30448 4.46927
    endloop
  endfacet
  facet normal 0 0.866022 0.500005
    outer loop
      vertex 92.9349 2.82659 3.56495
      vertex 6.97128 2.6 3.95741
      vertex 93.0287 2.6 3.95741
    endloop
  endfacet
  facet normal 0 0.866022 0.500005
    outer loop
      vertex 6.97128 2.6 3.95741
      vertex 92.9349 2.82659 3.56495
      vertex 7.06514 2.82659 3.56495
    endloop
  endfacet
  facet normal 0.207011 -0.158801 0.965365
    outer loop
      vertex 4.91761 47.0824 2.30448
      vertex 4.86561 46.6861 2.25044
      vertex 5.11924 46.8808 2.22808
    endloop
  endfacet
  facet normal 0.206928 -0.158793 0.965384
    outer loop
      vertex 4.86561 46.6861 2.25044
      vertex 4.91761 47.0824 2.30448
      vertex 4.67435 46.7654 2.30448
    endloop
  endfacet
  facet normal -0.158999 -0.206798 0.965378
    outer loop
      vertex 94.6699 47.1603 2.25332
      vertex 94.6861 47.1344 2.25044
      vertex 94.7654 47.3257 2.30448
    endloop
  endfacet
  facet normal -0.164063 -0.209799 0.963882
    outer loop
      vertex 94.6861 47.1344 2.25044
      vertex 94.6699 47.1603 2.25332
      vertex 94.6742 47.15 2.25181
    endloop
  endfacet
  facet normal -0.240951 0.0998815 0.965384
    outer loop
      vertex 95.3257 5.23463 2.30448
      vertex 95.1869 5.34111 2.25882
      vertex 95.1603 5.3301 2.25332
    endloop
  endfacet
  facet normal 0.332154 -0.801847 0.496705
    outer loop
      vertex 4.41329 48.7483 3.56495
      vertex 4.53646 49.0557 3.97883
      vertex 4.21105 49.0985 4.26553
    endloop
  endfacet
  facet normal 0.332077 -0.801859 0.496737
    outer loop
      vertex 4.53646 49.0557 3.97883
      vertex 4.41329 48.7483 3.56495
      vertex 4.846 48.9275 3.56495
    endloop
  endfacet
  facet normal 0.158813 -0.206933 0.965379
    outer loop
      vertex 4.91761 47.0824 2.30448
      vertex 5.31386 47.1344 2.25044
      vertex 5.23463 47.3257 2.30448
    endloop
  endfacet
  facet normal 0.15882 -0.206999 0.965364
    outer loop
      vertex 5.31386 47.1344 2.25044
      vertex 4.91761 47.0824 2.30448
      vertex 5.11924 46.8808 2.22808
    endloop
  endfacet
  facet normal 0.563395 0.432299 0.704063
    outer loop
      vertex 4.27816 4.27816 2.82659
      vertex 3.89119 4.78248 2.82659
      vertex 3.75606 3.75606 3.56495
    endloop
  endfacet
  facet normal 0.382681 0.923881 -0
    outer loop
      vertex 4.97358 2.16935 10
      vertex 4.01711 2.56553 27.5
      vertex 4.97358 2.16935 27.5
    endloop
  endfacet
  facet normal 0.382681 0.923881 0
    outer loop
      vertex 4.01711 2.56553 27.5
      vertex 4.97358 2.16935 10
      vertex 4.01711 2.56553 10
    endloop
  endfacet
  facet normal 0.382698 -0.923874 0
    outer loop
      vertex 4.01711 49.4345 10
      vertex 4.97358 49.8307 27.5
      vertex 4.01711 49.4345 27.5
    endloop
  endfacet
  facet normal 0.382698 -0.923874 0
    outer loop
      vertex 4.97358 49.8307 27.5
      vertex 4.01711 49.4345 10
      vertex 4.97358 49.8307 10
    endloop
  endfacet
  facet normal 0.656082 -0.271738 0.70407
    outer loop
      vertex 3.25174 47.5867 3.56495
      vertex 3.2319 46.9444 3.33554
      vertex 3.89119 47.2175 2.82659
    endloop
  endfacet
  facet normal 0.656079 -0.271739 0.704073
    outer loop
      vertex 3.25174 47.5867 3.56495
      vertex 3.07417 47.15 3.56187
      vertex 3.2319 46.9444 3.33554
    endloop
  endfacet
  facet normal 0.654941 -0.271285 0.705306
    outer loop
      vertex 3.07417 47.15 3.56187
      vertex 3.25174 47.5867 3.56495
      vertex 3.07251 47.154 3.56495
    endloop
  endfacet
  facet normal 0.707107 8.42959e-17 0.707107
    outer loop
      vertex 3.37178 7.29096 3.01976
      vertex 3.39154 11 3
      vertex 2.82659 11 3.56495
    endloop
  endfacet
  facet normal 0.707107 0 0.707107
    outer loop
      vertex 3.39154 11 3
      vertex 3.37178 7.29096 3.01976
      vertex 3.39154 7.29356 3
    endloop
  endfacet
  facet normal 0.707107 0 0.707107
    outer loop
      vertex 3.37178 7.29096 3.01976
      vertex 2.82659 11 3.56495
      vertex 2.82659 7.06514 3.56495
    endloop
  endfacet
  facet normal 0.707107 -0 0.707107
    outer loop
      vertex 2.82659 13 3.56495
      vertex 3.37178 44.709 3.01976
      vertex 2.82659 44.9349 3.56495
    endloop
  endfacet
  facet normal 0.707107 -2.5002e-16 0.707107
    outer loop
      vertex 2.82659 13 3.56495
      vertex 3.39154 44.7064 3
      vertex 3.37178 44.709 3.01976
    endloop
  endfacet
  facet normal 0.707107 0 0.707107
    outer loop
      vertex 3.39154 44.7064 3
      vertex 2.82659 13 3.56495
      vertex 3.39154 13 3
    endloop
  endfacet
  facet normal 0.965926 0 0.25882
    outer loop
      vertex 2.03422 11 5.47789
      vertex 2.30448 6.74452 4.46927
      vertex 2.30448 11 4.46927
    endloop
  endfacet
  facet normal 0.965926 0 0.25882
    outer loop
      vertex 2.30448 6.74452 4.46927
      vertex 2.03422 11 5.47789
      vertex 2.03422 6.53714 5.47789
    endloop
  endfacet
  facet normal 0.965926 -0 0.25882
    outer loop
      vertex 2.03422 13 5.47789
      vertex 2.30448 45.2555 4.46927
      vertex 2.03422 45.4629 5.47789
    endloop
  endfacet
  facet normal 0.965926 0 0.25882
    outer loop
      vertex 2.30448 45.2555 4.46927
      vertex 2.03422 13 5.47789
      vertex 2.30448 13 4.46927
    endloop
  endfacet
  facet normal -0.688549 -0.528368 0.496717
    outer loop
      vertex 96.6131 48.6131 4.46927
      vertex 97.1 47.8 4.2793
      vertex 97.0716 48.0156 4.46927
    endloop
  endfacet
  facet normal -0.686337 -0.527877 0.500286
    outer loop
      vertex 96.6131 48.6131 4.46927
      vertex 97.0985 47.7889 4.26553
      vertex 97.1 47.8 4.2793
    endloop
  endfacet
  facet normal -0.6886 -0.528322 0.496695
    outer loop
      vertex 97.0985 47.7889 4.26553
      vertex 96.6131 48.6131 4.46927
      vertex 96.7483 47.5867 3.56495
    endloop
  endfacet
  facet normal -0.766662 -0.588488 0.25673
    outer loop
      vertex 96.9725 48.3374 4.91056
      vertex 96.7192 48.7192 5.02932
      vertex 96.6131 48.6131 4.46927
    endloop
  endfacet
  facet normal -0.766778 -0.58847 0.256427
    outer loop
      vertex 96.7192 48.7192 5.02932
      vertex 96.9725 48.3374 4.91056
      vertex 96.9258 48.45 5.02932
    endloop
  endfacet
  facet normal -0.432329 -0.563368 0.704065
    outer loop
      vertex 95.7218 47.7218 2.82659
      vertex 96.2439 48.2439 3.56495
      vertex 95.2175 48.1088 2.82659
    endloop
  endfacet
  facet normal -0.528397 -0.688467 0.4968
    outer loop
      vertex 96.2439 48.2439 3.56495
      vertex 96.6131 48.6131 4.46927
      vertex 95.5867 48.7483 3.56495
    endloop
  endfacet
  facet normal -0.793309 -0.608819 0
    outer loop
      vertex 97.4345 47.9829 10
      vertex 96.8042 48.8042 27.5
      vertex 96.8042 48.8042 10
    endloop
  endfacet
  facet normal -0.793309 -0.608819 0
    outer loop
      vertex 96.8042 48.8042 27.5
      vertex 97.4345 47.9829 10
      vertex 97.4345 47.9829 27.5
    endloop
  endfacet
  facet normal -0.241051 0.0997476 0.965373
    outer loop
      vertex 95.3257 5.23463 2.30448
      vertex 95.4076 5.43255 2.30448
      vertex 95.1869 5.34111 2.25882
    endloop
  endfacet
  facet normal -0.192654 0.465067 0.864058
    outer loop
      vertex 94.5443 4.53646 2.3294
      vertex 94.7654 4.67435 2.30448
      vertex 94.5675 4.59237 2.30448
    endloop
  endfacet
  facet normal -0.19255 0.464919 0.864162
    outer loop
      vertex 94.7654 4.67435 2.30448
      vertex 94.5443 4.53646 2.3294
      vertex 94.5289 4.41958 2.38885
    endloop
  endfacet
  facet normal -0.192572 0.464935 0.864148
    outer loop
      vertex 94.7654 4.67435 2.30448
      vertex 94.5289 4.41958 2.38885
      vertex 95.2175 3.89119 2.82659
    endloop
  endfacet
  facet normal 0.209941 -0.164437 0.963787
    outer loop
      vertex 4.86561 46.6861 2.25044
      vertex 4.8397 46.6699 2.25332
      vertex 4.85 46.6742 2.25181
    endloop
  endfacet
  facet normal 0.206788 -0.159114 0.965361
    outer loop
      vertex 4.8397 46.6699 2.25332
      vertex 4.86561 46.6861 2.25044
      vertex 4.67435 46.7654 2.30448
    endloop
  endfacet
  facet normal -0.68858 0.528328 0.496717
    outer loop
      vertex 96.6131 3.38687 4.46927
      vertex 97.0985 4.21105 4.26553
      vertex 96.7483 4.41329 3.56495
    endloop
  endfacet
  facet normal -0.687363 0.52809 0.498652
    outer loop
      vertex 97.0985 4.21105 4.26553
      vertex 96.6131 3.38687 4.46927
      vertex 97.1 4.2 4.2793
    endloop
  endfacet
  facet normal -0.688553 0.528353 0.496727
    outer loop
      vertex 97.1 4.2 4.2793
      vertex 96.6131 3.38687 4.46927
      vertex 97.0716 3.98439 4.46927
    endloop
  endfacet
  facet normal -0.801859 0.332077 0.496737
    outer loop
      vertex 96.7483 4.41329 3.56495
      vertex 97.0557 4.53646 3.97883
      vertex 96.9275 4.846 3.56495
    endloop
  endfacet
  facet normal -0.801847 0.332154 0.496705
    outer loop
      vertex 97.0557 4.53646 3.97883
      vertex 96.7483 4.41329 3.56495
      vertex 97.0985 4.21105 4.26553
    endloop
  endfacet
  facet normal 0.306342 0.399242 0.864153
    outer loop
      vertex 4.78248 3.89119 2.82659
      vertex 5.23463 4.67435 2.30448
      vertex 4.27816 4.27816 2.82659
    endloop
  endfacet
  facet normal 0.158817 0.206973 0.96537
    outer loop
      vertex 4.91761 4.91761 2.30448
      vertex 5.31386 4.86561 2.25044
      vertex 5.11924 5.11924 2.22808
    endloop
  endfacet
  facet normal 0.158817 0.206972 0.96537
    outer loop
      vertex 5.31386 4.86561 2.25044
      vertex 4.91761 4.91761 2.30448
      vertex 5.23463 4.67435 2.30448
    endloop
  endfacet
  facet normal 0.271743 0.656105 0.704047
    outer loop
      vertex 4.41329 3.25174 3.56495
      vertex 4.85 3.07417 3.56187
      vertex 5.05556 3.2319 3.33554
    endloop
  endfacet
  facet normal 0.27175 0.656078 0.704069
    outer loop
      vertex 4.41329 3.25174 3.56495
      vertex 5.05556 3.2319 3.33554
      vertex 4.78248 3.89119 2.82659
    endloop
  endfacet
  facet normal 0.271281 0.654946 0.705303
    outer loop
      vertex 4.85 3.07417 3.56187
      vertex 4.41329 3.25174 3.56495
      vertex 4.846 3.07251 3.56495
    endloop
  endfacet
  facet normal 0.0659227 0.49886 0.864172
    outer loop
      vertex 5.4557 3.86353 2.69557
      vertex 5.48291 4.0702 2.57419
      vertex 5.37593 3.67096 2.81282
    endloop
  endfacet
  facet normal -0.766707 0.588427 0.256737
    outer loop
      vertex 96.7192 3.28076 5.02932
      vertex 96.9725 3.66262 4.91056
      vertex 96.6131 3.38687 4.46927
    endloop
  endfacet
  facet normal -0.766814 0.588411 0.256455
    outer loop
      vertex 96.9725 3.66262 4.91056
      vertex 96.7192 3.28076 5.02932
      vertex 96.9258 3.55 5.02932
    endloop
  endfacet
  facet normal -0.991449 0.130497 0
    outer loop
      vertex 97.8307 4.97358 10
      vertex 97.9658 6 27.5
      vertex 97.9658 6 10
    endloop
  endfacet
  facet normal -0.991449 0.130497 0
    outer loop
      vertex 97.9658 6 27.5
      vertex 97.8307 4.97358 10
      vertex 97.8307 4.97358 27.5
    endloop
  endfacet
  facet normal -0.588407 0.766732 0.256708
    outer loop
      vertex 96.7192 3.28076 5.02932
      vertex 96.3374 3.02752 4.91056
      vertex 96.45 3.07417 5.02932
    endloop
  endfacet
  facet normal -0.588409 0.76672 0.256739
    outer loop
      vertex 96.3374 3.02752 4.91056
      vertex 96.7192 3.28076 5.02932
      vertex 96.6131 3.38687 4.46927
    endloop
  endfacet
  facet normal -0.130528 0.991445 0
    outer loop
      vertex 95.0264 2.16935 10
      vertex 94 2.03422 27.5
      vertex 95.0264 2.16935 27.5
    endloop
  endfacet
  facet normal -0.130528 0.991445 0
    outer loop
      vertex 94 2.03422 27.5
      vertex 95.0264 2.16935 10
      vertex 94 2.03422 10
    endloop
  endfacet
  facet normal -0.271738 0.656082 0.70407
    outer loop
      vertex 94.9444 3.2319 3.33554
      vertex 95.5867 3.25174 3.56495
      vertex 95.2175 3.89119 2.82659
    endloop
  endfacet
  facet normal -0.271285 0.654941 0.705306
    outer loop
      vertex 95.5867 3.25174 3.56495
      vertex 95.15 3.07417 3.56187
      vertex 95.154 3.07251 3.56495
    endloop
  endfacet
  facet normal -0.271739 0.656079 0.704073
    outer loop
      vertex 95.5867 3.25174 3.56495
      vertex 94.9444 3.2319 3.33554
      vertex 95.15 3.07417 3.56187
    endloop
  endfacet
  facet normal 0 0.707107 0.707107
    outer loop
      vertex 92.709 3.37178 3.01976
      vertex 7.06514 2.82659 3.56495
      vertex 92.9349 2.82659 3.56495
    endloop
  endfacet
  facet normal 0 0.707107 0.707107
    outer loop
      vertex 92.709 3.37178 3.01976
      vertex 7.29096 3.37178 3.01976
      vertex 7.06514 2.82659 3.56495
    endloop
  endfacet
  facet normal 0 0.707107 0.707107
    outer loop
      vertex 92.7064 3.39154 3
      vertex 7.29096 3.37178 3.01976
      vertex 92.709 3.37178 3.01976
    endloop
  endfacet
  facet normal 0 0.707107 0.707107
    outer loop
      vertex 7.29096 3.37178 3.01976
      vertex 92.7064 3.39154 3
      vertex 7.29356 3.39154 3
    endloop
  endfacet
  facet normal 0.399247 -0.306358 0.864145
    outer loop
      vertex 4.67435 46.7654 2.30448
      vertex 4.27816 47.7218 2.82659
      vertex 3.89119 47.2175 2.82659
    endloop
  endfacet
  facet normal 0.192565 -0.464965 0.864133
    outer loop
      vertex 4.78248 48.1088 2.82659
      vertex 5.5 47.8 2.50054
      vertex 5.48291 47.9298 2.57419
    endloop
  endfacet
  facet normal 0.192571 -0.464951 0.86414
    outer loop
      vertex 4.78248 48.1088 2.82659
      vertex 5.48291 47.9298 2.57419
      vertex 5.37593 48.329 2.81282
    endloop
  endfacet
  facet normal 0.192316 -0.464235 0.864581
    outer loop
      vertex 4.78248 48.1088 2.82659
      vertex 5.37593 48.329 2.81282
      vertex 5.36689 48.3509 2.82659
    endloop
  endfacet
  facet normal 0.192618 -0.464879 0.864168
    outer loop
      vertex 5.5 47.8 2.50054
      vertex 4.78248 48.1088 2.82659
      vertex 5.47109 47.5804 2.38885
    endloop
  endfacet
  facet normal 0.192327 -0.46484 0.864254
    outer loop
      vertex 5.23463 47.3257 2.30448
      vertex 5.4557 47.4635 2.3294
      vertex 5.47109 47.5804 2.38885
    endloop
  endfacet
  facet normal 0.192389 -0.464928 0.864192
    outer loop
      vertex 5.4557 47.4635 2.3294
      vertex 5.23463 47.3257 2.30448
      vertex 5.43255 47.4076 2.30448
    endloop
  endfacet
  facet normal 0.19252 -0.46498 0.864135
    outer loop
      vertex 5.23463 47.3257 2.30448
      vertex 5.47109 47.5804 2.38885
      vertex 4.78248 48.1088 2.82659
    endloop
  endfacet
  facet normal 0 -0.965916 0.258856
    outer loop
      vertex 6.74452 49.6955 4.46927
      vertex 93.4629 49.9658 5.47789
      vertex 6.53714 49.9658 5.47789
    endloop
  endfacet
  facet normal 0 -0.965916 0.258856
    outer loop
      vertex 93.4629 49.9658 5.47789
      vertex 6.74452 49.6955 4.46927
      vertex 93.2555 49.6955 4.46927
    endloop
  endfacet
  facet normal 0.688511 -0.528348 0.49679
    outer loop
      vertex 3.75606 48.2439 3.56495
      vertex 3.38687 48.6131 4.46927
      vertex 3.25174 47.5867 3.56495
    endloop
  endfacet
  facet normal 0.588346 -0.766742 0.256817
    outer loop
      vertex 3.38687 48.6131 4.46927
      vertex 3.86353 49.0557 4.69869
      vertex 3.66262 48.9725 4.91056
    endloop
  endfacet
  facet normal 0.588351 -0.766742 0.256808
    outer loop
      vertex 3.86353 49.0557 4.69869
      vertex 3.38687 48.6131 4.46927
      vertex 3.98439 49.0716 4.46927
    endloop
  endfacet
  facet normal 0.766768 0.588348 0.256736
    outer loop
      vertex 3.28076 3.28076 5.02932
      vertex 3.02752 3.66262 4.91056
      vertex 3.07417 3.55 5.02932
    endloop
  endfacet
  facet normal 0.766764 0.588348 0.256747
    outer loop
      vertex 3.02752 3.66262 4.91056
      vertex 3.28076 3.28076 5.02932
      vertex 3.38687 3.38687 4.46927
    endloop
  endfacet
  facet normal 0.793352 0.608764 0
    outer loop
      vertex 3.19577 3.19577 27.5
      vertex 2.56553 4.01711 10
      vertex 2.56553 4.01711 27.5
    endloop
  endfacet
  facet normal 0.793352 0.608764 0
    outer loop
      vertex 2.56553 4.01711 10
      vertex 3.19577 3.19577 27.5
      vertex 3.19577 3.19577 10
    endloop
  endfacet
  facet normal -0.382687 -0.923878 0
    outer loop
      vertex 95.0264 49.8307 10
      vertex 95.9829 49.4345 27.5
      vertex 95.0264 49.8307 27.5
    endloop
  endfacet
  facet normal -0.382687 -0.923878 -0
    outer loop
      vertex 95.9829 49.4345 27.5
      vertex 95.0264 49.8307 10
      vertex 95.9829 49.4345 10
    endloop
  endfacet
  facet normal -0.192412 -0.464458 0.86444
    outer loop
      vertex 94.6241 48.329 2.81282
      vertex 95.2175 48.1088 2.82659
      vertex 94.6331 48.3509 2.82659
    endloop
  endfacet
  facet normal -0.192583 -0.46494 0.864143
    outer loop
      vertex 94.5171 47.9298 2.57419
      vertex 95.2175 48.1088 2.82659
      vertex 94.6241 48.329 2.81282
    endloop
  endfacet
  facet normal -0.192579 -0.464951 0.864138
    outer loop
      vertex 94.5 47.8 2.50054
      vertex 95.2175 48.1088 2.82659
      vertex 94.5171 47.9298 2.57419
    endloop
  endfacet
  facet normal -0.192627 -0.464872 0.864169
    outer loop
      vertex 95.2175 48.1088 2.82659
      vertex 94.5 47.8 2.50054
      vertex 94.5289 47.5804 2.38885
    endloop
  endfacet
  facet normal -0.269632 -0.651059 0.709522
    outer loop
      vertex 95.15 48.9258 3.56187
      vertex 95.5867 48.7483 3.56495
      vertex 95.154 48.9275 3.56495
    endloop
  endfacet
  facet normal -0.271676 -0.656182 0.704001
    outer loop
      vertex 94.9444 48.7681 3.33554
      vertex 95.5867 48.7483 3.56495
      vertex 95.15 48.9258 3.56187
    endloop
  endfacet
  facet normal -0.271704 -0.656074 0.704091
    outer loop
      vertex 95.5867 48.7483 3.56495
      vertex 94.9444 48.7681 3.33554
      vertex 95.2175 48.1088 2.82659
    endloop
  endfacet
  facet normal -0.206889 -0.158789 0.965393
    outer loop
      vertex 95.0824 47.0824 2.30448
      vertex 95.1344 46.6861 2.25044
      vertex 95.3257 46.7654 2.30448
    endloop
  endfacet
  facet normal -0.207037 -0.158804 0.965359
    outer loop
      vertex 95.1344 46.6861 2.25044
      vertex 95.0824 47.0824 2.30448
      vertex 94.8808 46.8808 2.22808
    endloop
  endfacet
  facet normal -0.158789 -0.206889 0.965393
    outer loop
      vertex 94.6861 47.1344 2.25044
      vertex 95.0824 47.0824 2.30448
      vertex 94.7654 47.3257 2.30448
    endloop
  endfacet
  facet normal -0.158804 -0.207037 0.965359
    outer loop
      vertex 95.0824 47.0824 2.30448
      vertex 94.6861 47.1344 2.25044
      vertex 94.8808 46.8808 2.22808
    endloop
  endfacet
  facet normal -0.801857 -0.33215 0.49669
    outer loop
      vertex 96.7483 47.5867 3.56495
      vertex 97.0557 47.4635 3.97883
      vertex 97.0985 47.7889 4.26553
    endloop
  endfacet
  facet normal -0.801867 -0.332088 0.496716
    outer loop
      vertex 97.0557 47.4635 3.97883
      vertex 96.7483 47.5867 3.56495
      vertex 96.9275 47.154 3.56495
    endloop
  endfacet
  facet normal -0.399253 -0.306387 0.864132
    outer loop
      vertex 96.1088 47.2175 2.82659
      vertex 95.7218 47.7218 2.82659
      vertex 95.3257 46.7654 2.30448
    endloop
  endfacet
  facet normal -0.866013 0 0.500022
    outer loop
      vertex 97.1734 7.06514 3.56495
      vertex 97.4 45.0287 3.95741
      vertex 97.1734 44.9349 3.56495
    endloop
  endfacet
  facet normal -0.866013 0 0.500022
    outer loop
      vertex 97.4 6.97128 3.95741
      vertex 97.4 45.0287 3.95741
      vertex 97.1734 7.06514 3.56495
    endloop
  endfacet
  facet normal -0.866042 0 0.499971
    outer loop
      vertex 97.4 45.0287 3.95741
      vertex 97.4 6.97128 3.95741
      vertex 97.6955 45.2555 4.46927
    endloop
  endfacet
  facet normal -0.866042 0 0.499971
    outer loop
      vertex 97.6955 45.2555 4.46927
      vertex 97.4 6.97128 3.95741
      vertex 97.6955 6.74452 4.46927
    endloop
  endfacet
  facet normal -0.271979 0.656098 0.703962
    outer loop
      vertex 95.2175 3.89119 2.82659
      vertex 94.8808 3.28076 3.26543
      vertex 94.9444 3.2319 3.33554
    endloop
  endfacet
  facet normal -0.271774 0.656065 0.704072
    outer loop
      vertex 95.2175 3.89119 2.82659
      vertex 94.6742 3.55 2.9348
      vertex 94.8808 3.28076 3.26543
    endloop
  endfacet
  facet normal -0.271738 0.656023 0.704125
    outer loop
      vertex 94.6742 3.55 2.9348
      vertex 95.2175 3.89119 2.82659
      vertex 94.6331 3.64912 2.82659
    endloop
  endfacet
  facet normal 0.306371 -0.399248 0.86414
    outer loop
      vertex 5.23463 47.3257 2.30448
      vertex 4.78248 48.1088 2.82659
      vertex 4.27816 47.7218 2.82659
    endloop
  endfacet
  facet normal -0.656209 0.27168 0.703975
    outer loop
      vertex 96.7483 4.41329 3.56495
      vertex 96.9258 4.85 3.56187
      vertex 96.7681 5.05556 3.33554
    endloop
  endfacet
  facet normal -0.651064 0.269628 0.709519
    outer loop
      vertex 96.9258 4.85 3.56187
      vertex 96.7483 4.41329 3.56495
      vertex 96.9275 4.846 3.56495
    endloop
  endfacet
  facet normal -0.65607 0.271717 0.70409
    outer loop
      vertex 96.7483 4.41329 3.56495
      vertex 96.7681 5.05556 3.33554
      vertex 96.1088 4.78248 2.82659
    endloop
  endfacet
  facet normal -0.563335 0.432339 0.704085
    outer loop
      vertex 96.2439 3.75606 3.56495
      vertex 96.7483 4.41329 3.56495
      vertex 96.1088 4.78248 2.82659
    endloop
  endfacet
  facet normal -0.399248 0.306371 0.86414
    outer loop
      vertex 95.7218 4.27816 2.82659
      vertex 96.1088 4.78248 2.82659
      vertex 95.3257 5.23463 2.30448
    endloop
  endfacet
  facet normal -0.0997511 -0.241035 0.965377
    outer loop
      vertex 94.6589 47.1869 2.25882
      vertex 94.7654 47.3257 2.30448
      vertex 94.5675 47.4076 2.30448
    endloop
  endfacet
  facet normal 0.432306 0.563381 0.70407
    outer loop
      vertex 4.41329 3.25174 3.56495
      vertex 4.78248 3.89119 2.82659
      vertex 3.75606 3.75606 3.56495
    endloop
  endfacet
  facet normal 0.432299 0.563395 0.704063
    outer loop
      vertex 4.78248 3.89119 2.82659
      vertex 4.27816 4.27816 2.82659
      vertex 3.75606 3.75606 3.56495
    endloop
  endfacet
  facet normal 0.161139 0.208231 0.964715
    outer loop
      vertex 5.31386 4.86561 2.25044
      vertex 5.3301 4.8397 2.25332
      vertex 5.32583 4.85 2.25181
    endloop
  endfacet
  facet normal 0.158934 0.206921 0.965362
    outer loop
      vertex 5.3301 4.8397 2.25332
      vertex 5.31386 4.86561 2.25044
      vertex 5.23463 4.67435 2.30448
    endloop
  endfacet
  facet normal 0.0998617 0.24103 0.965366
    outer loop
      vertex 5.34111 4.81311 2.25882
      vertex 5.3301 4.8397 2.25332
      vertex 5.23463 4.67435 2.30448
    endloop
  endfacet
  facet normal -0.923878 -0.382687 0
    outer loop
      vertex 97.8307 47.0264 10
      vertex 97.4345 47.9829 27.5
      vertex 97.4345 47.9829 10
    endloop
  endfacet
  facet normal -0.923878 -0.382687 0
    outer loop
      vertex 97.4345 47.9829 27.5
      vertex 97.8307 47.0264 10
      vertex 97.8307 47.0264 27.5
    endloop
  endfacet
  facet normal 0.271794 -0.656103 0.704029
    outer loop
      vertex 4.78248 48.1088 2.82659
      vertex 5.32583 48.45 2.9348
      vertex 5.11924 48.7192 3.26543
    endloop
  endfacet
  facet normal 0.271503 -0.656055 0.704185
    outer loop
      vertex 4.78248 48.1088 2.82659
      vertex 5.11924 48.7192 3.26543
      vertex 5.05556 48.7681 3.33554
    endloop
  endfacet
  facet normal 0.271805 -0.656115 0.704014
    outer loop
      vertex 5.32583 48.45 2.9348
      vertex 4.78248 48.1088 2.82659
      vertex 5.36689 48.3509 2.82659
    endloop
  endfacet
  facet normal 0.528384 -0.688481 0.496794
    outer loop
      vertex 3.75606 48.2439 3.56495
      vertex 4.41329 48.7483 3.56495
      vertex 3.38687 48.6131 4.46927
    endloop
  endfacet
  facet normal 0 -0.866042 0.499971
    outer loop
      vertex 6.97128 49.4 3.95741
      vertex 93.2555 49.6955 4.46927
      vertex 6.74452 49.6955 4.46927
    endloop
  endfacet
  facet normal 0 -0.866042 0.499971
    outer loop
      vertex 6.97128 49.4 3.95741
      vertex 93.0287 49.4 3.95741
      vertex 93.2555 49.6955 4.46927
    endloop
  endfacet
  facet normal 0 -0.866013 0.500022
    outer loop
      vertex 7.06514 49.1734 3.56495
      vertex 93.0287 49.4 3.95741
      vertex 6.97128 49.4 3.95741
    endloop
  endfacet
  facet normal 0 -0.866013 0.500022
    outer loop
      vertex 93.0287 49.4 3.95741
      vertex 7.06514 49.1734 3.56495
      vertex 92.9349 49.1734 3.56495
    endloop
  endfacet
  facet normal 0.80182 0.332116 0.496774
    outer loop
      vertex 2.9443 4.53646 3.97883
      vertex 3.25174 4.41329 3.56495
      vertex 3.07251 4.846 3.56495
    endloop
  endfacet
  facet normal 0.801822 0.3321 0.49678
    outer loop
      vertex 3.25174 4.41329 3.56495
      vertex 2.9443 4.53646 3.97883
      vertex 2.90145 4.21105 4.26553
    endloop
  endfacet
  facet normal 0.656078 0.27175 0.704069
    outer loop
      vertex 3.2319 5.05556 3.33554
      vertex 3.25174 4.41329 3.56495
      vertex 3.89119 4.78248 2.82659
    endloop
  endfacet
  facet normal 0.656105 0.271743 0.704047
    outer loop
      vertex 3.07417 4.85 3.56187
      vertex 3.25174 4.41329 3.56495
      vertex 3.2319 5.05556 3.33554
    endloop
  endfacet
  facet normal 0.654946 0.271281 0.705303
    outer loop
      vertex 3.25174 4.41329 3.56495
      vertex 3.07417 4.85 3.56187
      vertex 3.07251 4.846 3.56495
    endloop
  endfacet
  facet normal 0.130525 0.991445 -0
    outer loop
      vertex 6 2.03422 10
      vertex 4.97358 2.16935 27.5
      vertex 6 2.03422 27.5
    endloop
  endfacet
  facet normal 0.130525 0.991445 0
    outer loop
      vertex 4.97358 2.16935 27.5
      vertex 6 2.03422 10
      vertex 4.97358 2.16935 10
    endloop
  endfacet
  facet normal 0.608764 0.793352 -0
    outer loop
      vertex 4.01711 2.56553 10
      vertex 3.19577 3.19577 27.5
      vertex 4.01711 2.56553 27.5
    endloop
  endfacet
  facet normal 0.608764 0.793352 0
    outer loop
      vertex 3.19577 3.19577 27.5
      vertex 4.01711 2.56553 10
      vertex 3.19577 3.19577 10
    endloop
  endfacet
  facet normal 0.923881 0.382681 0
    outer loop
      vertex 2.56553 4.01711 27.5
      vertex 2.16935 4.97358 10
      vertex 2.16935 4.97358 27.5
    endloop
  endfacet
  facet normal 0.923881 0.382681 0
    outer loop
      vertex 2.16935 4.97358 10
      vertex 2.56553 4.01711 27.5
      vertex 2.56553 4.01711 10
    endloop
  endfacet
  facet normal 0.688554 -0.528349 0.496731
    outer loop
      vertex 2.9 47.8 4.2793
      vertex 3.38687 48.6131 4.46927
      vertex 2.92839 48.0156 4.46927
    endloop
  endfacet
  facet normal 0.687672 -0.528154 0.498158
    outer loop
      vertex 2.90145 47.7889 4.26553
      vertex 3.38687 48.6131 4.46927
      vertex 2.9 47.8 4.2793
    endloop
  endfacet
  facet normal 0.688551 -0.528326 0.49676
    outer loop
      vertex 3.38687 48.6131 4.46927
      vertex 2.90145 47.7889 4.26553
      vertex 3.25174 47.5867 3.56495
    endloop
  endfacet
  facet normal 0.49886 0.0659227 0.864172
    outer loop
      vertex 4.0702 5.48291 2.57419
      vertex 3.86353 5.4557 2.69557
      vertex 3.67096 5.37593 2.81282
    endloop
  endfacet
  facet normal 0.464966 0.192559 0.864134
    outer loop
      vertex 3.89119 4.78248 2.82659
      vertex 4.2 5.5 2.50054
      vertex 4.0702 5.48291 2.57419
    endloop
  endfacet
  facet normal 0.464912 0.192592 0.864156
    outer loop
      vertex 4.2 5.5 2.50054
      vertex 3.89119 4.78248 2.82659
      vertex 4.41958 5.47109 2.38885
    endloop
  endfacet
  facet normal 0.464913 0.192581 0.864158
    outer loop
      vertex 3.67096 5.37593 2.81282
      vertex 3.89119 4.78248 2.82659
      vertex 4.0702 5.48291 2.57419
    endloop
  endfacet
  facet normal 0.465057 0.192632 0.864069
    outer loop
      vertex 3.89119 4.78248 2.82659
      vertex 3.67096 5.37593 2.81282
      vertex 3.64912 5.36689 2.82659
    endloop
  endfacet
  facet normal -0.58847 -0.766778 0.256427
    outer loop
      vertex 96.3374 48.9725 4.91056
      vertex 96.7192 48.7192 5.02932
      vertex 96.45 48.9258 5.02932
    endloop
  endfacet
  facet normal -0.588488 -0.766662 0.25673
    outer loop
      vertex 96.7192 48.7192 5.02932
      vertex 96.3374 48.9725 4.91056
      vertex 96.6131 48.6131 4.46927
    endloop
  endfacet
  facet normal -0.192507 -0.464996 0.86413
    outer loop
      vertex 94.5289 47.5804 2.38885
      vertex 94.7654 47.3257 2.30448
      vertex 95.2175 48.1088 2.82659
    endloop
  endfacet
  facet normal -0.192309 -0.464853 0.864251
    outer loop
      vertex 94.5443 47.4635 2.3294
      vertex 94.7654 47.3257 2.30448
      vertex 94.5289 47.5804 2.38885
    endloop
  endfacet
  facet normal -0.192475 -0.465089 0.864087
    outer loop
      vertex 94.7654 47.3257 2.30448
      vertex 94.5443 47.4635 2.3294
      vertex 94.5675 47.4076 2.30448
    endloop
  endfacet
  facet normal -0.0667744 -0.498696 0.864201
    outer loop
      vertex 94.6241 48.329 2.81282
      vertex 94.5443 48.1365 2.69557
      vertex 94.5171 47.9298 2.57419
    endloop
  endfacet
  facet normal -0.688467 -0.528397 0.4968
    outer loop
      vertex 96.7483 47.5867 3.56495
      vertex 96.6131 48.6131 4.46927
      vertex 96.2439 48.2439 3.56495
    endloop
  endfacet
  facet normal -0.432317 0.56337 0.704071
    outer loop
      vertex 95.5867 3.25174 3.56495
      vertex 96.2439 3.75606 3.56495
      vertex 95.2175 3.89119 2.82659
    endloop
  endfacet
  facet normal -0.528348 0.688511 0.49679
    outer loop
      vertex 96.6131 3.38687 4.46927
      vertex 96.2439 3.75606 3.56495
      vertex 95.5867 3.25174 3.56495
    endloop
  endfacet
  facet normal 0 0 1
    outer loop
      vertex 10.4063 26.7118 2.03422
      vertex 10.4063 25.2882 2.03422
      vertex 10.5 26 2.03422
    endloop
  endfacet
  facet normal 0 0 1
    outer loop
      vertex 10.1316 27.375 2.03422
      vertex 10.4063 25.2882 2.03422
      vertex 10.4063 26.7118 2.03422
    endloop
  endfacet
  facet normal 0 0 1
    outer loop
      vertex 10.1316 27.375 2.03422
      vertex 10.1316 24.625 2.03422
      vertex 10.4063 25.2882 2.03422
    endloop
  endfacet
  facet normal 0 0 1
    outer loop
      vertex 9.69454 27.9445 2.03422
      vertex 10.1316 24.625 2.03422
      vertex 10.1316 27.375 2.03422
    endloop
  endfacet
  facet normal 0 0 1
    outer loop
      vertex 9.69454 27.9445 2.03422
      vertex 9.69454 24.0555 2.03422
      vertex 10.1316 24.625 2.03422
    endloop
  endfacet
  facet normal 0 0 1
    outer loop
      vertex 9.125 28.3816 2.03422
      vertex 9.69454 24.0555 2.03422
      vertex 9.69454 27.9445 2.03422
    endloop
  endfacet
  facet normal 0 0 1
    outer loop
      vertex 9.125 28.3816 2.03422
      vertex 9.125 23.6184 2.03422
      vertex 9.69454 24.0555 2.03422
    endloop
  endfacet
  facet normal 0 0 1
    outer loop
      vertex 8.46175 28.6563 2.03422
      vertex 9.125 23.6184 2.03422
      vertex 9.125 28.3816 2.03422
    endloop
  endfacet
  facet normal 0 0 1
    outer loop
      vertex 8.46175 28.6563 2.03422
      vertex 8.46175 23.3437 2.03422
      vertex 9.125 23.6184 2.03422
    endloop
  endfacet
  facet normal 0 0 1
    outer loop
      vertex 7.75 28.75 2.03422
      vertex 8.46175 23.3437 2.03422
      vertex 8.46175 28.6563 2.03422
    endloop
  endfacet
  facet normal 0 0 1
    outer loop
      vertex 7.75 28.75 2.03422
      vertex 7.75 23.25 2.03422
      vertex 8.46175 23.3437 2.03422
    endloop
  endfacet
  facet normal 0 0 1
    outer loop
      vertex 5.47789 27.5177 2.03422
      vertex 7.75 28.75 2.03422
      vertex 7.03825 28.6563 2.03422
    endloop
  endfacet
  facet normal 0 0 1
    outer loop
      vertex 7.75 28.75 2.03422
      vertex 5.47789 27.5177 2.03422
      vertex 7.75 23.25 2.03422
    endloop
  endfacet
  facet normal 0 0 1
    outer loop
      vertex 5.47789 27.5177 2.03422
      vertex 7.03825 28.6563 2.03422
      vertex 6.375 28.3816 2.03422
    endloop
  endfacet
  facet normal -0 0 1
    outer loop
      vertex 5.47789 24.4823 2.03422
      vertex 7.75 23.25 2.03422
      vertex 5.47789 27.5177 2.03422
    endloop
  endfacet
  facet normal 0 0 1
    outer loop
      vertex 5.47789 27.5177 2.03422
      vertex 6.375 28.3816 2.03422
      vertex 5.80546 27.9445 2.03422
    endloop
  endfacet
  facet normal 0 0 1
    outer loop
      vertex 7.75 23.25 2.03422
      vertex 5.47789 24.4823 2.03422
      vertex 7.03825 23.3437 2.03422
    endloop
  endfacet
  facet normal 0 0 1
    outer loop
      vertex 7.03825 23.3437 2.03422
      vertex 5.47789 24.4823 2.03422
      vertex 6.375 23.6184 2.03422
    endloop
  endfacet
  facet normal 0 0 1
    outer loop
      vertex 6.375 23.6184 2.03422
      vertex 5.47789 24.4823 2.03422
      vertex 5.80546 24.0555 2.03422
    endloop
  endfacet
  facet normal 0 0 1
    outer loop
      vertex 80.8296 27.2941 2.03422
      vertex 80.8296 24.7059 2.03422
      vertex 81 26 2.03422
    endloop
  endfacet
  facet normal 0 0 1
    outer loop
      vertex 80.3301 28.5 2.03422
      vertex 80.8296 24.7059 2.03422
      vertex 80.8296 27.2941 2.03422
    endloop
  endfacet
  facet normal 0 0 1
    outer loop
      vertex 80.3301 28.5 2.03422
      vertex 80.3301 23.5 2.03422
      vertex 80.8296 24.7059 2.03422
    endloop
  endfacet
  facet normal 0 0 1
    outer loop
      vertex 79.5355 29.5355 2.03422
      vertex 80.3301 23.5 2.03422
      vertex 80.3301 28.5 2.03422
    endloop
  endfacet
  facet normal 0 0 1
    outer loop
      vertex 79.5355 29.5355 2.03422
      vertex 79.5355 22.4645 2.03422
      vertex 80.3301 23.5 2.03422
    endloop
  endfacet
  facet normal 0 0 1
    outer loop
      vertex 78.5 30.3301 2.03422
      vertex 79.5355 22.4645 2.03422
      vertex 79.5355 29.5355 2.03422
    endloop
  endfacet
  facet normal 0 0 1
    outer loop
      vertex 78.5 30.3301 2.03422
      vertex 78.5 21.6699 2.03422
      vertex 79.5355 22.4645 2.03422
    endloop
  endfacet
  facet normal 0 0 1
    outer loop
      vertex 77.2941 30.8296 2.03422
      vertex 78.5 21.6699 2.03422
      vertex 78.5 30.3301 2.03422
    endloop
  endfacet
  facet normal 0 0 1
    outer loop
      vertex 77.2941 30.8296 2.03422
      vertex 77.2941 21.1704 2.03422
      vertex 78.5 21.6699 2.03422
    endloop
  endfacet
  facet normal 0 0 1
    outer loop
      vertex 76 31 2.03422
      vertex 77.2941 21.1704 2.03422
      vertex 77.2941 30.8296 2.03422
    endloop
  endfacet
  facet normal 0 0 1
    outer loop
      vertex 76 31 2.03422
      vertex 76 21 2.03422
      vertex 77.2941 21.1704 2.03422
    endloop
  endfacet
  facet normal -0 0 1
    outer loop
      vertex 24 31 2.03422
      vertex 76 21 2.03422
      vertex 76 31 2.03422
    endloop
  endfacet
  facet normal 0 0 1
    outer loop
      vertex 24 31 2.03422
      vertex 24 21 2.03422
      vertex 76 21 2.03422
    endloop
  endfacet
  facet normal -0 0 1
    outer loop
      vertex 22.7059 30.8296 2.03422
      vertex 24 21 2.03422
      vertex 24 31 2.03422
    endloop
  endfacet
  facet normal 0 0 1
    outer loop
      vertex 22.7059 30.8296 2.03422
      vertex 22.7059 21.1704 2.03422
      vertex 24 21 2.03422
    endloop
  endfacet
  facet normal -0 0 1
    outer loop
      vertex 21.5 30.3301 2.03422
      vertex 22.7059 21.1704 2.03422
      vertex 22.7059 30.8296 2.03422
    endloop
  endfacet
  facet normal 0 0 1
    outer loop
      vertex 21.5 30.3301 2.03422
      vertex 21.5 21.6699 2.03422
      vertex 22.7059 21.1704 2.03422
    endloop
  endfacet
  facet normal -0 0 1
    outer loop
      vertex 20.4645 29.5355 2.03422
      vertex 21.5 21.6699 2.03422
      vertex 21.5 30.3301 2.03422
    endloop
  endfacet
  facet normal 0 0 1
    outer loop
      vertex 20.4645 29.5355 2.03422
      vertex 20.4645 22.4645 2.03422
      vertex 21.5 21.6699 2.03422
    endloop
  endfacet
  facet normal -0 0 1
    outer loop
      vertex 19.6699 28.5 2.03422
      vertex 20.4645 22.4645 2.03422
      vertex 20.4645 29.5355 2.03422
    endloop
  endfacet
  facet normal 0 0 1
    outer loop
      vertex 19.6699 28.5 2.03422
      vertex 19.6699 23.5 2.03422
      vertex 20.4645 22.4645 2.03422
    endloop
  endfacet
  facet normal -0 0 1
    outer loop
      vertex 19.1704 27.2941 2.03422
      vertex 19.6699 23.5 2.03422
      vertex 19.6699 28.5 2.03422
    endloop
  endfacet
  facet normal 0 0 1
    outer loop
      vertex 19.1704 27.2941 2.03422
      vertex 19.1704 24.7059 2.03422
      vertex 19.6699 23.5 2.03422
    endloop
  endfacet
  facet normal 0 -0 1
    outer loop
      vertex 19.1704 24.7059 2.03422
      vertex 19.1704 27.2941 2.03422
      vertex 19 26 2.03422
    endloop
  endfacet
  facet normal -0.464996 -0.192507 0.86413
    outer loop
      vertex 95.3257 46.7654 2.30448
      vertex 95.5804 46.5289 2.38885
      vertex 96.1088 47.2175 2.82659
    endloop
  endfacet
  facet normal -0.464853 -0.192309 0.864251
    outer loop
      vertex 95.5804 46.5289 2.38885
      vertex 95.3257 46.7654 2.30448
      vertex 95.4635 46.5443 2.3294
    endloop
  endfacet
  facet normal -0.465089 -0.192475 0.864087
    outer loop
      vertex 95.4635 46.5443 2.3294
      vertex 95.3257 46.7654 2.30448
      vertex 95.4076 46.5675 2.30448
    endloop
  endfacet
  facet normal -0.464458 -0.192412 0.86444
    outer loop
      vertex 96.1088 47.2175 2.82659
      vertex 96.329 46.6241 2.81282
      vertex 96.3509 46.6331 2.82659
    endloop
  endfacet
  facet normal -0.46494 -0.192583 0.864143
    outer loop
      vertex 96.1088 47.2175 2.82659
      vertex 95.9298 46.5171 2.57419
      vertex 96.329 46.6241 2.81282
    endloop
  endfacet
  facet normal -0.464951 -0.192579 0.864138
    outer loop
      vertex 96.1088 47.2175 2.82659
      vertex 95.8 46.5 2.50054
      vertex 95.9298 46.5171 2.57419
    endloop
  endfacet
  facet normal -0.464872 -0.192627 0.864169
    outer loop
      vertex 95.8 46.5 2.50054
      vertex 96.1088 47.2175 2.82659
      vertex 95.5804 46.5289 2.38885
    endloop
  endfacet
  facet normal -0.7071 0 0.707113
    outer loop
      vertex 96.6282 44.709 3.01976
      vertex 97.1734 7.06514 3.56495
      vertex 97.1734 44.9349 3.56495
    endloop
  endfacet
  facet normal -0.7071 0 0.707113
    outer loop
      vertex 96.6282 44.709 3.01976
      vertex 96.6282 7.29096 3.01976
      vertex 97.1734 7.06514 3.56495
    endloop
  endfacet
  facet normal -0.708181 0 0.706031
    outer loop
      vertex 96.6085 44.7064 3
      vertex 96.6282 7.29096 3.01976
      vertex 96.6282 44.709 3.01976
    endloop
  endfacet
  facet normal -0.708181 0 0.706031
    outer loop
      vertex 96.6282 7.29096 3.01976
      vertex 96.6085 44.7064 3
      vertex 96.6085 7.29356 3
    endloop
  endfacet
  facet normal -0.656075 -0.271719 0.704084
    outer loop
      vertex 96.1088 47.2175 2.82659
      vertex 96.7192 46.8808 3.26543
      vertex 96.7681 46.9444 3.33554
    endloop
  endfacet
  facet normal -0.65609 -0.27181 0.704035
    outer loop
      vertex 96.7192 46.8808 3.26543
      vertex 96.1088 47.2175 2.82659
      vertex 96.45 46.6742 2.9348
    endloop
  endfacet
  facet normal -0.656067 -0.27179 0.704064
    outer loop
      vertex 96.45 46.6742 2.9348
      vertex 96.1088 47.2175 2.82659
      vertex 96.3509 46.6331 2.82659
    endloop
  endfacet
  facet normal -0.563377 0.432319 0.704064
    outer loop
      vertex 96.2439 3.75606 3.56495
      vertex 96.1088 4.78248 2.82659
      vertex 95.7218 4.27816 2.82659
    endloop
  endfacet
  facet normal -0.432309 0.563386 0.704063
    outer loop
      vertex 96.2439 3.75606 3.56495
      vertex 95.7218 4.27816 2.82659
      vertex 95.2175 3.89119 2.82659
    endloop
  endfacet
  facet normal -0.766742 0.588351 0.256808
    outer loop
      vertex 96.6131 3.38687 4.46927
      vertex 97.0557 3.86353 4.69869
      vertex 97.0716 3.98439 4.46927
    endloop
  endfacet
  facet normal -0.766742 0.588346 0.256817
    outer loop
      vertex 97.0557 3.86353 4.69869
      vertex 96.6131 3.38687 4.46927
      vertex 96.9725 3.66262 4.91056
    endloop
  endfacet
  facet normal -0.306365 0.399234 0.864148
    outer loop
      vertex 95.7218 4.27816 2.82659
      vertex 95.0824 4.91761 2.30448
      vertex 94.7654 4.67435 2.30448
    endloop
  endfacet
  facet normal -0.306358 0.399247 0.864145
    outer loop
      vertex 95.2175 3.89119 2.82659
      vertex 95.7218 4.27816 2.82659
      vertex 94.7654 4.67435 2.30448
    endloop
  endfacet
  facet normal 0.192568 0.464906 0.864164
    outer loop
      vertex 5.23463 4.67435 2.30448
      vertex 5.4557 4.53646 2.3294
      vertex 5.43255 4.59237 2.30448
    endloop
  endfacet
  facet normal 0.192567 0.464906 0.864165
    outer loop
      vertex 5.4557 4.53646 2.3294
      vertex 5.23463 4.67435 2.30448
      vertex 5.47109 4.41958 2.38885
    endloop
  endfacet
  facet normal 0.192585 0.464919 0.864154
    outer loop
      vertex 5.47109 4.41958 2.38885
      vertex 5.23463 4.67435 2.30448
      vertex 4.78248 3.89119 2.82659
    endloop
  endfacet
  facet normal 0.0998425 0.241044 0.965365
    outer loop
      vertex 5.43255 4.59237 2.30448
      vertex 5.34111 4.81311 2.25882
      vertex 5.23463 4.67435 2.30448
    endloop
  endfacet
  facet normal 0.399235 0.306346 0.864155
    outer loop
      vertex 4.91761 4.91761 2.30448
      vertex 4.67435 5.23463 2.30448
      vertex 4.27816 4.27816 2.82659
    endloop
  endfacet
  facet normal 0.206973 0.158817 0.96537
    outer loop
      vertex 4.86561 5.31386 2.25044
      vertex 4.91761 4.91761 2.30448
      vertex 5.11924 5.11924 2.22808
    endloop
  endfacet
  facet normal 0.206972 0.158817 0.96537
    outer loop
      vertex 4.91761 4.91761 2.30448
      vertex 4.86561 5.31386 2.25044
      vertex 4.67435 5.23463 2.30448
    endloop
  endfacet
  facet normal -0.608782 0.793337 0
    outer loop
      vertex 96.8042 3.19577 10
      vertex 95.9829 2.56553 27.5
      vertex 96.8042 3.19577 27.5
    endloop
  endfacet
  facet normal -0.608782 0.793337 0
    outer loop
      vertex 95.9829 2.56553 27.5
      vertex 96.8042 3.19577 10
      vertex 95.9829 2.56553 10
    endloop
  endfacet
  facet normal -0.793324 0.6088 0
    outer loop
      vertex 96.8042 3.19577 10
      vertex 97.4345 4.01711 27.5
      vertex 97.4345 4.01711 10
    endloop
  endfacet
  facet normal -0.793324 0.6088 0
    outer loop
      vertex 97.4345 4.01711 27.5
      vertex 96.8042 3.19577 10
      vertex 96.8042 3.19577 27.5
    endloop
  endfacet
  facet normal 0.498869 -0.065875 0.86417
    outer loop
      vertex 3.86353 46.5443 2.69557
      vertex 4.0702 46.5171 2.57419
      vertex 3.67096 46.6241 2.81282
    endloop
  endfacet
  facet normal 0.464905 -0.192601 0.864157
    outer loop
      vertex 3.89119 47.2175 2.82659
      vertex 4.2 46.5 2.50054
      vertex 4.41958 46.5289 2.38885
    endloop
  endfacet
  facet normal 0.464952 -0.192572 0.864138
    outer loop
      vertex 4.2 46.5 2.50054
      vertex 3.89119 47.2175 2.82659
      vertex 4.0702 46.5171 2.57419
    endloop
  endfacet
  facet normal 0.464902 -0.192593 0.864161
    outer loop
      vertex 3.89119 47.2175 2.82659
      vertex 3.67096 46.6241 2.81282
      vertex 4.0702 46.5171 2.57419
    endloop
  endfacet
  facet normal 0.46528 -0.192728 0.863927
    outer loop
      vertex 3.67096 46.6241 2.81282
      vertex 3.89119 47.2175 2.82659
      vertex 3.64912 46.6331 2.82659
    endloop
  endfacet
  facet normal 0.306386 -0.399221 0.864147
    outer loop
      vertex 4.91761 47.0824 2.30448
      vertex 5.23463 47.3257 2.30448
      vertex 4.27816 47.7218 2.82659
    endloop
  endfacet
  facet normal 0.269628 -0.651064 0.709519
    outer loop
      vertex 4.41329 48.7483 3.56495
      vertex 4.85 48.9258 3.56187
      vertex 4.846 48.9275 3.56495
    endloop
  endfacet
  facet normal 0.27168 -0.656209 0.703975
    outer loop
      vertex 4.85 48.9258 3.56187
      vertex 4.41329 48.7483 3.56495
      vertex 5.05556 48.7681 3.33554
    endloop
  endfacet
  facet normal 0.271717 -0.65607 0.70409
    outer loop
      vertex 5.05556 48.7681 3.33554
      vertex 4.41329 48.7483 3.56495
      vertex 4.78248 48.1088 2.82659
    endloop
  endfacet
  facet normal 0.432339 -0.563335 0.704085
    outer loop
      vertex 4.78248 48.1088 2.82659
      vertex 4.41329 48.7483 3.56495
      vertex 3.75606 48.2439 3.56495
    endloop
  endfacet
  facet normal 0.588348 0.766768 0.256736
    outer loop
      vertex 3.66262 3.02752 4.91056
      vertex 3.28076 3.28076 5.02932
      vertex 3.55 3.07417 5.02932
    endloop
  endfacet
  facet normal 0.588348 0.766764 0.256747
    outer loop
      vertex 3.28076 3.28076 5.02932
      vertex 3.66262 3.02752 4.91056
      vertex 3.38687 3.38687 4.46927
    endloop
  endfacet
  facet normal 0.563381 0.432306 0.70407
    outer loop
      vertex 3.75606 3.75606 3.56495
      vertex 3.89119 4.78248 2.82659
      vertex 3.25174 4.41329 3.56495
    endloop
  endfacet
  facet normal 0.76673 -0.588388 0.25676
    outer loop
      vertex 2.9443 48.1365 4.69869
      vertex 3.38687 48.6131 4.46927
      vertex 3.02752 48.3374 4.91056
    endloop
  endfacet
  facet normal 0.766732 -0.588337 0.25687
    outer loop
      vertex 3.38687 48.6131 4.46927
      vertex 2.9443 48.1365 4.69869
      vertex 2.92839 48.0156 4.46927
    endloop
  endfacet
  facet normal 0.766732 -0.588407 0.256708
    outer loop
      vertex 3.02752 48.3374 4.91056
      vertex 3.28076 48.7192 5.02932
      vertex 3.07417 48.45 5.02932
    endloop
  endfacet
  facet normal 0.76672 -0.588409 0.256739
    outer loop
      vertex 3.28076 48.7192 5.02932
      vertex 3.02752 48.3374 4.91056
      vertex 3.38687 48.6131 4.46927
    endloop
  endfacet
  facet normal -0.588346 -0.766711 0.25691
    outer loop
      vertex 96.6131 48.6131 4.46927
      vertex 96.1365 49.0557 4.69869
      vertex 96.0156 49.0716 4.46927
    endloop
  endfacet
  facet normal -0.588381 -0.766709 0.256835
    outer loop
      vertex 96.1365 49.0557 4.69869
      vertex 96.6131 48.6131 4.46927
      vertex 96.3374 48.9725 4.91056
    endloop
  endfacet
  facet normal -0.271719 -0.656075 0.704084
    outer loop
      vertex 94.8808 48.7192 3.26543
      vertex 95.2175 48.1088 2.82659
      vertex 94.9444 48.7681 3.33554
    endloop
  endfacet
  facet normal -0.27181 -0.65609 0.704035
    outer loop
      vertex 94.6742 48.45 2.9348
      vertex 95.2175 48.1088 2.82659
      vertex 94.8808 48.7192 3.26543
    endloop
  endfacet
  facet normal -0.27179 -0.656067 0.704064
    outer loop
      vertex 95.2175 48.1088 2.82659
      vertex 94.6742 48.45 2.9348
      vertex 94.6331 48.3509 2.82659
    endloop
  endfacet
  facet normal -0.306405 -0.39922 0.864141
    outer loop
      vertex 95.0824 47.0824 2.30448
      vertex 95.7218 47.7218 2.82659
      vertex 94.7654 47.3257 2.30448
    endloop
  endfacet
  facet normal -0.306387 -0.399253 0.864132
    outer loop
      vertex 95.7218 47.7218 2.82659
      vertex 95.2175 48.1088 2.82659
      vertex 94.7654 47.3257 2.30448
    endloop
  endfacet
  facet normal -0.464235 0.192316 0.864581
    outer loop
      vertex 96.329 5.37593 2.81282
      vertex 96.1088 4.78248 2.82659
      vertex 96.3509 5.36689 2.82659
    endloop
  endfacet
  facet normal -0.464951 0.192571 0.86414
    outer loop
      vertex 95.9298 5.48291 2.57419
      vertex 96.1088 4.78248 2.82659
      vertex 96.329 5.37593 2.81282
    endloop
  endfacet
  facet normal -0.464965 0.192565 0.864133
    outer loop
      vertex 95.8 5.5 2.50054
      vertex 96.1088 4.78248 2.82659
      vertex 95.9298 5.48291 2.57419
    endloop
  endfacet
  facet normal -0.464879 0.192618 0.864168
    outer loop
      vertex 96.1088 4.78248 2.82659
      vertex 95.8 5.5 2.50054
      vertex 95.5804 5.47109 2.38885
    endloop
  endfacet
  facet normal -0.46484 0.192327 0.864254
    outer loop
      vertex 95.3257 5.23463 2.30448
      vertex 95.5804 5.47109 2.38885
      vertex 95.4635 5.4557 2.3294
    endloop
  endfacet
  facet normal -0.464928 0.192389 0.864192
    outer loop
      vertex 95.3257 5.23463 2.30448
      vertex 95.4635 5.4557 2.3294
      vertex 95.4076 5.43255 2.30448
    endloop
  endfacet
  facet normal -0.46498 0.19252 0.864135
    outer loop
      vertex 95.5804 5.47109 2.38885
      vertex 95.3257 5.23463 2.30448
      vertex 96.1088 4.78248 2.82659
    endloop
  endfacet
  facet normal -0.0998819 0.241002 0.965371
    outer loop
      vertex 94.7654 4.67435 2.30448
      vertex 94.6699 4.8397 2.25332
      vertex 94.6589 4.81311 2.25882
    endloop
  endfacet
  facet normal -0.164437 0.209941 0.963787
    outer loop
      vertex 94.6699 4.8397 2.25332
      vertex 94.6861 4.86561 2.25044
      vertex 94.6742 4.85 2.25181
    endloop
  endfacet
  facet normal -0.159114 0.206788 0.965361
    outer loop
      vertex 94.6861 4.86561 2.25044
      vertex 94.6699 4.8397 2.25332
      vertex 94.7654 4.67435 2.30448
    endloop
  endfacet
  facet normal 0.271753 0.656071 0.704075
    outer loop
      vertex 4.78248 3.89119 2.82659
      vertex 5.32583 3.55 2.9348
      vertex 5.36689 3.64912 2.82659
    endloop
  endfacet
  facet normal 0.271759 0.656078 0.704066
    outer loop
      vertex 5.32583 3.55 2.9348
      vertex 4.78248 3.89119 2.82659
      vertex 5.11924 3.28076 3.26543
    endloop
  endfacet
  facet normal 0.271763 0.656079 0.704063
    outer loop
      vertex 5.11924 3.28076 3.26543
      vertex 4.78248 3.89119 2.82659
      vertex 5.05556 3.2319 3.33554
    endloop
  endfacet
  facet normal 0.192592 0.464912 0.864156
    outer loop
      vertex 4.78248 3.89119 2.82659
      vertex 5.5 4.2 2.50054
      vertex 5.47109 4.41958 2.38885
    endloop
  endfacet
  facet normal 0.192559 0.464966 0.864134
    outer loop
      vertex 5.5 4.2 2.50054
      vertex 4.78248 3.89119 2.82659
      vertex 5.48291 4.0702 2.57419
    endloop
  endfacet
  facet normal 0.192581 0.464913 0.864158
    outer loop
      vertex 5.48291 4.0702 2.57419
      vertex 4.78248 3.89119 2.82659
      vertex 5.37593 3.67096 2.81282
    endloop
  endfacet
  facet normal 0.192632 0.465057 0.864069
    outer loop
      vertex 5.37593 3.67096 2.81282
      vertex 4.78248 3.89119 2.82659
      vertex 5.36689 3.64912 2.82659
    endloop
  endfacet
  facet normal 0.0997476 -0.241051 0.965373
    outer loop
      vertex 5.34111 47.1869 2.25882
      vertex 5.43255 47.4076 2.30448
      vertex 5.23463 47.3257 2.30448
    endloop
  endfacet
  facet normal 0.0998815 -0.240951 0.965384
    outer loop
      vertex 5.3301 47.1603 2.25332
      vertex 5.34111 47.1869 2.25882
      vertex 5.23463 47.3257 2.30448
    endloop
  endfacet
  facet normal 0.332116 0.80182 0.496774
    outer loop
      vertex 4.41329 3.25174 3.56495
      vertex 4.53646 2.9443 3.97883
      vertex 4.846 3.07251 3.56495
    endloop
  endfacet
  facet normal 0.3321 0.801822 0.49678
    outer loop
      vertex 4.53646 2.9443 3.97883
      vertex 4.41329 3.25174 3.56495
      vertex 4.21105 2.90145 4.26553
    endloop
  endfacet
  facet normal 0.6088 -0.793324 0
    outer loop
      vertex 3.19577 48.8042 10
      vertex 4.01711 49.4345 27.5
      vertex 3.19577 48.8042 27.5
    endloop
  endfacet
  facet normal 0.6088 -0.793324 0
    outer loop
      vertex 4.01711 49.4345 27.5
      vertex 3.19577 48.8042 10
      vertex 4.01711 49.4345 10
    endloop
  endfacet
  facet normal 0.801833 -0.332096 0.496765
    outer loop
      vertex 2.9443 47.4635 3.97883
      vertex 3.25174 47.5867 3.56495
      vertex 2.90145 47.7889 4.26553
    endloop
  endfacet
  facet normal 0.801828 -0.332128 0.496752
    outer loop
      vertex 3.25174 47.5867 3.56495
      vertex 2.9443 47.4635 3.97883
      vertex 3.07251 47.154 3.56495
    endloop
  endfacet
  facet normal -0.332088 -0.801867 0.496716
    outer loop
      vertex 95.5867 48.7483 3.56495
      vertex 95.4635 49.0557 3.97883
      vertex 95.154 48.9275 3.56495
    endloop
  endfacet
  facet normal -0.33215 -0.801857 0.49669
    outer loop
      vertex 95.4635 49.0557 3.97883
      vertex 95.5867 48.7483 3.56495
      vertex 95.7889 49.0985 4.26553
    endloop
  endfacet
  facet normal -0.528368 -0.688549 0.496717
    outer loop
      vertex 95.8 49.1 4.2793
      vertex 96.6131 48.6131 4.46927
      vertex 96.0156 49.0716 4.46927
    endloop
  endfacet
  facet normal -0.527877 -0.686337 0.500286
    outer loop
      vertex 95.7889 49.0985 4.26553
      vertex 96.6131 48.6131 4.46927
      vertex 95.8 49.1 4.2793
    endloop
  endfacet
  facet normal -0.528322 -0.6886 0.496695
    outer loop
      vertex 96.6131 48.6131 4.46927
      vertex 95.7889 49.0985 4.26553
      vertex 95.5867 48.7483 3.56495
    endloop
  endfacet
  facet normal -0.563368 -0.432329 0.704065
    outer loop
      vertex 96.1088 47.2175 2.82659
      vertex 96.2439 48.2439 3.56495
      vertex 95.7218 47.7218 2.82659
    endloop
  endfacet
  facet normal -0.563324 -0.432351 0.704087
    outer loop
      vertex 96.7483 47.5867 3.56495
      vertex 96.2439 48.2439 3.56495
      vertex 96.1088 47.2175 2.82659
    endloop
  endfacet
  facet normal 0.588341 0.766763 0.256768
    outer loop
      vertex 3.38687 3.38687 4.46927
      vertex 3.86353 2.9443 4.69869
      vertex 3.98439 2.92839 4.46927
    endloop
  endfacet
  facet normal 0.588353 0.766762 0.256742
    outer loop
      vertex 3.86353 2.9443 4.69869
      vertex 3.38687 3.38687 4.46927
      vertex 3.66262 3.02752 4.91056
    endloop
  endfacet
  facet normal 0.528334 0.688558 0.496741
    outer loop
      vertex 4.2 2.9 4.2793
      vertex 3.38687 3.38687 4.46927
      vertex 3.98439 2.92839 4.46927
    endloop
  endfacet
  facet normal 0.528364 0.688696 0.496517
    outer loop
      vertex 4.21105 2.90145 4.26553
      vertex 3.38687 3.38687 4.46927
      vertex 4.2 2.9 4.2793
    endloop
  endfacet
  facet normal 0.528332 0.68853 0.496781
    outer loop
      vertex 3.38687 3.38687 4.46927
      vertex 4.21105 2.90145 4.26553
      vertex 4.41329 3.25174 3.56495
    endloop
  endfacet
  facet normal -0.498696 -0.0667744 0.864201
    outer loop
      vertex 96.1365 46.5443 2.69557
      vertex 96.329 46.6241 2.81282
      vertex 95.9298 46.5171 2.57419
    endloop
  endfacet
  facet normal 0.688696 0.528364 0.496517
    outer loop
      vertex 3.38687 3.38687 4.46927
      vertex 2.90145 4.21105 4.26553
      vertex 2.9 4.2 4.2793
    endloop
  endfacet
  facet normal 0.688558 0.528334 0.496741
    outer loop
      vertex 3.38687 3.38687 4.46927
      vertex 2.9 4.2 4.2793
      vertex 2.92839 3.98439 4.46927
    endloop
  endfacet
  facet normal 0.68853 0.528332 0.496781
    outer loop
      vertex 2.90145 4.21105 4.26553
      vertex 3.38687 3.38687 4.46927
      vertex 3.25174 4.41329 3.56495
    endloop
  endfacet
  facet normal 0.688526 0.528334 0.496785
    outer loop
      vertex 3.38687 3.38687 4.46927
      vertex 3.75606 3.75606 3.56495
      vertex 3.25174 4.41329 3.56495
    endloop
  endfacet
  facet normal 0.793337 -0.608782 0
    outer loop
      vertex 2.56553 47.9829 27.5
      vertex 3.19577 48.8042 10
      vertex 3.19577 48.8042 27.5
    endloop
  endfacet
  facet normal 0.793337 -0.608782 0
    outer loop
      vertex 3.19577 48.8042 10
      vertex 2.56553 47.9829 27.5
      vertex 2.56553 47.9829 10
    endloop
  endfacet
  facet normal 0.923885 -0.382671 0
    outer loop
      vertex 2.16935 47.0264 27.5
      vertex 2.56553 47.9829 10
      vertex 2.56553 47.9829 27.5
    endloop
  endfacet
  facet normal 0.923885 -0.382671 0
    outer loop
      vertex 2.56553 47.9829 10
      vertex 2.16935 47.0264 27.5
      vertex 2.16935 47.0264 10
    endloop
  endfacet
  facet normal 0 0 1
    outer loop
      vertex 97.9658 46 27.5
      vertex 99.9487 46 27.5
      vertex 99.746 47.5396 27.5
    endloop
  endfacet
  facet normal 0 0 1
    outer loop
      vertex 99.9487 46 27.5
      vertex 97.9658 46 27.5
      vertex 99.9487 6 27.5
    endloop
  endfacet
  facet normal 0 0 1
    outer loop
      vertex 97.8307 47.0264 27.5
      vertex 99.746 47.5396 27.5
      vertex 99.1517 48.9743 27.5
    endloop
  endfacet
  facet normal 0 0 1
    outer loop
      vertex 97.9658 6 27.5
      vertex 99.9487 6 27.5
      vertex 97.9658 46 27.5
    endloop
  endfacet
  facet normal 0 0 1
    outer loop
      vertex 97.4345 47.9829 27.5
      vertex 99.1517 48.9743 27.5
      vertex 98.2063 50.2063 27.5
    endloop
  endfacet
  facet normal 0 0 1
    outer loop
      vertex 99.9487 6 27.5
      vertex 97.9658 6 27.5
      vertex 99.746 4.46037 27.5
    endloop
  endfacet
  facet normal -0 0 1
    outer loop
      vertex 97.8307 4.97358 27.5
      vertex 99.746 4.46037 27.5
      vertex 97.9658 6 27.5
    endloop
  endfacet
  facet normal 0 0 1
    outer loop
      vertex 99.746 47.5396 27.5
      vertex 97.8307 47.0264 27.5
      vertex 97.9658 46 27.5
    endloop
  endfacet
  facet normal 0 0 1
    outer loop
      vertex 99.1517 48.9743 27.5
      vertex 97.4345 47.9829 27.5
      vertex 97.8307 47.0264 27.5
    endloop
  endfacet
  facet normal 0 0 1
    outer loop
      vertex 96.8042 48.8042 27.5
      vertex 98.2063 50.2063 27.5
      vertex 96.9743 51.1517 27.5
    endloop
  endfacet
  facet normal 0 0 1
    outer loop
      vertex 98.2063 50.2063 27.5
      vertex 96.8042 48.8042 27.5
      vertex 97.4345 47.9829 27.5
    endloop
  endfacet
  facet normal 0 0 1
    outer loop
      vertex 96.9743 51.1517 27.5
      vertex 95.9829 49.4345 27.5
      vertex 96.8042 48.8042 27.5
    endloop
  endfacet
  facet normal 0 0 1
    outer loop
      vertex 95.5396 51.746 27.5
      vertex 95.9829 49.4345 27.5
      vertex 96.9743 51.1517 27.5
    endloop
  endfacet
  facet normal 0 0 1
    outer loop
      vertex 95.5396 51.746 27.5
      vertex 95.0264 49.8307 27.5
      vertex 95.9829 49.4345 27.5
    endloop
  endfacet
  facet normal 0 0 1
    outer loop
      vertex 94 51.9487 27.5
      vertex 95.0264 49.8307 27.5
      vertex 95.5396 51.746 27.5
    endloop
  endfacet
  facet normal 0 0 1
    outer loop
      vertex 94 51.9487 27.5
      vertex 94 49.9658 27.5
      vertex 95.0264 49.8307 27.5
    endloop
  endfacet
  facet normal -0 0 1
    outer loop
      vertex 6 51.9487 27.5
      vertex 94 49.9658 27.5
      vertex 94 51.9487 27.5
    endloop
  endfacet
  facet normal 0 0 1
    outer loop
      vertex 6 51.9487 27.5
      vertex 6 49.9658 27.5
      vertex 94 49.9658 27.5
    endloop
  endfacet
  facet normal 0 0 1
    outer loop
      vertex 6 51.9487 27.5
      vertex 4.97358 49.8307 27.5
      vertex 6 49.9658 27.5
    endloop
  endfacet
  facet normal -0 0 1
    outer loop
      vertex 4.46037 51.746 27.5
      vertex 4.97358 49.8307 27.5
      vertex 6 51.9487 27.5
    endloop
  endfacet
  facet normal 0 0 1
    outer loop
      vertex 4.46037 51.746 27.5
      vertex 4.01711 49.4345 27.5
      vertex 4.97358 49.8307 27.5
    endloop
  endfacet
  facet normal -0 0 1
    outer loop
      vertex 3.02567 51.1517 27.5
      vertex 4.01711 49.4345 27.5
      vertex 4.46037 51.746 27.5
    endloop
  endfacet
  facet normal 0 0 1
    outer loop
      vertex 4.01711 49.4345 27.5
      vertex 3.02567 51.1517 27.5
      vertex 3.19577 48.8042 27.5
    endloop
  endfacet
  facet normal -0 0 1
    outer loop
      vertex 1.79366 50.2063 27.5
      vertex 3.19577 48.8042 27.5
      vertex 3.02567 51.1517 27.5
    endloop
  endfacet
  facet normal 0 0 1
    outer loop
      vertex 3.19577 48.8042 27.5
      vertex 1.79366 50.2063 27.5
      vertex 2.56553 47.9829 27.5
    endloop
  endfacet
  facet normal -0 0 1
    outer loop
      vertex 0.254026 47.5396 27.5
      vertex 2.16935 47.0264 27.5
      vertex 0.848301 48.9743 27.5
    endloop
  endfacet
  facet normal 0 0 1
    outer loop
      vertex 2.56553 47.9829 27.5
      vertex 0.848301 48.9743 27.5
      vertex 2.16935 47.0264 27.5
    endloop
  endfacet
  facet normal -0 0 1
    outer loop
      vertex 0.848301 48.9743 27.5
      vertex 2.56553 47.9829 27.5
      vertex 1.79366 50.2063 27.5
    endloop
  endfacet
  facet normal 0 0 1
    outer loop
      vertex 99.746 4.46037 27.5
      vertex 97.8307 4.97358 27.5
      vertex 99.1517 3.02567 27.5
    endloop
  endfacet
  facet normal -0 0 1
    outer loop
      vertex 97.4345 4.01711 27.5
      vertex 99.1517 3.02567 27.5
      vertex 97.8307 4.97358 27.5
    endloop
  endfacet
  facet normal 0 0 1
    outer loop
      vertex 99.1517 3.02567 27.5
      vertex 97.4345 4.01711 27.5
      vertex 98.2063 1.79366 27.5
    endloop
  endfacet
  facet normal -0 0 1
    outer loop
      vertex 96.8042 3.19577 27.5
      vertex 98.2063 1.79366 27.5
      vertex 97.4345 4.01711 27.5
    endloop
  endfacet
  facet normal 0 0 1
    outer loop
      vertex 98.2063 1.79366 27.5
      vertex 96.8042 3.19577 27.5
      vertex 96.9743 0.848301 27.5
    endloop
  endfacet
  facet normal -0 0 1
    outer loop
      vertex 95.9829 2.56553 27.5
      vertex 96.9743 0.848301 27.5
      vertex 96.8042 3.19577 27.5
    endloop
  endfacet
  facet normal 0 0 1
    outer loop
      vertex 95.9829 2.56553 27.5
      vertex 95.5396 0.254026 27.5
      vertex 96.9743 0.848301 27.5
    endloop
  endfacet
  facet normal -0 0 1
    outer loop
      vertex 95.0264 2.16935 27.5
      vertex 95.5396 0.254026 27.5
      vertex 95.9829 2.56553 27.5
    endloop
  endfacet
  facet normal -0 0 1
    outer loop
      vertex 94 2.03422 27.5
      vertex 95.5396 0.254026 27.5
      vertex 95.0264 2.16935 27.5
    endloop
  endfacet
  facet normal 0 0 1
    outer loop
      vertex 94 2.03422 27.5
      vertex 94 0.0513306 27.5
      vertex 95.5396 0.254026 27.5
    endloop
  endfacet
  facet normal -0 0 1
    outer loop
      vertex 6 2.03422 27.5
      vertex 94 0.0513306 27.5
      vertex 94 2.03422 27.5
    endloop
  endfacet
  facet normal 0 0 1
    outer loop
      vertex 6 2.03422 27.5
      vertex 6 0.0513306 27.5
      vertex 94 0.0513306 27.5
    endloop
  endfacet
  facet normal 0 0 1
    outer loop
      vertex 4.97358 2.16935 27.5
      vertex 6 0.0513306 27.5
      vertex 6 2.03422 27.5
    endloop
  endfacet
  facet normal 0 0 1
    outer loop
      vertex 4.97358 2.16935 27.5
      vertex 4.46037 0.254026 27.5
      vertex 6 0.0513306 27.5
    endloop
  endfacet
  facet normal 0 0 1
    outer loop
      vertex 4.01711 2.56553 27.5
      vertex 4.46037 0.254026 27.5
      vertex 4.97358 2.16935 27.5
    endloop
  endfacet
  facet normal 0 0 1
    outer loop
      vertex 3.02567 0.848301 27.5
      vertex 4.01711 2.56553 27.5
      vertex 3.19577 3.19577 27.5
    endloop
  endfacet
  facet normal 0 0 1
    outer loop
      vertex 4.01711 2.56553 27.5
      vertex 3.02567 0.848301 27.5
      vertex 4.46037 0.254026 27.5
    endloop
  endfacet
  facet normal 0 0 1
    outer loop
      vertex 1.79366 1.79366 27.5
      vertex 3.19577 3.19577 27.5
      vertex 2.56553 4.01711 27.5
    endloop
  endfacet
  facet normal 0 0 1
    outer loop
      vertex 0.848301 3.02567 27.5
      vertex 2.56553 4.01711 27.5
      vertex 2.16935 4.97358 27.5
    endloop
  endfacet
  facet normal 0 0 1
    outer loop
      vertex 3.19577 3.19577 27.5
      vertex 1.79366 1.79366 27.5
      vertex 3.02567 0.848301 27.5
    endloop
  endfacet
  facet normal 0 0 1
    outer loop
      vertex 0.254026 4.46037 27.5
      vertex 2.16935 4.97358 27.5
      vertex 2.03422 6 27.5
    endloop
  endfacet
  facet normal 0 0 1
    outer loop
      vertex 2.03422 46 27.5
      vertex 0.0513306 46 27.5
      vertex 2.03422 6 27.5
    endloop
  endfacet
  facet normal 0 0 1
    outer loop
      vertex 2.16935 47.0264 27.5
      vertex 0.254026 47.5396 27.5
      vertex 2.03422 46 27.5
    endloop
  endfacet
  facet normal 0 0 1
    outer loop
      vertex 0.0513306 6 27.5
      vertex 2.03422 6 27.5
      vertex 0.0513306 46 27.5
    endloop
  endfacet
  facet normal 0 0 1
    outer loop
      vertex 2.03422 46 27.5
      vertex 0.254026 47.5396 27.5
      vertex 0.0513306 46 27.5
    endloop
  endfacet
  facet normal 0 -0 1
    outer loop
      vertex 0.254026 4.46037 27.5
      vertex 2.03422 6 27.5
      vertex 0.0513306 6 27.5
    endloop
  endfacet
  facet normal 0 0 1
    outer loop
      vertex 2.56553 4.01711 27.5
      vertex 0.848301 3.02567 27.5
      vertex 1.79366 1.79366 27.5
    endloop
  endfacet
  facet normal 0 0 1
    outer loop
      vertex 2.16935 4.97358 27.5
      vertex 0.254026 4.46037 27.5
      vertex 0.848301 3.02567 27.5
    endloop
  endfacet
  facet normal 0 0 -1
    outer loop
      vertex 97.9658 26 11
      vertex 99.9487 36 11
      vertex 99.9487 26 11
    endloop
  endfacet
  facet normal -0 0 -1
    outer loop
      vertex 99.9487 36 11
      vertex 97.9658 26 11
      vertex 97.9658 36 11
    endloop
  endfacet
  facet normal -0 0 1
    outer loop
      vertex 97.8377 36 5
      vertex 99.8906 26 5
      vertex 99.8906 36 5
    endloop
  endfacet
  facet normal 0 0 1
    outer loop
      vertex 99.8906 26 5
      vertex 97.8377 36 5
      vertex 97.8377 26 5
    endloop
  endfacet
  facet normal 0 -1 0
    outer loop
      vertex 97.9658 36 5.47789
      vertex 99.9487 36 11
      vertex 97.9658 36 11
    endloop
  endfacet
  facet normal 0 -1 0
    outer loop
      vertex 97.9658 36 5.47789
      vertex 99.9487 36 5.21684
      vertex 99.9487 36 11
    endloop
  endfacet
  facet normal 0 -1 0
    outer loop
      vertex 99.8906 36 5
      vertex 97.9658 36 5.47789
      vertex 97.8377 36 5
    endloop
  endfacet
  facet normal 0 -1 0
    outer loop
      vertex 97.9658 36 5.47789
      vertex 99.8906 36 5
      vertex 99.9487 36 5.21684
    endloop
  endfacet
  facet normal 0 1 0
    outer loop
      vertex 99.9487 26 11
      vertex 97.9658 26 5.47789
      vertex 97.9658 26 11
    endloop
  endfacet
  facet normal 0 1 -0
    outer loop
      vertex 99.9487 26 5.21684
      vertex 97.9658 26 5.47789
      vertex 99.9487 26 11
    endloop
  endfacet
  facet normal 0 1 -0
    outer loop
      vertex 99.8906 26 5
      vertex 97.9658 26 5.47789
      vertex 99.9487 26 5.21684
    endloop
  endfacet
  facet normal 0 1 0
    outer loop
      vertex 97.9658 26 5.47789
      vertex 99.8906 26 5
      vertex 97.8377 26 5
    endloop
  endfacet
  facet normal 0.92388 0.382682 0
    outer loop
      vertex 7.29096 5.02822 10
      vertex 6.97128 5.8 3
      vertex 6.97128 5.8 10
    endloop
  endfacet
  facet normal 0.92388 0.382682 0
    outer loop
      vertex 6.97128 5.8 3
      vertex 7.29096 5.02822 10
      vertex 7.29096 5.02822 3
    endloop
  endfacet
  facet normal 0.991444 0.130529 0
    outer loop
      vertex 7.4 4.2 10
      vertex 7.29096 5.02822 3
      vertex 7.29096 5.02822 10
    endloop
  endfacet
  facet normal 0.991444 0.130529 0
    outer loop
      vertex 7.29096 5.02822 3
      vertex 7.4 4.2 10
      vertex 7.4 4.2 3
    endloop
  endfacet
  facet normal -0.608763 0.793352 0
    outer loop
      vertex 2.6 6.97128 10
      vertex 2.03422 6.53714 5.47789
      vertex 2.03422 6.53714 10
    endloop
  endfacet
  facet normal -0.608763 0.793352 0
    outer loop
      vertex 2.6 6.97128 3.95741
      vertex 2.03422 6.53714 5.47789
      vertex 2.6 6.97128 10
    endloop
  endfacet
  facet normal -0.608756 0.793357 3.8741e-06
    outer loop
      vertex 2.03422 6.53714 5.47789
      vertex 2.6 6.97128 3.95741
      vertex 2.30448 6.74452 4.46927
    endloop
  endfacet
  facet normal -0.991446 0.130521 0
    outer loop
      vertex 1.0562 4.6269 3
      vertex 1 4.2 3
      vertex 1 4.2 3.37612
    endloop
  endfacet
  facet normal 0.92388 -0.382682 0
    outer loop
      vertex 6.97128 2.6 3.95741
      vertex 7.29096 3.37178 3.01976
      vertex 7.29096 3.37178 10
    endloop
  endfacet
  facet normal 0.92388 -0.382682 0
    outer loop
      vertex 6.97128 2.6 3.95741
      vertex 7.29096 3.37178 10
      vertex 6.97128 2.6 10
    endloop
  endfacet
  facet normal 0.923893 -0.38265 3.04414e-05
    outer loop
      vertex 7.29096 3.37178 3.01976
      vertex 6.97128 2.6 3.95741
      vertex 7.06514 2.82659 3.56495
    endloop
  endfacet
  facet normal -0.130574 -0.991439 0
    outer loop
      vertex 3.37178 1.10904 3
      vertex 3.48127 1.09462 3.7039
      vertex 3.37178 1.10904 3.8115
    endloop
  endfacet
  facet normal -0.130526 -0.991445 -7.58091e-06
    outer loop
      vertex 3.37178 1.10904 3
      vertex 4.2 1 3.37612
      vertex 3.48127 1.09462 3.7039
    endloop
  endfacet
  facet normal -0.130529 -0.991444 -0
    outer loop
      vertex 4.2 1 3.37612
      vertex 3.37178 1.10904 3
      vertex 4.2 1 3
    endloop
  endfacet
  facet normal 0.382682 0.92388 -0
    outer loop
      vertex 5.8 6.97128 3
      vertex 5.02822 7.29096 10
      vertex 5.8 6.97128 10
    endloop
  endfacet
  facet normal 0.382682 0.92388 0
    outer loop
      vertex 5.02822 7.29096 10
      vertex 5.8 6.97128 3
      vertex 5.02822 7.29096 3
    endloop
  endfacet
  facet normal -0.382688 -0.923878 -0
    outer loop
      vertex 2.6 1.42872 4.45892
      vertex 2.6 1.42872 3
      vertex 3.21395 1.17441 3.8115
    endloop
  endfacet
  facet normal -0.382682 -0.92388 -5.65835e-06
    outer loop
      vertex 3.37178 1.10904 3
      vertex 3.21395 1.17441 3.8115
      vertex 2.6 1.42872 3
    endloop
  endfacet
  facet normal -0.382666 -0.923887 -2.17254e-06
    outer loop
      vertex 3.21395 1.17441 3.8115
      vertex 3.37178 1.10904 3
      vertex 3.31598 1.13215 3.8115
    endloop
  endfacet
  facet normal -0.382639 -0.923898 0
    outer loop
      vertex 3.31598 1.13215 3.8115
      vertex 3.37178 1.10904 3
      vertex 3.37178 1.10904 3.8115
    endloop
  endfacet
  facet normal 0.991444 -0.130529 0
    outer loop
      vertex 7.29096 3.37178 3.01976
      vertex 7.4 4.2 3
      vertex 7.4 4.2 10
    endloop
  endfacet
  facet normal 0.991444 -0.130529 0
    outer loop
      vertex 7.29096 3.37178 3.01976
      vertex 7.4 4.2 10
      vertex 7.29096 3.37178 10
    endloop
  endfacet
  facet normal 0.991444 -0.130531 -7.80983e-05
    outer loop
      vertex 7.4 4.2 3
      vertex 7.29096 3.37178 3.01976
      vertex 7.29356 3.39154 3
    endloop
  endfacet
  facet normal 0.793352 -0.608763 0
    outer loop
      vertex 6.53714 2.03422 5.47789
      vertex 6.97128 2.6 3.95741
      vertex 6.97128 2.6 10
    endloop
  endfacet
  facet normal 0.793352 -0.608763 0
    outer loop
      vertex 6.53714 2.03422 5.47789
      vertex 6.97128 2.6 10
      vertex 6.53714 2.03422 10
    endloop
  endfacet
  facet normal 0.793357 -0.608756 3.8741e-06
    outer loop
      vertex 6.97128 2.6 3.95741
      vertex 6.53714 2.03422 5.47789
      vertex 6.74452 2.30448 4.46927
    endloop
  endfacet
  facet normal -0.130529 0.991444 0
    outer loop
      vertex 4.2 7.4 10
      vertex 3.37178 7.29096 3.01976
      vertex 3.37178 7.29096 10
    endloop
  endfacet
  facet normal -0.130529 0.991444 0
    outer loop
      vertex 4.2 7.4 3
      vertex 3.37178 7.29096 3.01976
      vertex 4.2 7.4 10
    endloop
  endfacet
  facet normal -0.130531 0.991444 -7.80983e-05
    outer loop
      vertex 3.37178 7.29096 3.01976
      vertex 4.2 7.4 3
      vertex 3.39154 7.29356 3
    endloop
  endfacet
  facet normal -0.608763 -0.793352 0
    outer loop
      vertex 1.93726 1.93726 3
      vertex 2.55208 1.46549 4.45892
      vertex 1.93726 1.93726 4.45892
    endloop
  endfacet
  facet normal -0.608763 -0.793352 -2.3549e-07
    outer loop
      vertex 2.6 1.42872 3
      vertex 2.55208 1.46549 4.45892
      vertex 1.93726 1.93726 3
    endloop
  endfacet
  facet normal -0.608758 -0.793356 0
    outer loop
      vertex 2.55208 1.46549 4.45892
      vertex 2.6 1.42872 3
      vertex 2.6 1.42872 4.45892
    endloop
  endfacet
  facet normal -0.382682 0.92388 0
    outer loop
      vertex 3.37178 7.29096 10
      vertex 2.6 6.97128 3.95741
      vertex 2.6 6.97128 10
    endloop
  endfacet
  facet normal -0.382682 0.92388 0
    outer loop
      vertex 3.37178 7.29096 3.01976
      vertex 2.6 6.97128 3.95741
      vertex 3.37178 7.29096 10
    endloop
  endfacet
  facet normal -0.38265 0.923893 3.04414e-05
    outer loop
      vertex 2.6 6.97128 3.95741
      vertex 3.37178 7.29096 3.01976
      vertex 2.82659 7.06514 3.56495
    endloop
  endfacet
  facet normal -0.793356 -0.608758 0
    outer loop
      vertex 1.42872 2.6 3
      vertex 1.46549 2.55208 4.45892
      vertex 1.42872 2.6 4.45892
    endloop
  endfacet
  facet normal -0.793352 -0.608763 -2.3549e-07
    outer loop
      vertex 1.93726 1.93726 3
      vertex 1.46549 2.55208 4.45892
      vertex 1.42872 2.6 3
    endloop
  endfacet
  facet normal -0.793352 -0.608763 0
    outer loop
      vertex 1.46549 2.55208 4.45892
      vertex 1.93726 1.93726 3
      vertex 1.93726 1.93726 4.45892
    endloop
  endfacet
  facet normal -0.923898 -0.382639 0
    outer loop
      vertex 1.10904 3.37178 3
      vertex 1.13215 3.31598 3.8115
      vertex 1.10904 3.37178 3.8115
    endloop
  endfacet
  facet normal -0.923887 -0.382666 -2.17254e-06
    outer loop
      vertex 1.10904 3.37178 3
      vertex 1.17441 3.21395 3.8115
      vertex 1.13215 3.31598 3.8115
    endloop
  endfacet
  facet normal -0.92388 -0.382682 -5.65835e-06
    outer loop
      vertex 1.42872 2.6 3
      vertex 1.17441 3.21395 3.8115
      vertex 1.10904 3.37178 3
    endloop
  endfacet
  facet normal -0.923878 -0.382688 0
    outer loop
      vertex 1.17441 3.21395 3.8115
      vertex 1.42872 2.6 3
      vertex 1.42872 2.6 4.45892
    endloop
  endfacet
  facet normal 0 0 1
    outer loop
      vertex 7.29096 5.02822 10
      vertex 5.4557 4.53646 10
      vertex 5.5 4.2 10
    endloop
  endfacet
  facet normal 0 0 1
    outer loop
      vertex 6.46274 6.46274 10
      vertex 5.32583 4.85 10
      vertex 5.4557 4.53646 10
    endloop
  endfacet
  facet normal 0 0 1
    outer loop
      vertex 6.46274 6.46274 10
      vertex 5.11924 5.11924 10
      vertex 5.32583 4.85 10
    endloop
  endfacet
  facet normal 0 0 1
    outer loop
      vertex 4.85 5.32583 10
      vertex 5.8 6.97128 10
      vertex 5.02822 7.29096 10
    endloop
  endfacet
  facet normal 0 0 1
    outer loop
      vertex 5.8 6.97128 10
      vertex 4.85 5.32583 10
      vertex 5.11924 5.11924 10
    endloop
  endfacet
  facet normal 0 0 1
    outer loop
      vertex 5.02822 7.29096 10
      vertex 4.53646 5.4557 10
      vertex 4.85 5.32583 10
    endloop
  endfacet
  facet normal 0 0 1
    outer loop
      vertex 4.2 7.4 10
      vertex 4.53646 5.4557 10
      vertex 5.02822 7.29096 10
    endloop
  endfacet
  facet normal 0 0 1
    outer loop
      vertex 4.2 7.4 10
      vertex 4.2 5.5 10
      vertex 4.53646 5.4557 10
    endloop
  endfacet
  facet normal 0 0 1
    outer loop
      vertex 4.2 7.4 10
      vertex 3.86353 5.4557 10
      vertex 4.2 5.5 10
    endloop
  endfacet
  facet normal -0 0 1
    outer loop
      vertex 3.37178 7.29096 10
      vertex 3.86353 5.4557 10
      vertex 4.2 7.4 10
    endloop
  endfacet
  facet normal 0 0 1
    outer loop
      vertex 3.86353 5.4557 10
      vertex 3.37178 7.29096 10
      vertex 3.55 5.32583 10
    endloop
  endfacet
  facet normal -0 0 1
    outer loop
      vertex 2.6 6.97128 10
      vertex 3.55 5.32583 10
      vertex 3.37178 7.29096 10
    endloop
  endfacet
  facet normal -0 0 1
    outer loop
      vertex 2.03422 6 10
      vertex 3.55 5.32583 10
      vertex 2.6 6.97128 10
    endloop
  endfacet
  facet normal 0 0 1
    outer loop
      vertex 3.55 5.32583 10
      vertex 2.03422 6 10
      vertex 3.28076 5.11924 10
    endloop
  endfacet
  facet normal 0 0 1
    outer loop
      vertex 3.28076 5.11924 10
      vertex 2.16935 4.97358 10
      vertex 3.07417 4.85 10
    endloop
  endfacet
  facet normal 0 -0 1
    outer loop
      vertex 2.16935 4.97358 10
      vertex 3.28076 5.11924 10
      vertex 2.03422 6 10
    endloop
  endfacet
  facet normal 0 0 1
    outer loop
      vertex 5.5 4.2 10
      vertex 7.4 4.2 10
      vertex 7.29096 5.02822 10
    endloop
  endfacet
  facet normal 0 0 1
    outer loop
      vertex 5.4557 4.53646 10
      vertex 7.29096 5.02822 10
      vertex 6.97128 5.8 10
    endloop
  endfacet
  facet normal 0 0 1
    outer loop
      vertex 7.4 4.2 10
      vertex 5.5 4.2 10
      vertex 7.29096 3.37178 10
    endloop
  endfacet
  facet normal -0 0 1
    outer loop
      vertex 5.4557 3.86353 10
      vertex 7.29096 3.37178 10
      vertex 5.5 4.2 10
    endloop
  endfacet
  facet normal 0 0 1
    outer loop
      vertex 5.4557 4.53646 10
      vertex 6.97128 5.8 10
      vertex 6.46274 6.46274 10
    endloop
  endfacet
  facet normal 0 0 1
    outer loop
      vertex 7.29096 3.37178 10
      vertex 5.4557 3.86353 10
      vertex 6.97128 2.6 10
    endloop
  endfacet
  facet normal 0 0 1
    outer loop
      vertex 5.11924 5.11924 10
      vertex 6.46274 6.46274 10
      vertex 5.8 6.97128 10
    endloop
  endfacet
  facet normal -0 0 1
    outer loop
      vertex 5.32583 3.55 10
      vertex 6.97128 2.6 10
      vertex 5.4557 3.86353 10
    endloop
  endfacet
  facet normal 0 -0 1
    outer loop
      vertex 6 2.03422 10
      vertex 6.97128 2.6 10
      vertex 5.32583 3.55 10
    endloop
  endfacet
  facet normal 0 0 1
    outer loop
      vertex 6.97128 2.6 10
      vertex 6 2.03422 10
      vertex 6.53714 2.03422 10
    endloop
  endfacet
  facet normal -0 0 1
    outer loop
      vertex 5.11924 3.28076 10
      vertex 6 2.03422 10
      vertex 5.32583 3.55 10
    endloop
  endfacet
  facet normal 0 0 1
    outer loop
      vertex 5.11924 3.28076 10
      vertex 4.97358 2.16935 10
      vertex 6 2.03422 10
    endloop
  endfacet
  facet normal -0 0 1
    outer loop
      vertex 4.85 3.07417 10
      vertex 4.97358 2.16935 10
      vertex 5.11924 3.28076 10
    endloop
  endfacet
  facet normal -0 0 1
    outer loop
      vertex 4.53646 2.9443 10
      vertex 4.97358 2.16935 10
      vertex 4.85 3.07417 10
    endloop
  endfacet
  facet normal 0 0 1
    outer loop
      vertex 4.01711 2.56553 10
      vertex 4.53646 2.9443 10
      vertex 4.2 2.9 10
    endloop
  endfacet
  facet normal 0 0 1
    outer loop
      vertex 4.53646 2.9443 10
      vertex 4.01711 2.56553 10
      vertex 4.97358 2.16935 10
    endloop
  endfacet
  facet normal 0 0 1
    outer loop
      vertex 3.86353 2.9443 10
      vertex 4.01711 2.56553 10
      vertex 4.2 2.9 10
    endloop
  endfacet
  facet normal 0 0 1
    outer loop
      vertex 3.55 3.07417 10
      vertex 4.01711 2.56553 10
      vertex 3.86353 2.9443 10
    endloop
  endfacet
  facet normal -0 0 1
    outer loop
      vertex 3.19577 3.19577 10
      vertex 3.55 3.07417 10
      vertex 3.28076 3.28076 10
    endloop
  endfacet
  facet normal 0 0 1
    outer loop
      vertex 3.55 3.07417 10
      vertex 3.19577 3.19577 10
      vertex 4.01711 2.56553 10
    endloop
  endfacet
  facet normal 0 0 1
    outer loop
      vertex 3.07417 3.55 10
      vertex 3.19577 3.19577 10
      vertex 3.28076 3.28076 10
    endloop
  endfacet
  facet normal 0 0 1
    outer loop
      vertex 2.56553 4.01711 10
      vertex 3.07417 3.55 10
      vertex 2.9443 3.86353 10
    endloop
  endfacet
  facet normal 0 0 1
    outer loop
      vertex 3.07417 3.55 10
      vertex 2.56553 4.01711 10
      vertex 3.19577 3.19577 10
    endloop
  endfacet
  facet normal 0 0 1
    outer loop
      vertex 2.9 4.2 10
      vertex 2.56553 4.01711 10
      vertex 2.9443 3.86353 10
    endloop
  endfacet
  facet normal 0 -0 1
    outer loop
      vertex 2.56553 4.01711 10
      vertex 2.9443 4.53646 10
      vertex 2.16935 4.97358 10
    endloop
  endfacet
  facet normal 0 0 1
    outer loop
      vertex 2.9443 4.53646 10
      vertex 2.56553 4.01711 10
      vertex 2.9 4.2 10
    endloop
  endfacet
  facet normal 0 0 1
    outer loop
      vertex 2.03422 6 10
      vertex 2.6 6.97128 10
      vertex 2.03422 6.53714 10
    endloop
  endfacet
  facet normal 0 0 1
    outer loop
      vertex 3.07417 4.85 10
      vertex 2.16935 4.97358 10
      vertex 2.9443 4.53646 10
    endloop
  endfacet
  facet normal 0.608763 0.793352 -0
    outer loop
      vertex 6.46274 6.46274 3
      vertex 5.8 6.97128 10
      vertex 6.46274 6.46274 10
    endloop
  endfacet
  facet normal 0.608763 0.793352 0
    outer loop
      vertex 5.8 6.97128 10
      vertex 6.46274 6.46274 3
      vertex 5.8 6.97128 3
    endloop
  endfacet
  facet normal -0.991444 -0.130529 0
    outer loop
      vertex 1.10904 3.37178 3
      vertex 1 4.2 3.37612
      vertex 1 4.2 3
    endloop
  endfacet
  facet normal -0.991445 -0.130526 -7.58091e-06
    outer loop
      vertex 1 4.2 3.37612
      vertex 1.10904 3.37178 3
      vertex 1.09462 3.48127 3.7039
    endloop
  endfacet
  facet normal -0.991439 -0.130574 0
    outer loop
      vertex 1.09462 3.48127 3.7039
      vertex 1.10904 3.37178 3
      vertex 1.10904 3.37178 3.8115
    endloop
  endfacet
  facet normal 0.130529 0.991444 -0
    outer loop
      vertex 5.02822 7.29096 3
      vertex 4.2 7.4 10
      vertex 5.02822 7.29096 10
    endloop
  endfacet
  facet normal 0.130529 0.991444 0
    outer loop
      vertex 4.2 7.4 10
      vertex 5.02822 7.29096 3
      vertex 4.2 7.4 3
    endloop
  endfacet
  facet normal 0.793352 0.608763 0
    outer loop
      vertex 6.97128 5.8 10
      vertex 6.46274 6.46274 3
      vertex 6.46274 6.46274 10
    endloop
  endfacet
  facet normal 0.793352 0.608763 0
    outer loop
      vertex 6.46274 6.46274 3
      vertex 6.97128 5.8 10
      vertex 6.97128 5.8 3
    endloop
  endfacet
  facet normal 0.130521 -0.991446 0
    outer loop
      vertex 4.2 1 3.37612
      vertex 4.2 1 3
      vertex 4.6269 1.0562 3
    endloop
  endfacet
  facet normal -0.991442 -0.130547 0
    outer loop
      vertex 5.47109 4.41958 2.38885
      vertex 5.4557 4.53646 10
      vertex 5.4557 4.53646 2.3294
    endloop
  endfacet
  facet normal -0.991444 -0.130534 -1.97428e-07
    outer loop
      vertex 5.5 4.2 2.50054
      vertex 5.4557 4.53646 10
      vertex 5.47109 4.41958 2.38885
    endloop
  endfacet
  facet normal -0.991443 -0.130538 0
    outer loop
      vertex 5.4557 4.53646 10
      vertex 5.5 4.2 2.50054
      vertex 5.5 4.2 10
    endloop
  endfacet
  facet normal -0.923342 -0.383902 -0.00762778
    outer loop
      vertex 5.34111 4.81311 2.25882
      vertex 5.32583 4.85 2.25181
      vertex 5.3301 4.8397 2.25332
    endloop
  endfacet
  facet normal -0.923884 -0.382673 1.82168e-05
    outer loop
      vertex 5.4557 4.53646 2.3294
      vertex 5.32583 4.85 2.25181
      vertex 5.34111 4.81311 2.25882
    endloop
  endfacet
  facet normal -0.923817 -0.382833 -0.0007143
    outer loop
      vertex 5.4557 4.53646 2.3294
      vertex 5.34111 4.81311 2.25882
      vertex 5.43255 4.59237 2.30448
    endloop
  endfacet
  facet normal -0.923882 -0.382677 0
    outer loop
      vertex 5.32583 4.85 2.25181
      vertex 5.4557 4.53646 2.3294
      vertex 5.32583 4.85 10
    endloop
  endfacet
  facet normal -0.923882 -0.382677 0
    outer loop
      vertex 5.32583 4.85 10
      vertex 5.4557 4.53646 2.3294
      vertex 5.4557 4.53646 10
    endloop
  endfacet
  facet normal -0.382677 0.923882 0
    outer loop
      vertex 4.85 3.07417 10
      vertex 4.53646 2.9443 3.97883
      vertex 4.53646 2.9443 10
    endloop
  endfacet
  facet normal -0.382677 0.923882 0
    outer loop
      vertex 4.85 3.07417 3.56187
      vertex 4.53646 2.9443 3.97883
      vertex 4.85 3.07417 10
    endloop
  endfacet
  facet normal -0.384163 0.923264 -0.0013102
    outer loop
      vertex 4.53646 2.9443 3.97883
      vertex 4.85 3.07417 3.56187
      vertex 4.846 3.07251 3.56495
    endloop
  endfacet
  facet normal -0.793361 0.608752 0
    outer loop
      vertex 5.11924 3.28076 3.26543
      vertex 5.32583 3.55 10
      vertex 5.32583 3.55 2.9348
    endloop
  endfacet
  facet normal -0.793361 0.608752 0
    outer loop
      vertex 5.32583 3.55 10
      vertex 5.11924 3.28076 3.26543
      vertex 5.11924 3.28076 10
    endloop
  endfacet
  facet normal 0.382688 0.923878 0
    outer loop
      vertex 3.86353 2.9443 10
      vertex 3.55 3.07417 5.02932
      vertex 3.55 3.07417 10
    endloop
  endfacet
  facet normal 0.382692 0.923876 -3.32856e-07
    outer loop
      vertex 3.86353 2.9443 10
      vertex 3.66262 3.02752 4.91056
      vertex 3.55 3.07417 5.02932
    endloop
  endfacet
  facet normal 0.382685 0.923879 0
    outer loop
      vertex 3.66262 3.02752 4.91056
      vertex 3.86353 2.9443 10
      vertex 3.86353 2.9443 4.69869
    endloop
  endfacet
  facet normal -0.382677 -0.923882 0
    outer loop
      vertex 4.53646 5.4557 2.3294
      vertex 4.85 5.32583 10
      vertex 4.53646 5.4557 10
    endloop
  endfacet
  facet normal -0.382833 -0.923817 -0.0007143
    outer loop
      vertex 4.81311 5.34111 2.25882
      vertex 4.53646 5.4557 2.3294
      vertex 4.59237 5.43255 2.30448
    endloop
  endfacet
  facet normal -0.382673 -0.923884 1.82168e-05
    outer loop
      vertex 4.85 5.32583 2.25181
      vertex 4.53646 5.4557 2.3294
      vertex 4.81311 5.34111 2.25882
    endloop
  endfacet
  facet normal -0.383902 -0.923342 -0.00762778
    outer loop
      vertex 4.85 5.32583 2.25181
      vertex 4.81311 5.34111 2.25882
      vertex 4.8397 5.3301 2.25332
    endloop
  endfacet
  facet normal -0.382677 -0.923882 0
    outer loop
      vertex 4.53646 5.4557 2.3294
      vertex 4.85 5.32583 2.25181
      vertex 4.85 5.32583 10
    endloop
  endfacet
  facet normal 0.923882 -0.382677 0
    outer loop
      vertex 2.9443 4.53646 3.97883
      vertex 3.07417 4.85 3.56187
      vertex 3.07417 4.85 10
    endloop
  endfacet
  facet normal 0.923882 -0.382677 0
    outer loop
      vertex 2.9443 4.53646 3.97883
      vertex 3.07417 4.85 10
      vertex 2.9443 4.53646 10
    endloop
  endfacet
  facet normal 0.923264 -0.384163 -0.0013102
    outer loop
      vertex 3.07417 4.85 3.56187
      vertex 2.9443 4.53646 3.97883
      vertex 3.07251 4.846 3.56495
    endloop
  endfacet
  facet normal -0.793349 -0.608767 0
    outer loop
      vertex 5.31386 4.86561 2.25044
      vertex 5.11924 5.11924 10
      vertex 5.11924 5.11924 2.22808
    endloop
  endfacet
  facet normal -0.793549 -0.608507 -1.3521e-05
    outer loop
      vertex 5.32583 4.85 2.25181
      vertex 5.11924 5.11924 10
      vertex 5.31386 4.86561 2.25044
    endloop
  endfacet
  facet normal -0.793361 -0.608752 0
    outer loop
      vertex 5.11924 5.11924 10
      vertex 5.32583 4.85 2.25181
      vertex 5.32583 4.85 10
    endloop
  endfacet
  facet normal 0.608752 -0.793361 0
    outer loop
      vertex 3.28076 5.11924 3.26543
      vertex 3.55 5.32583 10
      vertex 3.28076 5.11924 10
    endloop
  endfacet
  facet normal 0.608752 -0.793361 0
    outer loop
      vertex 3.55 5.32583 10
      vertex 3.28076 5.11924 3.26543
      vertex 3.55 5.32583 2.9348
    endloop
  endfacet
  facet normal 0.923879 0.382685 0
    outer loop
      vertex 2.9443 3.86353 10
      vertex 3.02752 3.66262 4.91056
      vertex 2.9443 3.86353 4.69869
    endloop
  endfacet
  facet normal 0.923878 0.382688 -0
    outer loop
      vertex 3.07417 3.55 5.02932
      vertex 2.9443 3.86353 10
      vertex 3.07417 3.55 10
    endloop
  endfacet
  facet normal 0.923876 0.382692 -3.32856e-07
    outer loop
      vertex 2.9443 3.86353 10
      vertex 3.07417 3.55 5.02932
      vertex 3.02752 3.66262 4.91056
    endloop
  endfacet
  facet normal -0.608752 -0.793361 0
    outer loop
      vertex 4.85 5.32583 2.25181
      vertex 5.11924 5.11924 10
      vertex 4.85 5.32583 10
    endloop
  endfacet
  facet normal -0.608507 -0.793549 -1.3521e-05
    outer loop
      vertex 4.86561 5.31386 2.25044
      vertex 5.11924 5.11924 10
      vertex 4.85 5.32583 2.25181
    endloop
  endfacet
  facet normal -0.608767 -0.793349 -0
    outer loop
      vertex 5.11924 5.11924 10
      vertex 4.86561 5.31386 2.25044
      vertex 5.11924 5.11924 2.22808
    endloop
  endfacet
  facet normal -0.130538 0.991443 0
    outer loop
      vertex 4.53646 2.9443 10
      vertex 4.2 2.9 4.2793
      vertex 4.2 2.9 10
    endloop
  endfacet
  facet normal -0.130538 0.991443 0
    outer loop
      vertex 4.53646 2.9443 3.97883
      vertex 4.2 2.9 4.2793
      vertex 4.53646 2.9443 10
    endloop
  endfacet
  facet normal -0.13163 0.991298 -0.00124435
    outer loop
      vertex 4.2 2.9 4.2793
      vertex 4.53646 2.9443 3.97883
      vertex 4.21105 2.90145 4.26553
    endloop
  endfacet
  facet normal 0.382688 -0.923878 0
    outer loop
      vertex 3.55 5.32583 2.9348
      vertex 3.86353 5.4557 10
      vertex 3.55 5.32583 10
    endloop
  endfacet
  facet normal 0.3821 -0.924121 -0.000653089
    outer loop
      vertex 3.67096 5.37593 2.81282
      vertex 3.55 5.32583 2.9348
      vertex 3.64912 5.36689 2.82659
    endloop
  endfacet
  facet normal 0.382767 -0.923845 0.000121318
    outer loop
      vertex 3.86353 5.4557 2.69557
      vertex 3.55 5.32583 2.9348
      vertex 3.67096 5.37593 2.81282
    endloop
  endfacet
  facet normal 0.382688 -0.923878 0
    outer loop
      vertex 3.55 5.32583 2.9348
      vertex 3.86353 5.4557 2.69557
      vertex 3.86353 5.4557 10
    endloop
  endfacet
  facet normal 0.130535 -0.991444 0
    outer loop
      vertex 3.86353 5.4557 2.69557
      vertex 4.2 5.5 10
      vertex 3.86353 5.4557 10
    endloop
  endfacet
  facet normal 0.130533 -0.991444 8.46001e-08
    outer loop
      vertex 4.0702 5.48291 2.57419
      vertex 4.2 5.5 10
      vertex 3.86353 5.4557 2.69557
    endloop
  endfacet
  facet normal 0.130537 -0.991443 0
    outer loop
      vertex 4.2 5.5 10
      vertex 4.0702 5.48291 2.57419
      vertex 4.2 5.5 2.50054
    endloop
  endfacet
  facet normal -0.130538 -0.991443 0
    outer loop
      vertex 4.2 5.5 2.50054
      vertex 4.53646 5.4557 10
      vertex 4.2 5.5 10
    endloop
  endfacet
  facet normal -0.130534 -0.991444 -1.97428e-07
    outer loop
      vertex 4.41958 5.47109 2.38885
      vertex 4.53646 5.4557 10
      vertex 4.2 5.5 2.50054
    endloop
  endfacet
  facet normal -0.130547 -0.991442 -0
    outer loop
      vertex 4.53646 5.4557 10
      vertex 4.41958 5.47109 2.38885
      vertex 4.53646 5.4557 2.3294
    endloop
  endfacet
  facet normal -0.608752 0.793361 0
    outer loop
      vertex 5.11924 3.28076 10
      vertex 4.85 3.07417 3.56187
      vertex 4.85 3.07417 10
    endloop
  endfacet
  facet normal -0.608757 0.793357 3.35141e-07
    outer loop
      vertex 5.11924 3.28076 10
      vertex 5.05556 3.2319 3.33554
      vertex 4.85 3.07417 3.56187
    endloop
  endfacet
  facet normal -0.608735 0.793374 0
    outer loop
      vertex 5.05556 3.2319 3.33554
      vertex 5.11924 3.28076 10
      vertex 5.11924 3.28076 3.26543
    endloop
  endfacet
  facet normal 0.991444 0.130535 0
    outer loop
      vertex 2.9443 3.86353 4.69869
      vertex 2.9 4.2 4.2793
      vertex 2.9 4.2 10
    endloop
  endfacet
  facet normal 0.991444 0.130535 -0
    outer loop
      vertex 2.9443 3.86353 4.69869
      vertex 2.9 4.2 10
      vertex 2.9443 3.86353 10
    endloop
  endfacet
  facet normal 0.991439 0.130574 3.21796e-05
    outer loop
      vertex 2.9 4.2 4.2793
      vertex 2.9443 3.86353 4.69869
      vertex 2.92839 3.98439 4.46927
    endloop
  endfacet
  facet normal 0.130535 0.991444 0
    outer loop
      vertex 4.2 2.9 10
      vertex 3.86353 2.9443 4.69869
      vertex 3.86353 2.9443 10
    endloop
  endfacet
  facet normal 0.130535 0.991444 -0
    outer loop
      vertex 4.2 2.9 4.2793
      vertex 3.86353 2.9443 4.69869
      vertex 4.2 2.9 10
    endloop
  endfacet
  facet normal 0.130574 0.991439 3.21796e-05
    outer loop
      vertex 3.86353 2.9443 4.69869
      vertex 4.2 2.9 4.2793
      vertex 3.98439 2.92839 4.46927
    endloop
  endfacet
  facet normal -0.923845 0.382767 0.000121318
    outer loop
      vertex 5.32583 3.55 2.9348
      vertex 5.4557 3.86353 2.69557
      vertex 5.37593 3.67096 2.81282
    endloop
  endfacet
  facet normal -0.924121 0.3821 -0.000653089
    outer loop
      vertex 5.32583 3.55 2.9348
      vertex 5.37593 3.67096 2.81282
      vertex 5.36689 3.64912 2.82659
    endloop
  endfacet
  facet normal -0.923878 0.382688 0
    outer loop
      vertex 5.4557 3.86353 2.69557
      vertex 5.32583 3.55 2.9348
      vertex 5.4557 3.86353 10
    endloop
  endfacet
  facet normal -0.923878 0.382688 0
    outer loop
      vertex 5.4557 3.86353 10
      vertex 5.32583 3.55 2.9348
      vertex 5.32583 3.55 10
    endloop
  endfacet
  facet normal -0.991443 0.130537 0
    outer loop
      vertex 5.48291 4.0702 2.57419
      vertex 5.5 4.2 10
      vertex 5.5 4.2 2.50054
    endloop
  endfacet
  facet normal -0.991444 0.130533 8.46001e-08
    outer loop
      vertex 5.4557 3.86353 2.69557
      vertex 5.5 4.2 10
      vertex 5.48291 4.0702 2.57419
    endloop
  endfacet
  facet normal -0.991444 0.130535 0
    outer loop
      vertex 5.5 4.2 10
      vertex 5.4557 3.86353 2.69557
      vertex 5.4557 3.86353 10
    endloop
  endfacet
  facet normal 0.793374 -0.608735 0
    outer loop
      vertex 3.28076 5.11924 10
      vertex 3.2319 5.05556 3.33554
      vertex 3.28076 5.11924 3.26543
    endloop
  endfacet
  facet normal 0.793361 -0.608752 0
    outer loop
      vertex 3.07417 4.85 3.56187
      vertex 3.28076 5.11924 10
      vertex 3.07417 4.85 10
    endloop
  endfacet
  facet normal 0.793357 -0.608757 3.35141e-07
    outer loop
      vertex 3.28076 5.11924 10
      vertex 3.07417 4.85 3.56187
      vertex 3.2319 5.05556 3.33554
    endloop
  endfacet
  facet normal 0.991443 -0.130538 0
    outer loop
      vertex 2.9 4.2 4.2793
      vertex 2.9443 4.53646 3.97883
      vertex 2.9443 4.53646 10
    endloop
  endfacet
  facet normal 0.991443 -0.130538 0
    outer loop
      vertex 2.9 4.2 4.2793
      vertex 2.9443 4.53646 10
      vertex 2.9 4.2 10
    endloop
  endfacet
  facet normal 0.991298 -0.13163 -0.00124435
    outer loop
      vertex 2.9443 4.53646 3.97883
      vertex 2.9 4.2 4.2793
      vertex 2.90145 4.21105 4.26553
    endloop
  endfacet
  facet normal 0.793361 0.608752 0
    outer loop
      vertex 3.28076 3.28076 10
      vertex 3.07417 3.55 5.02932
      vertex 3.07417 3.55 10
    endloop
  endfacet
  facet normal 0.793361 0.608752 0
    outer loop
      vertex 3.07417 3.55 5.02932
      vertex 3.28076 3.28076 10
      vertex 3.28076 3.28076 5.02932
    endloop
  endfacet
  facet normal 0.608752 0.793361 -0
    outer loop
      vertex 3.55 3.07417 5.02932
      vertex 3.28076 3.28076 10
      vertex 3.55 3.07417 10
    endloop
  endfacet
  facet normal 0.608752 0.793361 0
    outer loop
      vertex 3.28076 3.28076 10
      vertex 3.55 3.07417 5.02932
      vertex 3.28076 3.28076 5.02932
    endloop
  endfacet
  facet normal -0.923867 0.382715 0
    outer loop
      vertex 1.42872 49.4 3
      vertex 1.17441 48.7861 3.8115
      vertex 1.42872 49.4 4.45892
    endloop
  endfacet
  facet normal -0.923884 0.382673 -3.67391e-05
    outer loop
      vertex 1.10904 48.6282 3
      vertex 1.17441 48.7861 3.8115
      vertex 1.42872 49.4 3
    endloop
  endfacet
  facet normal -0.923979 0.382442 1.58691e-05
    outer loop
      vertex 1.17441 48.7861 3.8115
      vertex 1.10904 48.6282 3
      vertex 1.13215 48.684 3.8115
    endloop
  endfacet
  facet normal -0.923898 0.382639 0
    outer loop
      vertex 1.13215 48.684 3.8115
      vertex 1.10904 48.6282 3
      vertex 1.10904 48.6282 3.8115
    endloop
  endfacet
  facet normal 0.991444 0.130533 0
    outer loop
      vertex 7.4 47.8 10
      vertex 7.29096 48.6282 3.01976
      vertex 7.29096 48.6282 10
    endloop
  endfacet
  facet normal 0.991444 0.130533 -0
    outer loop
      vertex 7.4 47.8 3
      vertex 7.29096 48.6282 3.01976
      vertex 7.4 47.8 10
    endloop
  endfacet
  facet normal 0.991445 0.130525 0.00032469
    outer loop
      vertex 7.29096 48.6282 3.01976
      vertex 7.4 47.8 3
      vertex 7.29356 48.6085 3
    endloop
  endfacet
  facet normal 0.923884 0.382673 0
    outer loop
      vertex 7.29096 48.6282 10
      vertex 6.97128 49.4 3.95741
      vertex 6.97128 49.4 10
    endloop
  endfacet
  facet normal 0.923884 0.382673 -0
    outer loop
      vertex 7.29096 48.6282 3.01976
      vertex 6.97128 49.4 3.95741
      vertex 7.29096 48.6282 10
    endloop
  endfacet
  facet normal 0.923891 0.382656 1.69598e-05
    outer loop
      vertex 6.97128 49.4 3.95741
      vertex 7.29096 48.6282 3.01976
      vertex 7.06514 49.1734 3.56495
    endloop
  endfacet
  facet normal 0.130482 -0.991451 0
    outer loop
      vertex 4.2 44.6 3
      vertex 5.02822 44.709 10
      vertex 4.2 44.6 10
    endloop
  endfacet
  facet normal 0.130482 -0.991451 0
    outer loop
      vertex 5.02822 44.709 10
      vertex 4.2 44.6 3
      vertex 5.02822 44.709 3
    endloop
  endfacet
  facet normal 0.382702 -0.923872 0
    outer loop
      vertex 5.02822 44.709 3
      vertex 5.8 45.0287 10
      vertex 5.02822 44.709 10
    endloop
  endfacet
  facet normal 0.382702 -0.923872 0
    outer loop
      vertex 5.8 45.0287 10
      vertex 5.02822 44.709 3
      vertex 5.8 45.0287 3
    endloop
  endfacet
  facet normal -0.130482 -0.991451 0
    outer loop
      vertex 3.37178 44.709 3.01976
      vertex 4.2 44.6 10
      vertex 3.37178 44.709 10
    endloop
  endfacet
  facet normal -0.130483 -0.991451 -2.9045e-05
    outer loop
      vertex 4.2 44.6 3
      vertex 3.37178 44.709 3.01976
      vertex 3.39154 44.7064 3
    endloop
  endfacet
  facet normal -0.130482 -0.991451 0
    outer loop
      vertex 3.37178 44.709 3.01976
      vertex 4.2 44.6 3
      vertex 4.2 44.6 10
    endloop
  endfacet
  facet normal 0.793363 0.608749 0
    outer loop
      vertex 6.97128 49.4 10
      vertex 6.53714 49.9658 5.47789
      vertex 6.53714 49.9658 10
    endloop
  endfacet
  facet normal 0.793363 0.608749 -0
    outer loop
      vertex 6.97128 49.4 3.95741
      vertex 6.53714 49.9658 5.47789
      vertex 6.97128 49.4 10
    endloop
  endfacet
  facet normal 0.793282 0.608854 -6.17869e-05
    outer loop
      vertex 6.53714 49.9658 5.47789
      vertex 6.97128 49.4 3.95741
      vertex 6.74452 49.6955 4.46927
    endloop
  endfacet
  facet normal 0.793335 -0.608786 0
    outer loop
      vertex 6.46274 45.5373 10
      vertex 6.97128 46.2 3
      vertex 6.97128 46.2 10
    endloop
  endfacet
  facet normal 0.793335 -0.608786 0
    outer loop
      vertex 6.97128 46.2 3
      vertex 6.46274 45.5373 10
      vertex 6.46274 45.5373 3
    endloop
  endfacet
  facet normal -0.99144 0.130562 0
    outer loop
      vertex 1.10904 48.6282 3
      vertex 1.09462 48.5187 3.7039
      vertex 1.10904 48.6282 3.8115
    endloop
  endfacet
  facet normal -0.991444 0.130533 0
    outer loop
      vertex 1 47.8 3.37612
      vertex 1.10904 48.6282 3
      vertex 1 47.8 3
    endloop
  endfacet
  facet normal -0.991444 0.13053 -5.05801e-06
    outer loop
      vertex 1.10904 48.6282 3
      vertex 1 47.8 3.37612
      vertex 1.09462 48.5187 3.7039
    endloop
  endfacet
  facet normal -0.382702 -0.923872 0
    outer loop
      vertex 2.6 45.0287 3.95741
      vertex 3.37178 44.709 10
      vertex 2.6 45.0287 10
    endloop
  endfacet
  facet normal -0.383209 -0.923662 -0.000488833
    outer loop
      vertex 3.37178 44.709 3.01976
      vertex 2.6 45.0287 3.95741
      vertex 2.82659 44.9349 3.56495
    endloop
  endfacet
  facet normal -0.382702 -0.923872 0
    outer loop
      vertex 2.6 45.0287 3.95741
      vertex 3.37178 44.709 3.01976
      vertex 3.37178 44.709 10
    endloop
  endfacet
  facet normal -0.382975 0.923759 -3.84577e-05
    outer loop
      vertex 3.31598 50.8679 3.8115
      vertex 3.37178 50.891 3
      vertex 3.21395 50.8256 3.8115
    endloop
  endfacet
  facet normal -0.382498 0.923956 0
    outer loop
      vertex 3.37178 50.891 3
      vertex 3.31598 50.8679 3.8115
      vertex 3.37178 50.891 3.8115
    endloop
  endfacet
  facet normal -0.382702 0.923872 2.38395e-05
    outer loop
      vertex 2.6 50.5713 3
      vertex 3.21395 50.8256 3.8115
      vertex 3.37178 50.891 3
    endloop
  endfacet
  facet normal -0.382675 0.923883 0
    outer loop
      vertex 3.21395 50.8256 3.8115
      vertex 2.6 50.5713 3
      vertex 2.6 50.5713 4.45892
    endloop
  endfacet
  facet normal 0 0 1
    outer loop
      vertex 5.5 47.8 10
      vertex 7.4 47.8 10
      vertex 7.29096 48.6282 10
    endloop
  endfacet
  facet normal 0 0 1
    outer loop
      vertex 5.4557 48.1365 10
      vertex 7.29096 48.6282 10
      vertex 6.97128 49.4 10
    endloop
  endfacet
  facet normal 0 0 1
    outer loop
      vertex 7.4 47.8 10
      vertex 5.5 47.8 10
      vertex 7.29096 46.9718 10
    endloop
  endfacet
  facet normal -0 0 1
    outer loop
      vertex 6 49.9658 10
      vertex 6.97128 49.4 10
      vertex 6.53714 49.9658 10
    endloop
  endfacet
  facet normal -0 0 1
    outer loop
      vertex 5.4557 47.4635 10
      vertex 7.29096 46.9718 10
      vertex 5.5 47.8 10
    endloop
  endfacet
  facet normal 0 0 1
    outer loop
      vertex 6.97128 49.4 10
      vertex 6 49.9658 10
      vertex 5.32583 48.45 10
    endloop
  endfacet
  facet normal 0 0 1
    outer loop
      vertex 7.29096 46.9718 10
      vertex 5.4557 47.4635 10
      vertex 6.97128 46.2 10
    endloop
  endfacet
  facet normal -0 0 1
    outer loop
      vertex 5.32583 47.15 10
      vertex 6.97128 46.2 10
      vertex 5.4557 47.4635 10
    endloop
  endfacet
  facet normal 0 0 1
    outer loop
      vertex 7.29096 48.6282 10
      vertex 5.4557 48.1365 10
      vertex 5.5 47.8 10
    endloop
  endfacet
  facet normal 0 0 1
    outer loop
      vertex 6.97128 49.4 10
      vertex 5.32583 48.45 10
      vertex 5.4557 48.1365 10
    endloop
  endfacet
  facet normal 0 0 1
    outer loop
      vertex 6 49.9658 10
      vertex 5.11924 48.7192 10
      vertex 5.32583 48.45 10
    endloop
  endfacet
  facet normal -0 0 1
    outer loop
      vertex 4.97358 49.8307 10
      vertex 5.11924 48.7192 10
      vertex 6 49.9658 10
    endloop
  endfacet
  facet normal 0 0 1
    outer loop
      vertex 4.97358 49.8307 10
      vertex 4.85 48.9258 10
      vertex 5.11924 48.7192 10
    endloop
  endfacet
  facet normal 0 0 1
    outer loop
      vertex 4.97358 49.8307 10
      vertex 4.53646 49.0557 10
      vertex 4.85 48.9258 10
    endloop
  endfacet
  facet normal -0 0 1
    outer loop
      vertex 4.01711 49.4345 10
      vertex 4.53646 49.0557 10
      vertex 4.97358 49.8307 10
    endloop
  endfacet
  facet normal 0 0 1
    outer loop
      vertex 4.53646 49.0557 10
      vertex 4.01711 49.4345 10
      vertex 4.2 49.1 10
    endloop
  endfacet
  facet normal 0 0 1
    outer loop
      vertex 4.01711 49.4345 10
      vertex 3.86353 49.0557 10
      vertex 4.2 49.1 10
    endloop
  endfacet
  facet normal 0 0 1
    outer loop
      vertex 4.01711 49.4345 10
      vertex 3.55 48.9258 10
      vertex 3.86353 49.0557 10
    endloop
  endfacet
  facet normal 0 0 1
    outer loop
      vertex 3.19577 48.8042 10
      vertex 3.55 48.9258 10
      vertex 4.01711 49.4345 10
    endloop
  endfacet
  facet normal 0 0 1
    outer loop
      vertex 3.55 48.9258 10
      vertex 3.19577 48.8042 10
      vertex 3.28076 48.7192 10
    endloop
  endfacet
  facet normal 0 0 1
    outer loop
      vertex 3.19577 48.8042 10
      vertex 3.07417 48.45 10
      vertex 3.28076 48.7192 10
    endloop
  endfacet
  facet normal 0 0 1
    outer loop
      vertex 2.56553 47.9829 10
      vertex 3.07417 48.45 10
      vertex 3.19577 48.8042 10
    endloop
  endfacet
  facet normal 0 0 1
    outer loop
      vertex 3.07417 48.45 10
      vertex 2.56553 47.9829 10
      vertex 2.9443 48.1365 10
    endloop
  endfacet
  facet normal -0 0 1
    outer loop
      vertex 2.56553 47.9829 10
      vertex 2.9 47.8 10
      vertex 2.9443 48.1365 10
    endloop
  endfacet
  facet normal 0 0 1
    outer loop
      vertex 2.16935 47.0264 10
      vertex 2.9443 47.4635 10
      vertex 2.56553 47.9829 10
    endloop
  endfacet
  facet normal 0 0 1
    outer loop
      vertex 2.03422 46 10
      vertex 2.9443 47.4635 10
      vertex 2.16935 47.0264 10
    endloop
  endfacet
  facet normal 0 0 1
    outer loop
      vertex 2.9443 47.4635 10
      vertex 2.03422 46 10
      vertex 2.6 45.0287 10
    endloop
  endfacet
  facet normal 0 0 1
    outer loop
      vertex 2.6 45.0287 10
      vertex 2.03422 46 10
      vertex 2.03422 45.4629 10
    endloop
  endfacet
  facet normal 0 0 1
    outer loop
      vertex 6.97128 46.2 10
      vertex 5.32583 47.15 10
      vertex 6.46274 45.5373 10
    endloop
  endfacet
  facet normal -0 0 1
    outer loop
      vertex 5.11924 46.8808 10
      vertex 6.46274 45.5373 10
      vertex 5.32583 47.15 10
    endloop
  endfacet
  facet normal 0 0 1
    outer loop
      vertex 6.46274 45.5373 10
      vertex 5.11924 46.8808 10
      vertex 5.8 45.0287 10
    endloop
  endfacet
  facet normal -0 0 1
    outer loop
      vertex 4.85 46.6742 10
      vertex 5.8 45.0287 10
      vertex 5.11924 46.8808 10
    endloop
  endfacet
  facet normal 0 0 1
    outer loop
      vertex 5.8 45.0287 10
      vertex 4.85 46.6742 10
      vertex 5.02822 44.709 10
    endloop
  endfacet
  facet normal -0 0 1
    outer loop
      vertex 4.53646 46.5443 10
      vertex 5.02822 44.709 10
      vertex 4.85 46.6742 10
    endloop
  endfacet
  facet normal -0 0 1
    outer loop
      vertex 4.2 46.5 10
      vertex 5.02822 44.709 10
      vertex 4.53646 46.5443 10
    endloop
  endfacet
  facet normal 0 0 1
    outer loop
      vertex 4.2 46.5 10
      vertex 4.2 44.6 10
      vertex 5.02822 44.709 10
    endloop
  endfacet
  facet normal 0 0 1
    outer loop
      vertex 3.86353 46.5443 10
      vertex 4.2 44.6 10
      vertex 4.2 46.5 10
    endloop
  endfacet
  facet normal 0 0 1
    outer loop
      vertex 3.37178 44.709 10
      vertex 3.86353 46.5443 10
      vertex 3.55 46.6742 10
    endloop
  endfacet
  facet normal 0 0 1
    outer loop
      vertex 3.86353 46.5443 10
      vertex 3.37178 44.709 10
      vertex 4.2 44.6 10
    endloop
  endfacet
  facet normal 0 0 1
    outer loop
      vertex 2.6 45.0287 10
      vertex 3.55 46.6742 10
      vertex 3.28076 46.8808 10
    endloop
  endfacet
  facet normal 0 0 1
    outer loop
      vertex 2.6 45.0287 10
      vertex 3.28076 46.8808 10
      vertex 3.07417 47.15 10
    endloop
  endfacet
  facet normal 0 0 1
    outer loop
      vertex 2.6 45.0287 10
      vertex 3.07417 47.15 10
      vertex 2.9443 47.4635 10
    endloop
  endfacet
  facet normal 0 0 1
    outer loop
      vertex 3.55 46.6742 10
      vertex 2.6 45.0287 10
      vertex 3.37178 44.709 10
    endloop
  endfacet
  facet normal 0 0 1
    outer loop
      vertex 2.56553 47.9829 10
      vertex 2.9443 47.4635 10
      vertex 2.9 47.8 10
    endloop
  endfacet
  facet normal 0.130521 0.991446 0
    outer loop
      vertex 4.6269 50.9438 3
      vertex 4.2 51 3
      vertex 4.2 51 3.37612
    endloop
  endfacet
  facet normal -0.130482 0.991451 0
    outer loop
      vertex 3.37178 50.891 3
      vertex 4.2 51 3.37612
      vertex 4.2 51 3
    endloop
  endfacet
  facet normal -0.130396 0.991462 0
    outer loop
      vertex 3.48127 50.9054 3.7039
      vertex 3.37178 50.891 3
      vertex 3.37178 50.891 3.8115
    endloop
  endfacet
  facet normal -0.130489 0.99145 1.47161e-05
    outer loop
      vertex 4.2 51 3.37612
      vertex 3.37178 50.891 3
      vertex 3.48127 50.9054 3.7039
    endloop
  endfacet
  facet normal -0.793343 0.608776 0
    outer loop
      vertex 1.93726 50.0627 3
      vertex 1.46549 49.4479 4.45892
      vertex 1.93726 50.0627 4.45892
    endloop
  endfacet
  facet normal -0.793335 0.608786 6.90333e-06
    outer loop
      vertex 1.42872 49.4 3
      vertex 1.46549 49.4479 4.45892
      vertex 1.93726 50.0627 3
    endloop
  endfacet
  facet normal -0.793233 0.608918 0
    outer loop
      vertex 1.46549 49.4479 4.45892
      vertex 1.42872 49.4 3
      vertex 1.42872 49.4 4.45892
    endloop
  endfacet
  facet normal -0.608816 -0.793312 0
    outer loop
      vertex 2.03422 45.4629 5.47789
      vertex 2.6 45.0287 10
      vertex 2.03422 45.4629 10
    endloop
  endfacet
  facet normal -0.608851 -0.793285 -2.04613e-05
    outer loop
      vertex 2.6 45.0287 3.95741
      vertex 2.03422 45.4629 5.47789
      vertex 2.30448 45.2555 4.46927
    endloop
  endfacet
  facet normal -0.608816 -0.793312 0
    outer loop
      vertex 2.03422 45.4629 5.47789
      vertex 2.6 45.0287 3.95741
      vertex 2.6 45.0287 10
    endloop
  endfacet
  facet normal -0.991446 -0.130521 -0
    outer loop
      vertex 1 47.8 3.37612
      vertex 1 47.8 3
      vertex 1.0562 47.3731 3
    endloop
  endfacet
  facet normal 0.923884 -0.382673 0
    outer loop
      vertex 6.97128 46.2 10
      vertex 7.29096 46.9718 3
      vertex 7.29096 46.9718 10
    endloop
  endfacet
  facet normal 0.923884 -0.382673 0
    outer loop
      vertex 7.29096 46.9718 3
      vertex 6.97128 46.2 10
      vertex 6.97128 46.2 3
    endloop
  endfacet
  facet normal 0.991444 -0.130533 0
    outer loop
      vertex 7.29096 46.9718 10
      vertex 7.4 47.8 3
      vertex 7.4 47.8 10
    endloop
  endfacet
  facet normal 0.991444 -0.130533 0
    outer loop
      vertex 7.4 47.8 3
      vertex 7.29096 46.9718 10
      vertex 7.29096 46.9718 3
    endloop
  endfacet
  facet normal 0.608808 -0.793318 0
    outer loop
      vertex 5.8 45.0287 3
      vertex 6.46274 45.5373 10
      vertex 5.8 45.0287 10
    endloop
  endfacet
  facet normal 0.608808 -0.793318 0
    outer loop
      vertex 6.46274 45.5373 10
      vertex 5.8 45.0287 3
      vertex 6.46274 45.5373 3
    endloop
  endfacet
  facet normal -0.609071 0.793116 0
    outer loop
      vertex 2.6 50.5713 4.45892
      vertex 2.6 50.5713 3
      vertex 2.55208 50.5345 4.45892
    endloop
  endfacet
  facet normal -0.608808 0.793318 1.37186e-05
    outer loop
      vertex 1.93726 50.0627 3
      vertex 2.55208 50.5345 4.45892
      vertex 2.6 50.5713 3
    endloop
  endfacet
  facet normal -0.608787 0.793333 0
    outer loop
      vertex 2.55208 50.5345 4.45892
      vertex 1.93726 50.0627 3
      vertex 1.93726 50.0627 4.45892
    endloop
  endfacet
  facet normal -0.793361 0.608752 -3.14097e-06
    outer loop
      vertex 5.11924 46.8808 10
      vertex 5.32583 47.15 2.25181
      vertex 5.31386 47.1344 2.25044
    endloop
  endfacet
  facet normal -0.793314 0.608812 0
    outer loop
      vertex 5.11924 46.8808 10
      vertex 5.31386 47.1344 2.25044
      vertex 5.11924 46.8808 2.22808
    endloop
  endfacet
  facet normal -0.793317 0.608809 0
    outer loop
      vertex 5.32583 47.15 2.25181
      vertex 5.11924 46.8808 10
      vertex 5.32583 47.15 10
    endloop
  endfacet
  facet normal -0.925023 -0.379898 -0.00308282
    outer loop
      vertex 5.37593 48.329 2.81282
      vertex 5.32583 48.45 2.9348
      vertex 5.36689 48.3509 2.82659
    endloop
  endfacet
  facet normal -0.923652 -0.383231 0.00078711
    outer loop
      vertex 5.4557 48.1365 2.69557
      vertex 5.32583 48.45 2.9348
      vertex 5.37593 48.329 2.81282
    endloop
  endfacet
  facet normal -0.923865 -0.382719 0
    outer loop
      vertex 5.32583 48.45 2.9348
      vertex 5.4557 48.1365 2.69557
      vertex 5.4557 48.1365 10
    endloop
  endfacet
  facet normal -0.923865 -0.382719 0
    outer loop
      vertex 5.32583 48.45 2.9348
      vertex 5.4557 48.1365 10
      vertex 5.32583 48.45 10
    endloop
  endfacet
  facet normal -0.991446 -0.130514 4.12391e-07
    outer loop
      vertex 5.5 47.8 10
      vertex 5.4557 48.1365 2.69557
      vertex 5.48291 47.9298 2.57419
    endloop
  endfacet
  facet normal -0.991443 -0.130537 -0
    outer loop
      vertex 5.5 47.8 10
      vertex 5.48291 47.9298 2.57419
      vertex 5.5 47.8 2.50054
    endloop
  endfacet
  facet normal -0.991445 -0.130523 0
    outer loop
      vertex 5.4557 48.1365 2.69557
      vertex 5.5 47.8 10
      vertex 5.4557 48.1365 10
    endloop
  endfacet
  facet normal -0.991445 0.130522 -3.82578e-08
    outer loop
      vertex 5.4557 47.4635 10
      vertex 5.5 47.8 2.50054
      vertex 5.47109 47.5804 2.38885
    endloop
  endfacet
  facet normal -0.991445 0.130525 0
    outer loop
      vertex 5.4557 47.4635 10
      vertex 5.47109 47.5804 2.38885
      vertex 5.4557 47.4635 2.3294
    endloop
  endfacet
  facet normal -0.991445 0.130523 0
    outer loop
      vertex 5.5 47.8 2.50054
      vertex 5.4557 47.4635 10
      vertex 5.5 47.8 10
    endloop
  endfacet
  facet normal -0.382753 0.923851 0
    outer loop
      vertex 4.85 46.6742 10
      vertex 4.53646 46.5443 2.3294
      vertex 4.53646 46.5443 10
    endloop
  endfacet
  facet normal -0.382753 0.923851 0
    outer loop
      vertex 4.85 46.6742 2.25181
      vertex 4.53646 46.5443 2.3294
      vertex 4.85 46.6742 10
    endloop
  endfacet
  facet normal -0.381953 0.924175 0.00344655
    outer loop
      vertex 4.53646 46.5443 2.3294
      vertex 4.81311 46.6589 2.25882
      vertex 4.59237 46.5675 2.30448
    endloop
  endfacet
  facet normal -0.384254 0.9232 -0.00715766
    outer loop
      vertex 4.53646 46.5443 2.3294
      vertex 4.85 46.6742 2.25181
      vertex 4.81311 46.6589 2.25882
    endloop
  endfacet
  facet normal -0.391803 0.918237 -0.057713
    outer loop
      vertex 4.81311 46.6589 2.25882
      vertex 4.85 46.6742 2.25181
      vertex 4.8397 46.6699 2.25332
    endloop
  endfacet
  facet normal -0.382753 -0.923851 0
    outer loop
      vertex 4.53646 49.0557 3.97883
      vertex 4.85 48.9258 10
      vertex 4.53646 49.0557 10
    endloop
  endfacet
  facet normal -0.402458 -0.915271 -0.017491
    outer loop
      vertex 4.85 48.9258 3.56187
      vertex 4.53646 49.0557 3.97883
      vertex 4.846 48.9275 3.56495
    endloop
  endfacet
  facet normal -0.382753 -0.923851 0
    outer loop
      vertex 4.53646 49.0557 3.97883
      vertex 4.85 48.9258 3.56187
      vertex 4.85 48.9258 10
    endloop
  endfacet
  facet normal 0.793317 0.608809 0
    outer loop
      vertex 3.28076 46.8808 10
      vertex 3.07417 47.15 3.56187
      vertex 3.07417 47.15 10
    endloop
  endfacet
  facet normal 0.79341 0.608688 -8.01542e-06
    outer loop
      vertex 3.07417 47.15 3.56187
      vertex 3.28076 46.8808 10
      vertex 3.2319 46.9444 3.33554
    endloop
  endfacet
  facet normal 0.793004 0.609217 0
    outer loop
      vertex 3.2319 46.9444 3.33554
      vertex 3.28076 46.8808 10
      vertex 3.28076 46.8808 3.26543
    endloop
  endfacet
  facet normal 0.923865 -0.382719 0
    outer loop
      vertex 2.9443 48.1365 10
      vertex 3.07417 48.45 5.02932
      vertex 3.07417 48.45 10
    endloop
  endfacet
  facet normal 0.923853 -0.382748 -2.18686e-06
    outer loop
      vertex 3.07417 48.45 5.02932
      vertex 2.9443 48.1365 10
      vertex 3.02752 48.3374 4.91056
    endloop
  endfacet
  facet normal 0.923872 -0.382701 0
    outer loop
      vertex 3.02752 48.3374 4.91056
      vertex 2.9443 48.1365 10
      vertex 2.9443 48.1365 4.69869
    endloop
  endfacet
  facet normal 0.382763 0.923847 0
    outer loop
      vertex 3.86353 46.5443 10
      vertex 3.55 46.6742 2.9348
      vertex 3.55 46.6742 10
    endloop
  endfacet
  facet normal 0.382763 0.923847 -0
    outer loop
      vertex 3.86353 46.5443 2.69557
      vertex 3.55 46.6742 2.9348
      vertex 3.86353 46.5443 10
    endloop
  endfacet
  facet normal 0.378228 0.925698 -0.00514017
    outer loop
      vertex 3.55 46.6742 2.9348
      vertex 3.67096 46.6241 2.81282
      vertex 3.64912 46.6331 2.82659
    endloop
  endfacet
  facet normal 0.383076 0.923717 0.000481453
    outer loop
      vertex 3.55 46.6742 2.9348
      vertex 3.86353 46.5443 2.69557
      vertex 3.67096 46.6241 2.81282
    endloop
  endfacet
  facet normal 0.991445 -0.130523 0
    outer loop
      vertex 2.9 47.8 10
      vertex 2.9443 48.1365 4.69869
      vertex 2.9443 48.1365 10
    endloop
  endfacet
  facet normal 0.991445 -0.130523 0
    outer loop
      vertex 2.9 47.8 4.2793
      vertex 2.9443 48.1365 4.69869
      vertex 2.9 47.8 10
    endloop
  endfacet
  facet normal 0.991432 -0.130622 8.06375e-05
    outer loop
      vertex 2.9443 48.1365 4.69869
      vertex 2.9 47.8 4.2793
      vertex 2.92839 48.0156 4.46927
    endloop
  endfacet
  facet normal -0.60877 0.793346 0
    outer loop
      vertex 5.11924 46.8808 10
      vertex 4.85 46.6742 2.25181
      vertex 4.85 46.6742 10
    endloop
  endfacet
  facet normal -0.606266 0.795262 -0.000138118
    outer loop
      vertex 5.11924 46.8808 10
      vertex 4.86561 46.6861 2.25044
      vertex 4.85 46.6742 2.25181
    endloop
  endfacet
  facet normal -0.608925 0.793228 0
    outer loop
      vertex 4.86561 46.6861 2.25044
      vertex 5.11924 46.8808 10
      vertex 5.11924 46.8808 2.22808
    endloop
  endfacet
  facet normal 0.60877 -0.793346 0
    outer loop
      vertex 3.28076 48.7192 10
      vertex 3.55 48.9258 5.02932
      vertex 3.55 48.9258 10
    endloop
  endfacet
  facet normal 0.60877 -0.793346 0
    outer loop
      vertex 3.55 48.9258 5.02932
      vertex 3.28076 48.7192 10
      vertex 3.28076 48.7192 5.02932
    endloop
  endfacet
  facet normal 0.991445 0.130523 0
    outer loop
      vertex 2.9443 47.4635 10
      vertex 2.9 47.8 4.2793
      vertex 2.9 47.8 10
    endloop
  endfacet
  facet normal 0.991445 0.130523 -0
    outer loop
      vertex 2.9443 47.4635 3.97883
      vertex 2.9 47.8 4.2793
      vertex 2.9443 47.4635 10
    endloop
  endfacet
  facet normal 0.991102 0.133071 -0.00290448
    outer loop
      vertex 2.9 47.8 4.2793
      vertex 2.9443 47.4635 3.97883
      vertex 2.90145 47.7889 4.26553
    endloop
  endfacet
  facet normal -0.130538 -0.991443 0
    outer loop
      vertex 4.2 49.1 4.2793
      vertex 4.53646 49.0557 10
      vertex 4.2 49.1 10
    endloop
  endfacet
  facet normal -0.120451 -0.992653 0.0114738
    outer loop
      vertex 4.53646 49.0557 3.97883
      vertex 4.2 49.1 4.2793
      vertex 4.21105 49.0985 4.26553
    endloop
  endfacet
  facet normal -0.130538 -0.991443 0
    outer loop
      vertex 4.2 49.1 4.2793
      vertex 4.53646 49.0557 3.97883
      vertex 4.53646 49.0557 10
    endloop
  endfacet
  facet normal 0.130535 0.991444 0
    outer loop
      vertex 4.2 46.5 10
      vertex 3.86353 46.5443 2.69557
      vertex 3.86353 46.5443 10
    endloop
  endfacet
  facet normal 0.130487 0.99145 2.23619e-06
    outer loop
      vertex 4.2 46.5 10
      vertex 4.0702 46.5171 2.57419
      vertex 3.86353 46.5443 2.69557
    endloop
  endfacet
  facet normal 0.130613 0.991433 0
    outer loop
      vertex 4.0702 46.5171 2.57419
      vertex 4.2 46.5 10
      vertex 4.2 46.5 2.50054
    endloop
  endfacet
  facet normal 0.793317 -0.608809 0
    outer loop
      vertex 3.07417 48.45 10
      vertex 3.28076 48.7192 5.02932
      vertex 3.28076 48.7192 10
    endloop
  endfacet
  facet normal 0.793317 -0.608809 0
    outer loop
      vertex 3.28076 48.7192 5.02932
      vertex 3.07417 48.45 10
      vertex 3.07417 48.45 5.02932
    endloop
  endfacet
  facet normal 0.382763 -0.923847 0
    outer loop
      vertex 3.55 48.9258 5.02932
      vertex 3.86353 49.0557 10
      vertex 3.55 48.9258 10
    endloop
  endfacet
  facet normal 0.383025 -0.923738 -1.93603e-05
    outer loop
      vertex 3.66262 48.9725 4.91056
      vertex 3.86353 49.0557 10
      vertex 3.55 48.9258 5.02932
    endloop
  endfacet
  facet normal 0.382606 -0.923911 0
    outer loop
      vertex 3.86353 49.0557 10
      vertex 3.66262 48.9725 4.91056
      vertex 3.86353 49.0557 4.69869
    endloop
  endfacet
  facet normal -0.923793 0.382893 -0.000718047
    outer loop
      vertex 5.34111 47.1869 2.25882
      vertex 5.4557 47.4635 2.3294
      vertex 5.43255 47.4076 2.30448
    endloop
  endfacet
  facet normal -0.924095 0.382153 0.00267048
    outer loop
      vertex 5.32583 47.15 2.25181
      vertex 5.4557 47.4635 2.3294
      vertex 5.34111 47.1869 2.25882
    endloop
  endfacet
  facet normal -0.923198 0.384194 -0.010025
    outer loop
      vertex 5.32583 47.15 2.25181
      vertex 5.34111 47.1869 2.25882
      vertex 5.3301 47.1603 2.25332
    endloop
  endfacet
  facet normal -0.923865 0.382719 0
    outer loop
      vertex 5.4557 47.4635 2.3294
      vertex 5.32583 47.15 2.25181
      vertex 5.32583 47.15 10
    endloop
  endfacet
  facet normal -0.923865 0.382719 0
    outer loop
      vertex 5.4557 47.4635 2.3294
      vertex 5.32583 47.15 10
      vertex 5.4557 47.4635 10
    endloop
  endfacet
  facet normal 0.923865 0.382719 0
    outer loop
      vertex 3.07417 47.15 10
      vertex 2.9443 47.4635 3.97883
      vertex 2.9443 47.4635 10
    endloop
  endfacet
  facet normal 0.923865 0.382719 -0
    outer loop
      vertex 3.07417 47.15 3.56187
      vertex 2.9443 47.4635 3.97883
      vertex 3.07417 47.15 10
    endloop
  endfacet
  facet normal 0.923288 0.384106 -0.00122271
    outer loop
      vertex 2.9443 47.4635 3.97883
      vertex 3.07417 47.15 3.56187
      vertex 3.07251 47.154 3.56495
    endloop
  endfacet
  facet normal -0.60877 -0.793346 0
    outer loop
      vertex 4.85 48.9258 3.56187
      vertex 5.11924 48.7192 10
      vertex 4.85 48.9258 10
    endloop
  endfacet
  facet normal -0.608688 -0.79341 -5.47219e-06
    outer loop
      vertex 5.05556 48.7681 3.33554
      vertex 5.11924 48.7192 10
      vertex 4.85 48.9258 3.56187
    endloop
  endfacet
  facet normal -0.609048 -0.793133 -0
    outer loop
      vertex 5.11924 48.7192 10
      vertex 5.05556 48.7681 3.33554
      vertex 5.11924 48.7192 3.26543
    endloop
  endfacet
  facet normal 0.130535 -0.991444 0
    outer loop
      vertex 3.86353 49.0557 4.69869
      vertex 4.2 49.1 10
      vertex 3.86353 49.0557 10
    endloop
  endfacet
  facet normal 0.130728 -0.991418 0.000158033
    outer loop
      vertex 4.2 49.1 4.2793
      vertex 3.86353 49.0557 4.69869
      vertex 3.98439 49.0716 4.46927
    endloop
  endfacet
  facet normal 0.130535 -0.991444 0
    outer loop
      vertex 3.86353 49.0557 4.69869
      vertex 4.2 49.1 4.2793
      vertex 4.2 49.1 10
    endloop
  endfacet
  facet normal -0.793317 -0.608809 -0
    outer loop
      vertex 5.32583 48.45 10
      vertex 5.11924 48.7192 3.26543
      vertex 5.32583 48.45 2.9348
    endloop
  endfacet
  facet normal -0.793317 -0.608809 0
    outer loop
      vertex 5.11924 48.7192 3.26543
      vertex 5.32583 48.45 10
      vertex 5.11924 48.7192 10
    endloop
  endfacet
  facet normal 0.60877 0.793346 0
    outer loop
      vertex 3.55 46.6742 10
      vertex 3.28076 46.8808 3.26543
      vertex 3.28076 46.8808 10
    endloop
  endfacet
  facet normal 0.60877 0.793346 0
    outer loop
      vertex 3.28076 46.8808 3.26543
      vertex 3.55 46.6742 10
      vertex 3.55 46.6742 2.9348
    endloop
  endfacet
  facet normal -0.130538 0.991443 0
    outer loop
      vertex 4.53646 46.5443 10
      vertex 4.2 46.5 2.50054
      vertex 4.2 46.5 10
    endloop
  endfacet
  facet normal -0.130491 0.99145 -2.17796e-06
    outer loop
      vertex 4.53646 46.5443 10
      vertex 4.41958 46.5289 2.38885
      vertex 4.2 46.5 2.50054
    endloop
  endfacet
  facet normal -0.13063 0.991431 0
    outer loop
      vertex 4.41958 46.5289 2.38885
      vertex 4.53646 46.5443 10
      vertex 4.53646 46.5443 2.3294
    endloop
  endfacet
  facet normal 0.991446 0.130521 -0
    outer loop
      vertex 99 4.2 3
      vertex 98.9438 4.6269 3
      vertex 99 4.2 3.37612
    endloop
  endfacet
  facet normal 0.608749 0.793363 -0
    outer loop
      vertex 97.9658 6.53714 5.47789
      vertex 97.4 6.97128 10
      vertex 97.9658 6.53714 10
    endloop
  endfacet
  facet normal 0.608854 0.793282 -6.17869e-05
    outer loop
      vertex 97.4 6.97128 3.95741
      vertex 97.9658 6.53714 5.47789
      vertex 97.6955 6.74452 4.46927
    endloop
  endfacet
  facet normal 0.608749 0.793363 0
    outer loop
      vertex 97.9658 6.53714 5.47789
      vertex 97.4 6.97128 3.95741
      vertex 97.4 6.97128 10
    endloop
  endfacet
  facet normal 0.130533 -0.991444 0
    outer loop
      vertex 96.6282 1.10904 3
      vertex 95.8 1 3.37612
      vertex 95.8 1 3
    endloop
  endfacet
  facet normal 0.130562 -0.99144 0
    outer loop
      vertex 96.5187 1.09462 3.7039
      vertex 96.6282 1.10904 3
      vertex 96.6282 1.10904 3.8115
    endloop
  endfacet
  facet normal 0.13053 -0.991444 -5.05801e-06
    outer loop
      vertex 95.8 1 3.37612
      vertex 96.6282 1.10904 3
      vertex 96.5187 1.09462 3.7039
    endloop
  endfacet
  facet normal -0.130533 0.991444 0
    outer loop
      vertex 95.8 7.4 3
      vertex 94.9718 7.29096 10
      vertex 95.8 7.4 10
    endloop
  endfacet
  facet normal -0.130533 0.991444 0
    outer loop
      vertex 94.9718 7.29096 10
      vertex 95.8 7.4 3
      vertex 94.9718 7.29096 3
    endloop
  endfacet
  facet normal 0.382442 -0.923979 1.58691e-05
    outer loop
      vertex 96.684 1.13215 3.8115
      vertex 96.6282 1.10904 3
      vertex 96.7861 1.17441 3.8115
    endloop
  endfacet
  facet normal 0.382639 -0.923898 0
    outer loop
      vertex 96.6282 1.10904 3
      vertex 96.684 1.13215 3.8115
      vertex 96.6282 1.10904 3.8115
    endloop
  endfacet
  facet normal 0.382673 -0.923884 -3.67391e-05
    outer loop
      vertex 97.4 1.42872 3
      vertex 96.7861 1.17441 3.8115
      vertex 96.6282 1.10904 3
    endloop
  endfacet
  facet normal 0.382715 -0.923867 0
    outer loop
      vertex 96.7861 1.17441 3.8115
      vertex 97.4 1.42872 3
      vertex 97.4 1.42872 4.45892
    endloop
  endfacet
  facet normal 0.130533 0.991444 -0
    outer loop
      vertex 96.6282 7.29096 3.01976
      vertex 95.8 7.4 10
      vertex 96.6282 7.29096 10
    endloop
  endfacet
  facet normal 0.130525 0.991445 0.00032469
    outer loop
      vertex 95.8 7.4 3
      vertex 96.6282 7.29096 3.01976
      vertex 96.6085 7.29356 3
    endloop
  endfacet
  facet normal 0.130533 0.991444 0
    outer loop
      vertex 96.6282 7.29096 3.01976
      vertex 95.8 7.4 3
      vertex 95.8 7.4 10
    endloop
  endfacet
  facet normal -0.608786 0.793335 0
    outer loop
      vertex 94.2 6.97128 3
      vertex 93.5373 6.46274 10
      vertex 94.2 6.97128 10
    endloop
  endfacet
  facet normal -0.608786 0.793335 0
    outer loop
      vertex 93.5373 6.46274 10
      vertex 94.2 6.97128 3
      vertex 93.5373 6.46274 3
    endloop
  endfacet
  facet normal 0 0 1
    outer loop
      vertex 97.4345 4.01711 10
      vertex 97.0557 4.53646 10
      vertex 97.1 4.2 10
    endloop
  endfacet
  facet normal 0 0 1
    outer loop
      vertex 97.9658 6 10
      vertex 96.9258 4.85 10
      vertex 97.0557 4.53646 10
    endloop
  endfacet
  facet normal 0 0 1
    outer loop
      vertex 97.9658 6 10
      vertex 96.7192 5.11924 10
      vertex 96.9258 4.85 10
    endloop
  endfacet
  facet normal 0 0 1
    outer loop
      vertex 96.45 5.32583 10
      vertex 97.4 6.97128 10
      vertex 96.6282 7.29096 10
    endloop
  endfacet
  facet normal 0 0 1
    outer loop
      vertex 97.9658 6 10
      vertex 96.45 5.32583 10
      vertex 96.7192 5.11924 10
    endloop
  endfacet
  facet normal 0 0 1
    outer loop
      vertex 96.6282 7.29096 10
      vertex 96.1365 5.4557 10
      vertex 96.45 5.32583 10
    endloop
  endfacet
  facet normal 0 0 1
    outer loop
      vertex 95.8 7.4 10
      vertex 96.1365 5.4557 10
      vertex 96.6282 7.29096 10
    endloop
  endfacet
  facet normal 0 0 1
    outer loop
      vertex 95.8 7.4 10
      vertex 95.8 5.5 10
      vertex 96.1365 5.4557 10
    endloop
  endfacet
  facet normal 0 0 1
    outer loop
      vertex 95.8 7.4 10
      vertex 95.4635 5.4557 10
      vertex 95.8 5.5 10
    endloop
  endfacet
  facet normal -0 0 1
    outer loop
      vertex 94.9718 7.29096 10
      vertex 95.4635 5.4557 10
      vertex 95.8 7.4 10
    endloop
  endfacet
  facet normal 0 0 1
    outer loop
      vertex 95.4635 5.4557 10
      vertex 94.9718 7.29096 10
      vertex 95.15 5.32583 10
    endloop
  endfacet
  facet normal -0 0 1
    outer loop
      vertex 94.2 6.97128 10
      vertex 95.15 5.32583 10
      vertex 94.9718 7.29096 10
    endloop
  endfacet
  facet normal 0 0 1
    outer loop
      vertex 95.15 5.32583 10
      vertex 94.2 6.97128 10
      vertex 94.8808 5.11924 10
    endloop
  endfacet
  facet normal -0 0 1
    outer loop
      vertex 93.5373 6.46274 10
      vertex 94.8808 5.11924 10
      vertex 94.2 6.97128 10
    endloop
  endfacet
  facet normal -0 0 1
    outer loop
      vertex 93.0287 5.8 10
      vertex 94.6742 4.85 10
      vertex 93.5373 6.46274 10
    endloop
  endfacet
  facet normal 0 0 1
    outer loop
      vertex 94.8808 5.11924 10
      vertex 93.5373 6.46274 10
      vertex 94.6742 4.85 10
    endloop
  endfacet
  facet normal 0 0 1
    outer loop
      vertex 97.4 6.97128 10
      vertex 97.9658 6 10
      vertex 97.9658 6.53714 10
    endloop
  endfacet
  facet normal 0 0 1
    outer loop
      vertex 96.45 5.32583 10
      vertex 97.9658 6 10
      vertex 97.4 6.97128 10
    endloop
  endfacet
  facet normal 0 0 1
    outer loop
      vertex 97.9658 6 10
      vertex 97.0557 4.53646 10
      vertex 97.8307 4.97358 10
    endloop
  endfacet
  facet normal -0 0 1
    outer loop
      vertex 97.0557 4.53646 10
      vertex 97.4345 4.01711 10
      vertex 97.8307 4.97358 10
    endloop
  endfacet
  facet normal 0 0 1
    outer loop
      vertex 97.0557 3.86353 10
      vertex 97.4345 4.01711 10
      vertex 97.1 4.2 10
    endloop
  endfacet
  facet normal 0 0 1
    outer loop
      vertex 96.9258 3.55 10
      vertex 97.4345 4.01711 10
      vertex 97.0557 3.86353 10
    endloop
  endfacet
  facet normal -0 0 1
    outer loop
      vertex 96.9258 3.55 10
      vertex 96.8042 3.19577 10
      vertex 97.4345 4.01711 10
    endloop
  endfacet
  facet normal -0 0 1
    outer loop
      vertex 96.7192 3.28076 10
      vertex 96.8042 3.19577 10
      vertex 96.9258 3.55 10
    endloop
  endfacet
  facet normal 0 0 1
    outer loop
      vertex 96.45 3.07417 10
      vertex 96.8042 3.19577 10
      vertex 96.7192 3.28076 10
    endloop
  endfacet
  facet normal 0 0 1
    outer loop
      vertex 95.9829 2.56553 10
      vertex 96.45 3.07417 10
      vertex 96.1365 2.9443 10
    endloop
  endfacet
  facet normal -0 0 1
    outer loop
      vertex 96.45 3.07417 10
      vertex 95.9829 2.56553 10
      vertex 96.8042 3.19577 10
    endloop
  endfacet
  facet normal -0 0 1
    outer loop
      vertex 95.8 2.9 10
      vertex 95.9829 2.56553 10
      vertex 96.1365 2.9443 10
    endloop
  endfacet
  facet normal 0 0 1
    outer loop
      vertex 95.4635 2.9443 10
      vertex 95.9829 2.56553 10
      vertex 95.8 2.9 10
    endloop
  endfacet
  facet normal 0 0 1
    outer loop
      vertex 95.0264 2.16935 10
      vertex 95.4635 2.9443 10
      vertex 95.15 3.07417 10
    endloop
  endfacet
  facet normal 0 0 1
    outer loop
      vertex 95.4635 2.9443 10
      vertex 95.0264 2.16935 10
      vertex 95.9829 2.56553 10
    endloop
  endfacet
  facet normal 0 0 1
    outer loop
      vertex 94.8808 3.28076 10
      vertex 95.0264 2.16935 10
      vertex 95.15 3.07417 10
    endloop
  endfacet
  facet normal 0 0 1
    outer loop
      vertex 94 2.03422 10
      vertex 94.8808 3.28076 10
      vertex 94.6742 3.55 10
    endloop
  endfacet
  facet normal 0 0 1
    outer loop
      vertex 93.0287 2.6 10
      vertex 94.6742 3.55 10
      vertex 94.5443 3.86353 10
    endloop
  endfacet
  facet normal 0 0 1
    outer loop
      vertex 94.8808 3.28076 10
      vertex 94 2.03422 10
      vertex 95.0264 2.16935 10
    endloop
  endfacet
  facet normal 0 0 1
    outer loop
      vertex 92.709 3.37178 10
      vertex 94.5443 3.86353 10
      vertex 94.5 4.2 10
    endloop
  endfacet
  facet normal 0 0 1
    outer loop
      vertex 94.6742 4.85 10
      vertex 93.0287 5.8 10
      vertex 94.5443 4.53646 10
    endloop
  endfacet
  facet normal -0 0 1
    outer loop
      vertex 92.709 5.02822 10
      vertex 94.5443 4.53646 10
      vertex 93.0287 5.8 10
    endloop
  endfacet
  facet normal 0 0 1
    outer loop
      vertex 94.5443 4.53646 10
      vertex 92.709 5.02822 10
      vertex 94.5 4.2 10
    endloop
  endfacet
  facet normal 0 0 1
    outer loop
      vertex 92.6 4.2 10
      vertex 94.5 4.2 10
      vertex 92.709 5.02822 10
    endloop
  endfacet
  facet normal 0 -0 1
    outer loop
      vertex 92.709 3.37178 10
      vertex 94.5 4.2 10
      vertex 92.6 4.2 10
    endloop
  endfacet
  facet normal 0 0 1
    outer loop
      vertex 94.6742 3.55 10
      vertex 93.0287 2.6 10
      vertex 94 2.03422 10
    endloop
  endfacet
  facet normal 0 0 1
    outer loop
      vertex 94 2.03422 10
      vertex 93.0287 2.6 10
      vertex 93.4629 2.03422 10
    endloop
  endfacet
  facet normal 0 0 1
    outer loop
      vertex 94.5443 3.86353 10
      vertex 92.709 3.37178 10
      vertex 93.0287 2.6 10
    endloop
  endfacet
  facet normal 0.923956 -0.382498 0
    outer loop
      vertex 98.8679 3.31598 3.8115
      vertex 98.891 3.37178 3
      vertex 98.891 3.37178 3.8115
    endloop
  endfacet
  facet normal 0.923759 -0.382975 -3.84577e-05
    outer loop
      vertex 98.8256 3.21395 3.8115
      vertex 98.891 3.37178 3
      vertex 98.8679 3.31598 3.8115
    endloop
  endfacet
  facet normal 0.923883 -0.382675 0
    outer loop
      vertex 98.5713 2.6 3
      vertex 98.8256 3.21395 3.8115
      vertex 98.5713 2.6 4.45892
    endloop
  endfacet
  facet normal 0.923872 -0.382702 2.38395e-05
    outer loop
      vertex 98.8256 3.21395 3.8115
      vertex 98.5713 2.6 3
      vertex 98.891 3.37178 3
    endloop
  endfacet
  facet normal 0.99145 -0.130489 1.47161e-05
    outer loop
      vertex 98.891 3.37178 3
      vertex 99 4.2 3.37612
      vertex 98.9054 3.48127 3.7039
    endloop
  endfacet
  facet normal 0.991451 -0.130482 0
    outer loop
      vertex 99 4.2 3.37612
      vertex 98.891 3.37178 3
      vertex 99 4.2 3
    endloop
  endfacet
  facet normal 0.991462 -0.130396 0
    outer loop
      vertex 98.891 3.37178 3
      vertex 98.9054 3.48127 3.7039
      vertex 98.891 3.37178 3.8115
    endloop
  endfacet
  facet normal -0.991451 -0.130483 -2.9045e-05
    outer loop
      vertex 92.709 3.37178 3.01976
      vertex 92.6 4.2 3
      vertex 92.7064 3.39154 3
    endloop
  endfacet
  facet normal -0.991451 -0.130482 0
    outer loop
      vertex 92.6 4.2 3
      vertex 92.709 3.37178 3.01976
      vertex 92.6 4.2 10
    endloop
  endfacet
  facet normal -0.991451 -0.130482 0
    outer loop
      vertex 92.6 4.2 10
      vertex 92.709 3.37178 3.01976
      vertex 92.709 3.37178 10
    endloop
  endfacet
  facet normal 0.793116 -0.609071 0
    outer loop
      vertex 98.5345 2.55208 4.45892
      vertex 98.5713 2.6 3
      vertex 98.5713 2.6 4.45892
    endloop
  endfacet
  facet normal 0.793333 -0.608787 0
    outer loop
      vertex 98.0627 1.93726 3
      vertex 98.5345 2.55208 4.45892
      vertex 98.0627 1.93726 4.45892
    endloop
  endfacet
  facet normal 0.793318 -0.608808 1.37186e-05
    outer loop
      vertex 98.5345 2.55208 4.45892
      vertex 98.0627 1.93726 3
      vertex 98.5713 2.6 3
    endloop
  endfacet
  facet normal -0.923872 0.382702 0
    outer loop
      vertex 92.709 5.02822 3
      vertex 93.0287 5.8 10
      vertex 93.0287 5.8 3
    endloop
  endfacet
  facet normal -0.923872 0.382702 0
    outer loop
      vertex 93.0287 5.8 10
      vertex 92.709 5.02822 3
      vertex 92.709 5.02822 10
    endloop
  endfacet
  facet normal -0.382673 0.923884 0
    outer loop
      vertex 94.9718 7.29096 3
      vertex 94.2 6.97128 10
      vertex 94.9718 7.29096 10
    endloop
  endfacet
  facet normal -0.382673 0.923884 0
    outer loop
      vertex 94.2 6.97128 10
      vertex 94.9718 7.29096 3
      vertex 94.2 6.97128 3
    endloop
  endfacet
  facet normal -0.130521 -0.991446 -0
    outer loop
      vertex 95.8 1 3.37612
      vertex 95.3731 1.0562 3
      vertex 95.8 1 3
    endloop
  endfacet
  facet normal -0.793318 0.608808 0
    outer loop
      vertex 93.0287 5.8 3
      vertex 93.5373 6.46274 10
      vertex 93.5373 6.46274 3
    endloop
  endfacet
  facet normal -0.793318 0.608808 0
    outer loop
      vertex 93.5373 6.46274 10
      vertex 93.0287 5.8 3
      vertex 93.0287 5.8 10
    endloop
  endfacet
  facet normal 0.608918 -0.793233 0
    outer loop
      vertex 97.4 1.42872 4.45892
      vertex 97.4 1.42872 3
      vertex 97.4479 1.46549 4.45892
    endloop
  endfacet
  facet normal 0.608786 -0.793335 6.90333e-06
    outer loop
      vertex 98.0627 1.93726 3
      vertex 97.4479 1.46549 4.45892
      vertex 97.4 1.42872 3
    endloop
  endfacet
  facet normal 0.608776 -0.793343 0
    outer loop
      vertex 97.4479 1.46549 4.45892
      vertex 98.0627 1.93726 3
      vertex 98.0627 1.93726 4.45892
    endloop
  endfacet
  facet normal 0.382673 0.923884 -0
    outer loop
      vertex 97.4 6.97128 3.95741
      vertex 96.6282 7.29096 10
      vertex 97.4 6.97128 10
    endloop
  endfacet
  facet normal 0.382656 0.923891 1.69598e-05
    outer loop
      vertex 96.6282 7.29096 3.01976
      vertex 97.4 6.97128 3.95741
      vertex 97.1734 7.06514 3.56495
    endloop
  endfacet
  facet normal 0.382673 0.923884 0
    outer loop
      vertex 97.4 6.97128 3.95741
      vertex 96.6282 7.29096 3.01976
      vertex 96.6282 7.29096 10
    endloop
  endfacet
  facet normal -0.923662 -0.383209 -0.000488833
    outer loop
      vertex 93.0287 2.6 3.95741
      vertex 92.709 3.37178 3.01976
      vertex 92.9349 2.82659 3.56495
    endloop
  endfacet
  facet normal -0.923872 -0.382702 0
    outer loop
      vertex 92.709 3.37178 3.01976
      vertex 93.0287 2.6 3.95741
      vertex 92.709 3.37178 10
    endloop
  endfacet
  facet normal -0.923872 -0.382702 0
    outer loop
      vertex 92.709 3.37178 10
      vertex 93.0287 2.6 3.95741
      vertex 93.0287 2.6 10
    endloop
  endfacet
  facet normal -0.793285 -0.608851 -2.04613e-05
    outer loop
      vertex 93.4629 2.03422 5.47789
      vertex 93.0287 2.6 3.95741
      vertex 93.2555 2.30448 4.46927
    endloop
  endfacet
  facet normal -0.793312 -0.608816 0
    outer loop
      vertex 93.0287 2.6 3.95741
      vertex 93.4629 2.03422 5.47789
      vertex 93.0287 2.6 10
    endloop
  endfacet
  facet normal -0.793312 -0.608816 0
    outer loop
      vertex 93.0287 2.6 10
      vertex 93.4629 2.03422 5.47789
      vertex 93.4629 2.03422 10
    endloop
  endfacet
  facet normal -0.991451 0.130482 0
    outer loop
      vertex 92.6 4.2 3
      vertex 92.709 5.02822 10
      vertex 92.709 5.02822 3
    endloop
  endfacet
  facet normal -0.991451 0.130482 0
    outer loop
      vertex 92.709 5.02822 10
      vertex 92.6 4.2 3
      vertex 92.6 4.2 10
    endloop
  endfacet
  facet normal -0.915271 -0.402458 -0.017491
    outer loop
      vertex 97.0557 4.53646 3.97883
      vertex 96.9258 4.85 3.56187
      vertex 96.9275 4.846 3.56495
    endloop
  endfacet
  facet normal -0.923851 -0.382753 0
    outer loop
      vertex 96.9258 4.85 3.56187
      vertex 97.0557 4.53646 3.97883
      vertex 96.9258 4.85 10
    endloop
  endfacet
  facet normal -0.923851 -0.382753 0
    outer loop
      vertex 96.9258 4.85 10
      vertex 97.0557 4.53646 3.97883
      vertex 97.0557 4.53646 10
    endloop
  endfacet
  facet normal -0.992653 -0.120451 0.0114738
    outer loop
      vertex 97.1 4.2 4.2793
      vertex 97.0557 4.53646 3.97883
      vertex 97.0985 4.21105 4.26553
    endloop
  endfacet
  facet normal -0.991443 -0.130538 0
    outer loop
      vertex 97.0557 4.53646 3.97883
      vertex 97.1 4.2 4.2793
      vertex 97.0557 4.53646 10
    endloop
  endfacet
  facet normal -0.991443 -0.130538 0
    outer loop
      vertex 97.0557 4.53646 10
      vertex 97.1 4.2 4.2793
      vertex 97.1 4.2 10
    endloop
  endfacet
  facet normal -0.991418 0.130728 0.000158033
    outer loop
      vertex 97.0557 3.86353 4.69869
      vertex 97.1 4.2 4.2793
      vertex 97.0716 3.98439 4.46927
    endloop
  endfacet
  facet normal -0.991444 0.130535 0
    outer loop
      vertex 97.1 4.2 4.2793
      vertex 97.0557 3.86353 4.69869
      vertex 97.1 4.2 10
    endloop
  endfacet
  facet normal -0.991444 0.130535 0
    outer loop
      vertex 97.1 4.2 10
      vertex 97.0557 3.86353 4.69869
      vertex 97.0557 3.86353 10
    endloop
  endfacet
  facet normal 0.923851 -0.382753 0
    outer loop
      vertex 94.5443 4.53646 2.3294
      vertex 94.6742 4.85 2.25181
      vertex 94.6742 4.85 10
    endloop
  endfacet
  facet normal 0.918237 -0.391803 -0.057713
    outer loop
      vertex 94.6742 4.85 2.25181
      vertex 94.6589 4.81311 2.25882
      vertex 94.6699 4.8397 2.25332
    endloop
  endfacet
  facet normal 0.9232 -0.384254 -0.00715766
    outer loop
      vertex 94.6742 4.85 2.25181
      vertex 94.5443 4.53646 2.3294
      vertex 94.6589 4.81311 2.25882
    endloop
  endfacet
  facet normal 0.923851 -0.382753 0
    outer loop
      vertex 94.5443 4.53646 2.3294
      vertex 94.6742 4.85 10
      vertex 94.5443 4.53646 10
    endloop
  endfacet
  facet normal 0.924175 -0.381953 0.00344655
    outer loop
      vertex 94.6589 4.81311 2.25882
      vertex 94.5443 4.53646 2.3294
      vertex 94.5675 4.59237 2.30448
    endloop
  endfacet
  facet normal -0.382719 0.923865 0
    outer loop
      vertex 96.45 3.07417 5.02932
      vertex 96.1365 2.9443 10
      vertex 96.45 3.07417 10
    endloop
  endfacet
  facet normal -0.382748 0.923853 -2.18686e-06
    outer loop
      vertex 96.3374 3.02752 4.91056
      vertex 96.1365 2.9443 10
      vertex 96.45 3.07417 5.02932
    endloop
  endfacet
  facet normal -0.382701 0.923872 0
    outer loop
      vertex 96.1365 2.9443 10
      vertex 96.3374 3.02752 4.91056
      vertex 96.1365 2.9443 4.69869
    endloop
  endfacet
  facet normal 0.608809 -0.793317 0
    outer loop
      vertex 94.8808 5.11924 10
      vertex 95.15 5.32583 2.25181
      vertex 95.15 5.32583 10
    endloop
  endfacet
  facet normal 0.608752 -0.793361 -3.14097e-06
    outer loop
      vertex 94.8808 5.11924 10
      vertex 95.1344 5.31386 2.25044
      vertex 95.15 5.32583 2.25181
    endloop
  endfacet
  facet normal 0.608812 -0.793314 0
    outer loop
      vertex 95.1344 5.31386 2.25044
      vertex 94.8808 5.11924 10
      vertex 94.8808 5.11924 2.22808
    endloop
  endfacet
  facet normal 0.991431 -0.13063 0
    outer loop
      vertex 94.5443 4.53646 10
      vertex 94.5289 4.41958 2.38885
      vertex 94.5443 4.53646 2.3294
    endloop
  endfacet
  facet normal 0.991443 -0.130538 0
    outer loop
      vertex 94.5 4.2 2.50054
      vertex 94.5443 4.53646 10
      vertex 94.5 4.2 10
    endloop
  endfacet
  facet normal 0.99145 -0.130491 -2.17796e-06
    outer loop
      vertex 94.5443 4.53646 10
      vertex 94.5 4.2 2.50054
      vertex 94.5289 4.41958 2.38885
    endloop
  endfacet
  facet normal 0.793228 -0.608925 0
    outer loop
      vertex 94.8808 5.11924 10
      vertex 94.6861 4.86561 2.25044
      vertex 94.8808 5.11924 2.22808
    endloop
  endfacet
  facet normal 0.793346 -0.60877 0
    outer loop
      vertex 94.6742 4.85 2.25181
      vertex 94.8808 5.11924 10
      vertex 94.6742 4.85 10
    endloop
  endfacet
  facet normal 0.795262 -0.606266 -0.000138118
    outer loop
      vertex 94.8808 5.11924 10
      vertex 94.6742 4.85 2.25181
      vertex 94.6861 4.86561 2.25044
    endloop
  endfacet
  facet normal -0.382719 -0.923865 0
    outer loop
      vertex 96.1365 5.4557 10
      vertex 96.45 5.32583 2.9348
      vertex 96.45 5.32583 10
    endloop
  endfacet
  facet normal -0.382719 -0.923865 0
    outer loop
      vertex 96.1365 5.4557 2.69557
      vertex 96.45 5.32583 2.9348
      vertex 96.1365 5.4557 10
    endloop
  endfacet
  facet normal -0.379898 -0.925023 -0.00308282
    outer loop
      vertex 96.45 5.32583 2.9348
      vertex 96.329 5.37593 2.81282
      vertex 96.3509 5.36689 2.82659
    endloop
  endfacet
  facet normal -0.383231 -0.923652 0.00078711
    outer loop
      vertex 96.45 5.32583 2.9348
      vertex 96.1365 5.4557 2.69557
      vertex 96.329 5.37593 2.81282
    endloop
  endfacet
  facet normal 0.793346 0.60877 -0
    outer loop
      vertex 94.8808 3.28076 3.26543
      vertex 94.6742 3.55 10
      vertex 94.8808 3.28076 10
    endloop
  endfacet
  facet normal 0.793346 0.60877 0
    outer loop
      vertex 94.6742 3.55 10
      vertex 94.8808 3.28076 3.26543
      vertex 94.6742 3.55 2.9348
    endloop
  endfacet
  facet normal 0.991433 0.130613 0
    outer loop
      vertex 94.5 4.2 10
      vertex 94.5171 4.0702 2.57419
      vertex 94.5 4.2 2.50054
    endloop
  endfacet
  facet normal 0.991444 0.130535 -0
    outer loop
      vertex 94.5443 3.86353 2.69557
      vertex 94.5 4.2 10
      vertex 94.5443 3.86353 10
    endloop
  endfacet
  facet normal 0.99145 0.130487 2.23619e-06
    outer loop
      vertex 94.5 4.2 10
      vertex 94.5443 3.86353 2.69557
      vertex 94.5171 4.0702 2.57419
    endloop
  endfacet
  facet normal 0.923847 0.382763 0
    outer loop
      vertex 94.6742 3.55 2.9348
      vertex 94.5443 3.86353 2.69557
      vertex 94.5443 3.86353 10
    endloop
  endfacet
  facet normal 0.923717 0.383076 0.000481453
    outer loop
      vertex 94.5443 3.86353 2.69557
      vertex 94.6742 3.55 2.9348
      vertex 94.6241 3.67096 2.81282
    endloop
  endfacet
  facet normal 0.923847 0.382763 -0
    outer loop
      vertex 94.6742 3.55 2.9348
      vertex 94.5443 3.86353 10
      vertex 94.6742 3.55 10
    endloop
  endfacet
  facet normal 0.925698 0.378228 -0.00514017
    outer loop
      vertex 94.6241 3.67096 2.81282
      vertex 94.6742 3.55 2.9348
      vertex 94.6331 3.64912 2.82659
    endloop
  endfacet
  facet normal -0.130523 -0.991445 0
    outer loop
      vertex 95.8 5.5 10
      vertex 96.1365 5.4557 2.69557
      vertex 96.1365 5.4557 10
    endloop
  endfacet
  facet normal -0.130514 -0.991446 4.12391e-07
    outer loop
      vertex 95.8 5.5 10
      vertex 95.9298 5.48291 2.57419
      vertex 96.1365 5.4557 2.69557
    endloop
  endfacet
  facet normal -0.130537 -0.991443 0
    outer loop
      vertex 95.9298 5.48291 2.57419
      vertex 95.8 5.5 10
      vertex 95.8 5.5 2.50054
    endloop
  endfacet
  facet normal -0.923911 0.382606 0
    outer loop
      vertex 96.9725 3.66262 4.91056
      vertex 97.0557 3.86353 10
      vertex 97.0557 3.86353 4.69869
    endloop
  endfacet
  facet normal -0.923738 0.383025 -1.93603e-05
    outer loop
      vertex 96.9258 3.55 5.02932
      vertex 97.0557 3.86353 10
      vertex 96.9725 3.66262 4.91056
    endloop
  endfacet
  facet normal -0.923847 0.382763 0
    outer loop
      vertex 97.0557 3.86353 10
      vertex 96.9258 3.55 5.02932
      vertex 96.9258 3.55 10
    endloop
  endfacet
  facet normal 0.382719 -0.923865 0
    outer loop
      vertex 95.15 5.32583 10
      vertex 95.4635 5.4557 2.3294
      vertex 95.4635 5.4557 10
    endloop
  endfacet
  facet normal 0.382719 -0.923865 0
    outer loop
      vertex 95.15 5.32583 2.25181
      vertex 95.4635 5.4557 2.3294
      vertex 95.15 5.32583 10
    endloop
  endfacet
  facet normal 0.382893 -0.923793 -0.000718047
    outer loop
      vertex 95.4635 5.4557 2.3294
      vertex 95.1869 5.34111 2.25882
      vertex 95.4076 5.43255 2.30448
    endloop
  endfacet
  facet normal 0.382153 -0.924095 0.00267048
    outer loop
      vertex 95.4635 5.4557 2.3294
      vertex 95.15 5.32583 2.25181
      vertex 95.1869 5.34111 2.25882
    endloop
  endfacet
  facet normal 0.384194 -0.923198 -0.010025
    outer loop
      vertex 95.1869 5.34111 2.25882
      vertex 95.15 5.32583 2.25181
      vertex 95.1603 5.3301 2.25332
    endloop
  endfacet
  facet normal 0.608809 0.793317 -0
    outer loop
      vertex 95.15 3.07417 3.56187
      vertex 94.8808 3.28076 10
      vertex 95.15 3.07417 10
    endloop
  endfacet
  facet normal 0.608688 0.79341 -8.01542e-06
    outer loop
      vertex 94.9444 3.2319 3.33554
      vertex 94.8808 3.28076 10
      vertex 95.15 3.07417 3.56187
    endloop
  endfacet
  facet normal 0.609217 0.793004 0
    outer loop
      vertex 94.8808 3.28076 10
      vertex 94.9444 3.2319 3.33554
      vertex 94.8808 3.28076 3.26543
    endloop
  endfacet
  facet normal 0.130523 0.991445 -0
    outer loop
      vertex 95.8 2.9 4.2793
      vertex 95.4635 2.9443 10
      vertex 95.8 2.9 10
    endloop
  endfacet
  facet normal 0.133071 0.991102 -0.00290448
    outer loop
      vertex 95.4635 2.9443 3.97883
      vertex 95.8 2.9 4.2793
      vertex 95.7889 2.90145 4.26553
    endloop
  endfacet
  facet normal 0.130523 0.991445 0
    outer loop
      vertex 95.8 2.9 4.2793
      vertex 95.4635 2.9443 3.97883
      vertex 95.4635 2.9443 10
    endloop
  endfacet
  facet normal 0.130523 -0.991445 0
    outer loop
      vertex 95.4635 5.4557 10
      vertex 95.8 5.5 2.50054
      vertex 95.8 5.5 10
    endloop
  endfacet
  facet normal 0.130522 -0.991445 -3.82578e-08
    outer loop
      vertex 95.4635 5.4557 10
      vertex 95.5804 5.47109 2.38885
      vertex 95.8 5.5 2.50054
    endloop
  endfacet
  facet normal 0.130525 -0.991445 0
    outer loop
      vertex 95.5804 5.47109 2.38885
      vertex 95.4635 5.4557 10
      vertex 95.4635 5.4557 2.3294
    endloop
  endfacet
  facet normal -0.793133 -0.609048 0
    outer loop
      vertex 96.7681 5.05556 3.33554
      vertex 96.7192 5.11924 10
      vertex 96.7192 5.11924 3.26543
    endloop
  endfacet
  facet normal -0.79341 -0.608688 -5.47219e-06
    outer loop
      vertex 96.9258 4.85 3.56187
      vertex 96.7192 5.11924 10
      vertex 96.7681 5.05556 3.33554
    endloop
  endfacet
  facet normal -0.793346 -0.60877 0
    outer loop
      vertex 96.7192 5.11924 10
      vertex 96.9258 4.85 3.56187
      vertex 96.9258 4.85 10
    endloop
  endfacet
  facet normal -0.608809 -0.793317 0
    outer loop
      vertex 96.45 5.32583 10
      vertex 96.7192 5.11924 3.26543
      vertex 96.7192 5.11924 10
    endloop
  endfacet
  facet normal -0.608809 -0.793317 0
    outer loop
      vertex 96.7192 5.11924 3.26543
      vertex 96.45 5.32583 10
      vertex 96.45 5.32583 2.9348
    endloop
  endfacet
  facet normal -0.608809 0.793317 0
    outer loop
      vertex 96.7192 3.28076 10
      vertex 96.45 3.07417 5.02932
      vertex 96.45 3.07417 10
    endloop
  endfacet
  facet normal -0.608809 0.793317 0
    outer loop
      vertex 96.45 3.07417 5.02932
      vertex 96.7192 3.28076 10
      vertex 96.7192 3.28076 5.02932
    endloop
  endfacet
  facet normal -0.130523 0.991445 0
    outer loop
      vertex 96.1365 2.9443 4.69869
      vertex 95.8 2.9 10
      vertex 96.1365 2.9443 10
    endloop
  endfacet
  facet normal -0.130622 0.991432 8.06375e-05
    outer loop
      vertex 95.8 2.9 4.2793
      vertex 96.1365 2.9443 4.69869
      vertex 96.0156 2.92839 4.46927
    endloop
  endfacet
  facet normal -0.130523 0.991445 0
    outer loop
      vertex 96.1365 2.9443 4.69869
      vertex 95.8 2.9 4.2793
      vertex 95.8 2.9 10
    endloop
  endfacet
  facet normal -0.793346 0.60877 0
    outer loop
      vertex 96.7192 3.28076 5.02932
      vertex 96.9258 3.55 10
      vertex 96.9258 3.55 5.02932
    endloop
  endfacet
  facet normal -0.793346 0.60877 0
    outer loop
      vertex 96.9258 3.55 10
      vertex 96.7192 3.28076 5.02932
      vertex 96.7192 3.28076 10
    endloop
  endfacet
  facet normal 0.382719 0.923865 -0
    outer loop
      vertex 95.4635 2.9443 3.97883
      vertex 95.15 3.07417 10
      vertex 95.4635 2.9443 10
    endloop
  endfacet
  facet normal 0.384106 0.923288 -0.00122271
    outer loop
      vertex 95.15 3.07417 3.56187
      vertex 95.4635 2.9443 3.97883
      vertex 95.154 3.07251 3.56495
    endloop
  endfacet
  facet normal 0.382719 0.923865 0
    outer loop
      vertex 95.4635 2.9443 3.97883
      vertex 95.15 3.07417 3.56187
      vertex 95.15 3.07417 10
    endloop
  endfacet
  facet normal 0.608802 -0.793322 0
    outer loop
      vertex 97.4 45.0287 10
      vertex 97.9658 45.4629 5.47789
      vertex 97.9658 45.4629 10
    endloop
  endfacet
  facet normal 0.608802 -0.793322 0
    outer loop
      vertex 97.4 45.0287 3.95741
      vertex 97.9658 45.4629 5.47789
      vertex 97.4 45.0287 10
    endloop
  endfacet
  facet normal 0.608948 -0.79321 -8.61302e-05
    outer loop
      vertex 97.9658 45.4629 5.47789
      vertex 97.4 45.0287 3.95741
      vertex 97.6955 45.2555 4.46927
    endloop
  endfacet
  facet normal 0.923872 0.382702 0
    outer loop
      vertex 98.8256 48.7861 3.8115
      vertex 98.5713 49.4 3
      vertex 98.5713 49.4 4.45892
    endloop
  endfacet
  facet normal 0.923851 0.382751 -2.04051e-05
    outer loop
      vertex 98.891 48.6282 3
      vertex 98.8256 48.7861 3.8115
      vertex 98.8679 48.684 3.8115
    endloop
  endfacet
  facet normal 0.923956 0.382498 -0
    outer loop
      vertex 98.891 48.6282 3
      vertex 98.8679 48.684 3.8115
      vertex 98.891 48.6282 3.8115
    endloop
  endfacet
  facet normal 0.923875 0.382694 -7.24272e-06
    outer loop
      vertex 98.8256 48.7861 3.8115
      vertex 98.891 48.6282 3
      vertex 98.5713 49.4 3
    endloop
  endfacet
  facet normal 0.991464 0.130384 0
    outer loop
      vertex 98.9054 48.5187 3.7039
      vertex 98.891 48.6282 3
      vertex 98.891 48.6282 3.8115
    endloop
  endfacet
  facet normal 0.991449 0.130493 1.72383e-05
    outer loop
      vertex 99 47.8 3.37612
      vertex 98.891 48.6282 3
      vertex 98.9054 48.5187 3.7039
    endloop
  endfacet
  facet normal 0.99145 0.130485 0
    outer loop
      vertex 98.891 48.6282 3
      vertex 99 47.8 3.37612
      vertex 99 47.8 3
    endloop
  endfacet
  facet normal 0.793324 0.6088 0
    outer loop
      vertex 98.5345 49.4479 4.45892
      vertex 98.0627 50.0627 3
      vertex 98.0627 50.0627 4.45892
    endloop
  endfacet
  facet normal 0.792993 0.609231 -0
    outer loop
      vertex 98.5713 49.4 3
      vertex 98.5345 49.4479 4.45892
      vertex 98.5713 49.4 4.45892
    endloop
  endfacet
  facet normal 0.7933 0.608831 2.08576e-05
    outer loop
      vertex 98.5345 49.4479 4.45892
      vertex 98.5713 49.4 3
      vertex 98.0627 50.0627 3
    endloop
  endfacet
  facet normal 0.991446 -0.130521 0
    outer loop
      vertex 99 47.8 3.37612
      vertex 98.9438 47.3731 3
      vertex 99 47.8 3
    endloop
  endfacet
  facet normal 0.382694 -0.923875 0
    outer loop
      vertex 96.6282 44.709 10
      vertex 97.4 45.0287 3.95741
      vertex 97.4 45.0287 10
    endloop
  endfacet
  facet normal 0.382694 -0.923875 0
    outer loop
      vertex 96.6282 44.709 3.01976
      vertex 97.4 45.0287 3.95741
      vertex 96.6282 44.709 10
    endloop
  endfacet
  facet normal 0.383214 -0.923659 -0.000502333
    outer loop
      vertex 97.4 45.0287 3.95741
      vertex 96.6282 44.709 3.01976
      vertex 97.1734 44.9349 3.56495
    endloop
  endfacet
  facet normal 0.130485 -0.99145 0
    outer loop
      vertex 95.8 44.6 10
      vertex 96.6282 44.709 3.01976
      vertex 96.6282 44.709 10
    endloop
  endfacet
  facet normal 0.130485 -0.99145 0
    outer loop
      vertex 95.8 44.6 3
      vertex 96.6282 44.709 3.01976
      vertex 95.8 44.6 10
    endloop
  endfacet
  facet normal 0.130477 -0.991451 0.000373595
    outer loop
      vertex 96.6282 44.709 3.01976
      vertex 95.8 44.6 3
      vertex 96.6085 44.7064 3
    endloop
  endfacet
  facet normal 0.6088 0.793324 -0
    outer loop
      vertex 98.0627 50.0627 3
      vertex 97.4479 50.5345 4.45892
      vertex 98.0627 50.0627 4.45892
    endloop
  endfacet
  facet normal 0.608831 0.7933 2.08576e-05
    outer loop
      vertex 97.4 50.5713 3
      vertex 97.4479 50.5345 4.45892
      vertex 98.0627 50.0627 3
    endloop
  endfacet
  facet normal 0.609231 0.792993 0
    outer loop
      vertex 97.4479 50.5345 4.45892
      vertex 97.4 50.5713 3
      vertex 97.4 50.5713 4.45892
    endloop
  endfacet
  facet normal -0.79321 0.608948 -8.61302e-05
    outer loop
      vertex 93.0287 49.4 3.95741
      vertex 93.4629 49.9658 5.47789
      vertex 93.2555 49.6955 4.46927
    endloop
  endfacet
  facet normal -0.793322 0.608802 0
    outer loop
      vertex 93.4629 49.9658 5.47789
      vertex 93.0287 49.4 3.95741
      vertex 93.0287 49.4 10
    endloop
  endfacet
  facet normal -0.793322 0.608802 0
    outer loop
      vertex 93.4629 49.9658 5.47789
      vertex 93.0287 49.4 10
      vertex 93.4629 49.9658 10
    endloop
  endfacet
  facet normal -0 0 1
    outer loop
      vertex 96.7192 46.8808 10
      vertex 97.9658 46 10
      vertex 97.8307 47.0264 10
    endloop
  endfacet
  facet normal -0 0 1
    outer loop
      vertex 97.0557 47.4635 10
      vertex 97.8307 47.0264 10
      vertex 97.4345 47.9829 10
    endloop
  endfacet
  facet normal -0 0 1
    outer loop
      vertex 96.9258 47.15 10
      vertex 97.8307 47.0264 10
      vertex 97.0557 47.4635 10
    endloop
  endfacet
  facet normal 0 0 1
    outer loop
      vertex 97.0557 47.4635 10
      vertex 97.4345 47.9829 10
      vertex 97.1 47.8 10
    endloop
  endfacet
  facet normal 0 0 1
    outer loop
      vertex 97.4345 47.9829 10
      vertex 97.0557 48.1365 10
      vertex 97.1 47.8 10
    endloop
  endfacet
  facet normal 0 0 1
    outer loop
      vertex 97.4345 47.9829 10
      vertex 96.9258 48.45 10
      vertex 97.0557 48.1365 10
    endloop
  endfacet
  facet normal 0 0 1
    outer loop
      vertex 96.8042 48.8042 10
      vertex 96.9258 48.45 10
      vertex 97.4345 47.9829 10
    endloop
  endfacet
  facet normal 0 0 1
    outer loop
      vertex 96.8042 48.8042 10
      vertex 96.7192 48.7192 10
      vertex 96.9258 48.45 10
    endloop
  endfacet
  facet normal 0 0 1
    outer loop
      vertex 96.8042 48.8042 10
      vertex 96.45 48.9258 10
      vertex 96.7192 48.7192 10
    endloop
  endfacet
  facet normal 0 0 1
    outer loop
      vertex 95.9829 49.4345 10
      vertex 96.45 48.9258 10
      vertex 96.8042 48.8042 10
    endloop
  endfacet
  facet normal 0 0 1
    outer loop
      vertex 96.45 48.9258 10
      vertex 95.9829 49.4345 10
      vertex 96.1365 49.0557 10
    endloop
  endfacet
  facet normal 0 0 1
    outer loop
      vertex 95.9829 49.4345 10
      vertex 95.8 49.1 10
      vertex 96.1365 49.0557 10
    endloop
  endfacet
  facet normal 0 0 1
    outer loop
      vertex 95.9829 49.4345 10
      vertex 95.4635 49.0557 10
      vertex 95.8 49.1 10
    endloop
  endfacet
  facet normal 0 0 1
    outer loop
      vertex 95.0264 49.8307 10
      vertex 95.4635 49.0557 10
      vertex 95.9829 49.4345 10
    endloop
  endfacet
  facet normal 0 0 1
    outer loop
      vertex 95.4635 49.0557 10
      vertex 95.0264 49.8307 10
      vertex 95.15 48.9258 10
    endloop
  endfacet
  facet normal 0 0 1
    outer loop
      vertex 95.0264 49.8307 10
      vertex 94.8808 48.7192 10
      vertex 95.15 48.9258 10
    endloop
  endfacet
  facet normal 0 0 1
    outer loop
      vertex 94 49.9658 10
      vertex 94.8808 48.7192 10
      vertex 95.0264 49.8307 10
    endloop
  endfacet
  facet normal 0 0 1
    outer loop
      vertex 94.8808 48.7192 10
      vertex 94 49.9658 10
      vertex 94.6742 48.45 10
    endloop
  endfacet
  facet normal -0 0 1
    outer loop
      vertex 93.0287 49.4 10
      vertex 94.6742 48.45 10
      vertex 94 49.9658 10
    endloop
  endfacet
  facet normal 0 0 1
    outer loop
      vertex 94.6742 48.45 10
      vertex 93.0287 49.4 10
      vertex 94.5443 48.1365 10
    endloop
  endfacet
  facet normal -0 0 1
    outer loop
      vertex 92.709 48.6282 10
      vertex 94.5443 48.1365 10
      vertex 93.0287 49.4 10
    endloop
  endfacet
  facet normal 0 0 1
    outer loop
      vertex 94.5 47.8 10
      vertex 93.5373 45.5373 10
      vertex 94.2 45.0287 10
    endloop
  endfacet
  facet normal 0 0 1
    outer loop
      vertex 93.0287 49.4 10
      vertex 94 49.9658 10
      vertex 93.4629 49.9658 10
    endloop
  endfacet
  facet normal 0 0 1
    outer loop
      vertex 94.5443 48.1365 10
      vertex 92.709 48.6282 10
      vertex 94.5 47.8 10
    endloop
  endfacet
  facet normal 0 0 1
    outer loop
      vertex 94.5 47.8 10
      vertex 93.0287 46.2 10
      vertex 93.5373 45.5373 10
    endloop
  endfacet
  facet normal 0 0 1
    outer loop
      vertex 94.5 47.8 10
      vertex 92.709 48.6282 10
      vertex 92.6 47.8 10
    endloop
  endfacet
  facet normal 0 0 1
    outer loop
      vertex 94.5 47.8 10
      vertex 92.709 46.9718 10
      vertex 93.0287 46.2 10
    endloop
  endfacet
  facet normal 0 0 1
    outer loop
      vertex 94.5 47.8 10
      vertex 92.6 47.8 10
      vertex 92.709 46.9718 10
    endloop
  endfacet
  facet normal 0 0 1
    outer loop
      vertex 96.7192 46.8808 10
      vertex 97.8307 47.0264 10
      vertex 96.9258 47.15 10
    endloop
  endfacet
  facet normal -0 0 1
    outer loop
      vertex 96.45 46.6742 10
      vertex 97.9658 46 10
      vertex 96.7192 46.8808 10
    endloop
  endfacet
  facet normal 0 -0 1
    outer loop
      vertex 97.4 45.0287 10
      vertex 97.9658 46 10
      vertex 96.45 46.6742 10
    endloop
  endfacet
  facet normal 0 0 1
    outer loop
      vertex 97.9658 46 10
      vertex 97.4 45.0287 10
      vertex 97.9658 45.4629 10
    endloop
  endfacet
  facet normal 0 0 1
    outer loop
      vertex 97.4 45.0287 10
      vertex 96.45 46.6742 10
      vertex 96.6282 44.709 10
    endloop
  endfacet
  facet normal -0 0 1
    outer loop
      vertex 96.1365 46.5443 10
      vertex 96.6282 44.709 10
      vertex 96.45 46.6742 10
    endloop
  endfacet
  facet normal -0 0 1
    outer loop
      vertex 95.8 46.5 10
      vertex 96.6282 44.709 10
      vertex 96.1365 46.5443 10
    endloop
  endfacet
  facet normal 0 0 1
    outer loop
      vertex 95.8 46.5 10
      vertex 95.8 44.6 10
      vertex 96.6282 44.709 10
    endloop
  endfacet
  facet normal 0 0 1
    outer loop
      vertex 95.4635 46.5443 10
      vertex 95.8 44.6 10
      vertex 95.8 46.5 10
    endloop
  endfacet
  facet normal 0 0 1
    outer loop
      vertex 94.9718 44.709 10
      vertex 95.4635 46.5443 10
      vertex 95.15 46.6742 10
    endloop
  endfacet
  facet normal 0 0 1
    outer loop
      vertex 95.4635 46.5443 10
      vertex 94.9718 44.709 10
      vertex 95.8 44.6 10
    endloop
  endfacet
  facet normal 0 0 1
    outer loop
      vertex 94.2 45.0287 10
      vertex 95.15 46.6742 10
      vertex 94.8808 46.8808 10
    endloop
  endfacet
  facet normal 0 0 1
    outer loop
      vertex 94.2 45.0287 10
      vertex 94.8808 46.8808 10
      vertex 94.6742 47.15 10
    endloop
  endfacet
  facet normal 0 0 1
    outer loop
      vertex 94.2 45.0287 10
      vertex 94.6742 47.15 10
      vertex 94.5443 47.4635 10
    endloop
  endfacet
  facet normal 0 0 1
    outer loop
      vertex 95.15 46.6742 10
      vertex 94.2 45.0287 10
      vertex 94.9718 44.709 10
    endloop
  endfacet
  facet normal 0 0 1
    outer loop
      vertex 94.2 45.0287 10
      vertex 94.5443 47.4635 10
      vertex 94.5 47.8 10
    endloop
  endfacet
  facet normal -0.130485 -0.99145 0
    outer loop
      vertex 94.9718 44.709 3
      vertex 95.8 44.6 10
      vertex 94.9718 44.709 10
    endloop
  endfacet
  facet normal -0.130485 -0.99145 -0
    outer loop
      vertex 95.8 44.6 10
      vertex 94.9718 44.709 3
      vertex 95.8 44.6 3
    endloop
  endfacet
  facet normal 0.130384 0.991464 -0
    outer loop
      vertex 96.6282 50.891 3
      vertex 96.5187 50.9054 3.7039
      vertex 96.6282 50.891 3.8115
    endloop
  endfacet
  facet normal 0.130493 0.991449 1.72383e-05
    outer loop
      vertex 96.6282 50.891 3
      vertex 95.8 51 3.37612
      vertex 96.5187 50.9054 3.7039
    endloop
  endfacet
  facet normal 0.130485 0.99145 0
    outer loop
      vertex 95.8 51 3.37612
      vertex 96.6282 50.891 3
      vertex 95.8 51 3
    endloop
  endfacet
  facet normal 0.382702 0.923872 0
    outer loop
      vertex 97.4 50.5713 4.45892
      vertex 97.4 50.5713 3
      vertex 96.7861 50.8256 3.8115
    endloop
  endfacet
  facet normal 0.382694 0.923875 -7.24272e-06
    outer loop
      vertex 96.6282 50.891 3
      vertex 96.7861 50.8256 3.8115
      vertex 97.4 50.5713 3
    endloop
  endfacet
  facet normal 0.382751 0.923851 -2.04051e-05
    outer loop
      vertex 96.7861 50.8256 3.8115
      vertex 96.6282 50.891 3
      vertex 96.684 50.8679 3.8115
    endloop
  endfacet
  facet normal 0.382498 0.923956 0
    outer loop
      vertex 96.684 50.8679 3.8115
      vertex 96.6282 50.891 3
      vertex 96.6282 50.891 3.8115
    endloop
  endfacet
  facet normal -0.608831 -0.7933 0
    outer loop
      vertex 93.5373 45.5373 3
      vertex 94.2 45.0287 10
      vertex 93.5373 45.5373 10
    endloop
  endfacet
  facet normal -0.608831 -0.7933 -0
    outer loop
      vertex 94.2 45.0287 10
      vertex 93.5373 45.5373 3
      vertex 94.2 45.0287 3
    endloop
  endfacet
  facet normal -0.130521 0.991446 0
    outer loop
      vertex 95.8 51 3
      vertex 95.3731 50.9438 3
      vertex 95.8 51 3.37612
    endloop
  endfacet
  facet normal -0.7933 -0.608831 0
    outer loop
      vertex 93.5373 45.5373 3
      vertex 93.0287 46.2 10
      vertex 93.0287 46.2 3
    endloop
  endfacet
  facet normal -0.7933 -0.608831 0
    outer loop
      vertex 93.0287 46.2 10
      vertex 93.5373 45.5373 3
      vertex 93.5373 45.5373 10
    endloop
  endfacet
  facet normal -0.991451 0.130477 0.000373595
    outer loop
      vertex 92.6 47.8 3
      vertex 92.709 48.6282 3.01976
      vertex 92.7064 48.6085 3
    endloop
  endfacet
  facet normal -0.99145 0.130485 0
    outer loop
      vertex 92.6 47.8 10
      vertex 92.709 48.6282 3.01976
      vertex 92.6 47.8 3
    endloop
  endfacet
  facet normal -0.99145 0.130485 0
    outer loop
      vertex 92.709 48.6282 3.01976
      vertex 92.6 47.8 10
      vertex 92.709 48.6282 10
    endloop
  endfacet
  facet normal -0.382694 -0.923875 0
    outer loop
      vertex 94.2 45.0287 3
      vertex 94.9718 44.709 10
      vertex 94.2 45.0287 10
    endloop
  endfacet
  facet normal -0.382694 -0.923875 -0
    outer loop
      vertex 94.9718 44.709 10
      vertex 94.2 45.0287 3
      vertex 94.9718 44.709 3
    endloop
  endfacet
  facet normal -0.99145 -0.130485 0
    outer loop
      vertex 92.709 46.9718 3
      vertex 92.6 47.8 10
      vertex 92.6 47.8 3
    endloop
  endfacet
  facet normal -0.99145 -0.130485 0
    outer loop
      vertex 92.6 47.8 10
      vertex 92.709 46.9718 3
      vertex 92.709 46.9718 10
    endloop
  endfacet
  facet normal -0.923659 0.383214 -0.000502333
    outer loop
      vertex 92.709 48.6282 3.01976
      vertex 93.0287 49.4 3.95741
      vertex 92.9349 49.1734 3.56495
    endloop
  endfacet
  facet normal -0.923875 0.382694 0
    outer loop
      vertex 93.0287 49.4 3.95741
      vertex 92.709 48.6282 3.01976
      vertex 92.709 48.6282 10
    endloop
  endfacet
  facet normal -0.923875 0.382694 0
    outer loop
      vertex 93.0287 49.4 3.95741
      vertex 92.709 48.6282 10
      vertex 93.0287 49.4 10
    endloop
  endfacet
  facet normal -0.923875 -0.382694 0
    outer loop
      vertex 93.0287 46.2 3
      vertex 92.709 46.9718 10
      vertex 92.709 46.9718 3
    endloop
  endfacet
  facet normal -0.923875 -0.382694 0
    outer loop
      vertex 92.709 46.9718 10
      vertex 93.0287 46.2 3
      vertex 93.0287 46.2 10
    endloop
  endfacet
  facet normal -0.923715 -0.383081 -2.12154e-05
    outer loop
      vertex 97.0557 48.1365 10
      vertex 96.9258 48.45 5.02932
      vertex 96.9725 48.3374 4.91056
    endloop
  endfacet
  facet normal -0.923905 -0.382623 -0
    outer loop
      vertex 97.0557 48.1365 10
      vertex 96.9725 48.3374 4.91056
      vertex 97.0557 48.1365 4.69869
    endloop
  endfacet
  facet normal -0.923834 -0.382794 0
    outer loop
      vertex 96.9258 48.45 5.02932
      vertex 97.0557 48.1365 10
      vertex 96.9258 48.45 10
    endloop
  endfacet
  facet normal -0.991412 -0.130776 0.000206547
    outer loop
      vertex 97.1 47.8 4.2793
      vertex 97.0557 48.1365 4.69869
      vertex 97.0716 48.0156 4.46927
    endloop
  endfacet
  facet normal -0.991445 -0.130523 0
    outer loop
      vertex 97.0557 48.1365 4.69869
      vertex 97.1 47.8 4.2793
      vertex 97.1 47.8 10
    endloop
  endfacet
  facet normal -0.991445 -0.130523 0
    outer loop
      vertex 97.0557 48.1365 4.69869
      vertex 97.1 47.8 10
      vertex 97.0557 48.1365 10
    endloop
  endfacet
  facet normal 0.130523 -0.991445 0
    outer loop
      vertex 95.4635 49.0557 10
      vertex 95.8 49.1 4.2793
      vertex 95.8 49.1 10
    endloop
  endfacet
  facet normal 0.130523 -0.991445 0
    outer loop
      vertex 95.4635 49.0557 3.97883
      vertex 95.8 49.1 4.2793
      vertex 95.4635 49.0557 10
    endloop
  endfacet
  facet normal 0.121776 -0.992508 0.00995269
    outer loop
      vertex 95.8 49.1 4.2793
      vertex 95.4635 49.0557 3.97883
      vertex 95.7889 49.0985 4.26553
    endloop
  endfacet
  facet normal -0.992508 0.121776 0.00995269
    outer loop
      vertex 97.0557 47.4635 3.97883
      vertex 97.1 47.8 4.2793
      vertex 97.0985 47.7889 4.26553
    endloop
  endfacet
  facet normal -0.991445 0.130523 0
    outer loop
      vertex 97.1 47.8 4.2793
      vertex 97.0557 47.4635 3.97883
      vertex 97.0557 47.4635 10
    endloop
  endfacet
  facet normal -0.991445 0.130523 0
    outer loop
      vertex 97.1 47.8 4.2793
      vertex 97.0557 47.4635 10
      vertex 97.1 47.8 10
    endloop
  endfacet
  facet normal -0.382794 0.923834 0
    outer loop
      vertex 96.45 46.6742 2.9348
      vertex 96.1365 46.5443 10
      vertex 96.45 46.6742 10
    endloop
  endfacet
  facet normal -0.376037 0.926574 -0.00754944
    outer loop
      vertex 96.329 46.6241 2.81282
      vertex 96.45 46.6742 2.9348
      vertex 96.3509 46.6331 2.82659
    endloop
  endfacet
  facet normal -0.383541 0.923523 0.00114771
    outer loop
      vertex 96.1365 46.5443 2.69557
      vertex 96.45 46.6742 2.9348
      vertex 96.329 46.6241 2.81282
    endloop
  endfacet
  facet normal -0.382794 0.923834 0
    outer loop
      vertex 96.45 46.6742 2.9348
      vertex 96.1365 46.5443 2.69557
      vertex 96.1365 46.5443 10
    endloop
  endfacet
  facet normal 0.923834 0.382794 0
    outer loop
      vertex 94.6742 47.15 10
      vertex 94.5443 47.4635 2.3294
      vertex 94.5443 47.4635 10
    endloop
  endfacet
  facet normal 0.923834 0.382794 -0
    outer loop
      vertex 94.6742 47.15 2.25181
      vertex 94.5443 47.4635 2.3294
      vertex 94.6742 47.15 10
    endloop
  endfacet
  facet normal 0.924151 0.382013 0.0034427
    outer loop
      vertex 94.5443 47.4635 2.3294
      vertex 94.6589 47.1869 2.25882
      vertex 94.5675 47.4076 2.30448
    endloop
  endfacet
  facet normal 0.92343 0.38374 -0.00449617
    outer loop
      vertex 94.5443 47.4635 2.3294
      vertex 94.6742 47.15 2.25181
      vertex 94.6589 47.1869 2.25882
    endloop
  endfacet
  facet normal 0.917976 0.39205 -0.060144
    outer loop
      vertex 94.6589 47.1869 2.25882
      vertex 94.6742 47.15 2.25181
      vertex 94.6699 47.1603 2.25332
    endloop
  endfacet
  facet normal 0.608827 -0.793303 0
    outer loop
      vertex 94.8808 48.7192 10
      vertex 95.15 48.9258 3.56187
      vertex 95.15 48.9258 10
    endloop
  endfacet
  facet normal 0.608619 -0.793462 -1.38222e-05
    outer loop
      vertex 94.8808 48.7192 10
      vertex 94.9444 48.7681 3.33554
      vertex 95.15 48.9258 3.56187
    endloop
  endfacet
  facet normal 0.60953 -0.792763 0
    outer loop
      vertex 94.9444 48.7681 3.33554
      vertex 94.8808 48.7192 10
      vertex 94.8808 48.7192 3.26543
    endloop
  endfacet
  facet normal -0.608827 0.793303 0
    outer loop
      vertex 96.7192 46.8808 3.26543
      vertex 96.45 46.6742 10
      vertex 96.7192 46.8808 10
    endloop
  endfacet
  facet normal -0.608827 0.793303 0
    outer loop
      vertex 96.45 46.6742 10
      vertex 96.7192 46.8808 3.26543
      vertex 96.45 46.6742 2.9348
    endloop
  endfacet
  facet normal 0.382794 -0.923834 0
    outer loop
      vertex 95.15 48.9258 10
      vertex 95.4635 49.0557 3.97883
      vertex 95.4635 49.0557 10
    endloop
  endfacet
  facet normal 0.382794 -0.923834 0
    outer loop
      vertex 95.15 48.9258 3.56187
      vertex 95.4635 49.0557 3.97883
      vertex 95.15 48.9258 10
    endloop
  endfacet
  facet normal 0.4024 -0.915299 -0.0173999
    outer loop
      vertex 95.4635 49.0557 3.97883
      vertex 95.15 48.9258 3.56187
      vertex 95.154 48.9275 3.56495
    endloop
  endfacet
  facet normal 0.923834 -0.382794 0
    outer loop
      vertex 94.5443 48.1365 10
      vertex 94.6742 48.45 2.9348
      vertex 94.6742 48.45 10
    endloop
  endfacet
  facet normal 0.923834 -0.382794 0
    outer loop
      vertex 94.5443 48.1365 2.69557
      vertex 94.6742 48.45 2.9348
      vertex 94.5443 48.1365 10
    endloop
  endfacet
  facet normal 0.926574 -0.376037 -0.00754944
    outer loop
      vertex 94.6742 48.45 2.9348
      vertex 94.6241 48.329 2.81282
      vertex 94.6331 48.3509 2.82659
    endloop
  endfacet
  facet normal 0.923523 -0.383541 0.00114771
    outer loop
      vertex 94.6742 48.45 2.9348
      vertex 94.5443 48.1365 2.69557
      vertex 94.6241 48.329 2.81282
    endloop
  endfacet
  facet normal 0.991445 -0.130523 0
    outer loop
      vertex 94.5 47.8 10
      vertex 94.5443 48.1365 2.69557
      vertex 94.5443 48.1365 10
    endloop
  endfacet
  facet normal 0.991452 -0.130468 2.56388e-06
    outer loop
      vertex 94.5443 48.1365 2.69557
      vertex 94.5 47.8 10
      vertex 94.5171 47.9298 2.57419
    endloop
  endfacet
  facet normal 0.991433 -0.130613 0
    outer loop
      vertex 94.5171 47.9298 2.57419
      vertex 94.5 47.8 10
      vertex 94.5 47.8 2.50054
    endloop
  endfacet
  facet normal -0.382794 -0.923834 0
    outer loop
      vertex 96.1365 49.0557 10
      vertex 96.45 48.9258 5.02932
      vertex 96.45 48.9258 10
    endloop
  endfacet
  facet normal -0.383081 -0.923715 -2.12154e-05
    outer loop
      vertex 96.1365 49.0557 10
      vertex 96.3374 48.9725 4.91056
      vertex 96.45 48.9258 5.02932
    endloop
  endfacet
  facet normal -0.382623 -0.923905 0
    outer loop
      vertex 96.3374 48.9725 4.91056
      vertex 96.1365 49.0557 10
      vertex 96.1365 49.0557 4.69869
    endloop
  endfacet
  facet normal 0.793303 -0.608827 0
    outer loop
      vertex 94.6742 48.45 10
      vertex 94.8808 48.7192 3.26543
      vertex 94.8808 48.7192 10
    endloop
  endfacet
  facet normal 0.793303 -0.608827 0
    outer loop
      vertex 94.8808 48.7192 3.26543
      vertex 94.6742 48.45 10
      vertex 94.6742 48.45 2.9348
    endloop
  endfacet
  facet normal -0.793462 0.608619 -1.38222e-05
    outer loop
      vertex 96.7192 46.8808 10
      vertex 96.9258 47.15 3.56187
      vertex 96.7681 46.9444 3.33554
    endloop
  endfacet
  facet normal -0.792763 0.60953 0
    outer loop
      vertex 96.7192 46.8808 10
      vertex 96.7681 46.9444 3.33554
      vertex 96.7192 46.8808 3.26543
    endloop
  endfacet
  facet normal -0.793303 0.608827 0
    outer loop
      vertex 96.9258 47.15 3.56187
      vertex 96.7192 46.8808 10
      vertex 96.9258 47.15 10
    endloop
  endfacet
  facet normal -0.915299 0.4024 -0.0173999
    outer loop
      vertex 96.9258 47.15 3.56187
      vertex 97.0557 47.4635 3.97883
      vertex 96.9275 47.154 3.56495
    endloop
  endfacet
  facet normal -0.923834 0.382794 0
    outer loop
      vertex 97.0557 47.4635 3.97883
      vertex 96.9258 47.15 3.56187
      vertex 96.9258 47.15 10
    endloop
  endfacet
  facet normal -0.923834 0.382794 0
    outer loop
      vertex 97.0557 47.4635 3.97883
      vertex 96.9258 47.15 10
      vertex 97.0557 47.4635 10
    endloop
  endfacet
  facet normal 0.608827 0.793303 -0
    outer loop
      vertex 95.15 46.6742 2.25181
      vertex 94.8808 46.8808 10
      vertex 95.15 46.6742 10
    endloop
  endfacet
  facet normal 0.606511 0.795075 -0.000127747
    outer loop
      vertex 95.1344 46.6861 2.25044
      vertex 94.8808 46.8808 10
      vertex 95.15 46.6742 2.25181
    endloop
  endfacet
  facet normal 0.60897 0.793193 0
    outer loop
      vertex 94.8808 46.8808 10
      vertex 95.1344 46.6861 2.25044
      vertex 94.8808 46.8808 2.22808
    endloop
  endfacet
  facet normal 0.130523 0.991445 -0
    outer loop
      vertex 95.8 46.5 2.50054
      vertex 95.4635 46.5443 10
      vertex 95.8 46.5 10
    endloop
  endfacet
  facet normal 0.130479 0.991451 -2.01885e-06
    outer loop
      vertex 95.5804 46.5289 2.38885
      vertex 95.4635 46.5443 10
      vertex 95.8 46.5 2.50054
    endloop
  endfacet
  facet normal 0.130608 0.991434 0
    outer loop
      vertex 95.4635 46.5443 10
      vertex 95.5804 46.5289 2.38885
      vertex 95.4635 46.5443 2.3294
    endloop
  endfacet
  facet normal -0.130523 0.991445 0
    outer loop
      vertex 96.1365 46.5443 2.69557
      vertex 95.8 46.5 10
      vertex 96.1365 46.5443 10
    endloop
  endfacet
  facet normal -0.130468 0.991452 2.56388e-06
    outer loop
      vertex 95.9298 46.5171 2.57419
      vertex 95.8 46.5 10
      vertex 96.1365 46.5443 2.69557
    endloop
  endfacet
  facet normal -0.130613 0.991433 0
    outer loop
      vertex 95.8 46.5 10
      vertex 95.9298 46.5171 2.57419
      vertex 95.8 46.5 2.50054
    endloop
  endfacet
  facet normal 0.991445 0.130523 0
    outer loop
      vertex 94.5443 47.4635 10
      vertex 94.5 47.8 2.50054
      vertex 94.5 47.8 10
    endloop
  endfacet
  facet normal 0.991451 0.130479 -2.01885e-06
    outer loop
      vertex 94.5 47.8 2.50054
      vertex 94.5443 47.4635 10
      vertex 94.5289 47.5804 2.38885
    endloop
  endfacet
  facet normal 0.991434 0.130608 0
    outer loop
      vertex 94.5289 47.5804 2.38885
      vertex 94.5443 47.4635 10
      vertex 94.5443 47.4635 2.3294
    endloop
  endfacet
  facet normal -0.130523 -0.991445 0
    outer loop
      vertex 95.8 49.1 10
      vertex 96.1365 49.0557 4.69869
      vertex 96.1365 49.0557 10
    endloop
  endfacet
  facet normal -0.130523 -0.991445 0
    outer loop
      vertex 95.8 49.1 4.2793
      vertex 96.1365 49.0557 4.69869
      vertex 95.8 49.1 10
    endloop
  endfacet
  facet normal -0.130776 -0.991412 0.000206547
    outer loop
      vertex 96.1365 49.0557 4.69869
      vertex 95.8 49.1 4.2793
      vertex 96.0156 49.0716 4.46927
    endloop
  endfacet
  facet normal -0.608827 -0.793303 0
    outer loop
      vertex 96.45 48.9258 5.02932
      vertex 96.7192 48.7192 10
      vertex 96.45 48.9258 10
    endloop
  endfacet
  facet normal -0.608827 -0.793303 -0
    outer loop
      vertex 96.7192 48.7192 10
      vertex 96.45 48.9258 5.02932
      vertex 96.7192 48.7192 5.02932
    endloop
  endfacet
  facet normal -0.793303 -0.608827 0
    outer loop
      vertex 96.9258 48.45 5.02932
      vertex 96.7192 48.7192 10
      vertex 96.7192 48.7192 5.02932
    endloop
  endfacet
  facet normal -0.793303 -0.608827 0
    outer loop
      vertex 96.7192 48.7192 10
      vertex 96.9258 48.45 5.02932
      vertex 96.9258 48.45 10
    endloop
  endfacet
  facet normal 0.382794 0.923834 -0
    outer loop
      vertex 95.4635 46.5443 2.3294
      vertex 95.15 46.6742 10
      vertex 95.4635 46.5443 10
    endloop
  endfacet
  facet normal 0.382013 0.924151 0.0034427
    outer loop
      vertex 95.1869 46.6589 2.25882
      vertex 95.4635 46.5443 2.3294
      vertex 95.4076 46.5675 2.30448
    endloop
  endfacet
  facet normal 0.38374 0.92343 -0.00449617
    outer loop
      vertex 95.15 46.6742 2.25181
      vertex 95.4635 46.5443 2.3294
      vertex 95.1869 46.6589 2.25882
    endloop
  endfacet
  facet normal 0.39205 0.917976 -0.060144
    outer loop
      vertex 95.15 46.6742 2.25181
      vertex 95.1869 46.6589 2.25882
      vertex 95.1603 46.6699 2.25332
    endloop
  endfacet
  facet normal 0.382794 0.923834 0
    outer loop
      vertex 95.4635 46.5443 2.3294
      vertex 95.15 46.6742 2.25181
      vertex 95.15 46.6742 10
    endloop
  endfacet
  facet normal 0.793303 0.608827 0
    outer loop
      vertex 94.8808 46.8808 10
      vertex 94.6742 47.15 2.25181
      vertex 94.6742 47.15 10
    endloop
  endfacet
  facet normal 0.795075 0.606511 -0.000127747
    outer loop
      vertex 94.6742 47.15 2.25181
      vertex 94.8808 46.8808 10
      vertex 94.6861 47.1344 2.25044
    endloop
  endfacet
  facet normal 0.793193 0.60897 0
    outer loop
      vertex 94.6861 47.1344 2.25044
      vertex 94.8808 46.8808 10
      vertex 94.8808 46.8808 2.22808
    endloop
  endfacet
  facet normal 1 -0 0
    outer loop
      vertex 42 11 12
      vertex 42 13 3
      vertex 42 13 12
    endloop
  endfacet
  facet normal 1 0 0
    outer loop
      vertex 42 13 3
      vertex 42 11 12
      vertex 42 11 3
    endloop
  endfacet
  facet normal -0 0 1
    outer loop
      vertex 2.03422 13 12
      vertex 42 11 12
      vertex 42 13 12
    endloop
  endfacet
  facet normal 0 0 1
    outer loop
      vertex 42 11 12
      vertex 2.03422 13 12
      vertex 2.03422 11 12
    endloop
  endfacet
  facet normal 0 1 -0
    outer loop
      vertex 3.39154 13 3
      vertex 2.03422 13 12
      vertex 42 13 12
    endloop
  endfacet
  facet normal 0 1 0
    outer loop
      vertex 2.03422 13 12
      vertex 3.39154 13 3
      vertex 2.03422 13 5.47789
    endloop
  endfacet
  facet normal 0 1 0
    outer loop
      vertex 2.03422 13 5.47789
      vertex 3.39154 13 3
      vertex 2.30448 13 4.46927
    endloop
  endfacet
  facet normal 0 1 0
    outer loop
      vertex 3.39154 13 3
      vertex 42 13 12
      vertex 42 13 3
    endloop
  endfacet
  facet normal 0 1 0
    outer loop
      vertex 2.30448 13 4.46927
      vertex 3.39154 13 3
      vertex 2.82659 13 3.56495
    endloop
  endfacet
  facet normal 0 -1 0
    outer loop
      vertex 3.39154 11 3
      vertex 2.03422 11 12
      vertex 2.03422 11 5.47789
    endloop
  endfacet
  facet normal 0 -1 0
    outer loop
      vertex 3.39154 11 3
      vertex 2.03422 11 5.47789
      vertex 2.30448 11 4.46927
    endloop
  endfacet
  facet normal 0 -1 0
    outer loop
      vertex 3.39154 11 3
      vertex 2.30448 11 4.46927
      vertex 2.82659 11 3.56495
    endloop
  endfacet
  facet normal 0 -1 0
    outer loop
      vertex 2.03422 11 12
      vertex 3.39154 11 3
      vertex 42 11 12
    endloop
  endfacet
  facet normal 0 -1 -0
    outer loop
      vertex 42 11 12
      vertex 3.39154 11 3
      vertex 42 11 3
    endloop
  endfacet
  facet normal 0.0351625 -0.267096 -0.963028
    outer loop
      vertex 94 0.678889 0.2
      vertex 94 1.4 0
      vertex 95.3772 0.860194 0.2
    endloop
  endfacet
  facet normal 0.213745 0.163998 -0.963025
    outer loop
      vertex 97.9837 48.3 0
      vertex 97.7626 49.7626 0.2
      vertex 98.6082 48.6605 0.2
    endloop
  endfacet
  facet normal 0.248893 0.103111 -0.963027
    outer loop
      vertex 98.4433 47.1906 0
      vertex 97.9837 48.3 0
      vertex 98.6082 48.6605 0.2
    endloop
  endfacet
  facet normal -0.267261 0 -0.963624
    outer loop
      vertex 0.678889 6 0.2
      vertex 1.4 46 0
      vertex 1.4 5.99999 0
    endloop
  endfacet
  facet normal -0.267261 0 -0.963624
    outer loop
      vertex 1.4 46 0
      vertex 0.678889 6 0.2
      vertex 0.678889 46 0.2
    endloop
  endfacet
  facet normal 0.103109 0.248908 -0.963023
    outer loop
      vertex 96.6605 50.6082 0.2
      vertex 95.1906 50.4433 0
      vertex 95.3772 51.1398 0.2
    endloop
  endfacet
  facet normal 0.267114 0.035156 -0.963024
    outer loop
      vertex 98.6 46 0
      vertex 98.4433 47.1906 0
      vertex 99.1398 47.3772 0.2
    endloop
  endfacet
  facet normal -0.248892 -0.103092 -0.963029
    outer loop
      vertex 2.01627 3.69999 0
      vertex 0.860194 4.62278 0.2
      vertex 1.55674 4.80942 0
    endloop
  endfacet
  facet normal -0.035162 -0.267096 -0.963028
    outer loop
      vertex 6 0.678889 0.2
      vertex 4.62278 0.860194 0.2
      vertex 5.99999 1.4 0
    endloop
  endfacet
  facet normal -0.267096 0.0351626 -0.963028
    outer loop
      vertex 1.4 46 0
      vertex 0.860194 47.3772 0.2
      vertex 1.55674 47.1906 0
    endloop
  endfacet
  facet normal -0.213729 0.163999 -0.963029
    outer loop
      vertex 2.7473 49.2527 0
      vertex 2.01627 48.3 0
      vertex 2.23739 49.7626 0.2
    endloop
  endfacet
  facet normal 0.267112 -0.0351566 -0.963024
    outer loop
      vertex 99.1398 4.62278 0.2
      vertex 98.4433 4.80942 0
      vertex 98.6 5.99999 0
    endloop
  endfacet
  facet normal -0.103112 0.248902 -0.963024
    outer loop
      vertex 4.80942 50.4433 0
      vertex 3.69999 49.9837 0
      vertex 4.62278 51.1398 0.2
    endloop
  endfacet
  facet normal -0.267096 0.0351625 -0.963028
    outer loop
      vertex 1.4 46 0
      vertex 0.678889 46 0.2
      vertex 0.860194 47.3772 0.2
    endloop
  endfacet
  facet normal 0.035156 0.267114 -0.963024
    outer loop
      vertex 95.1906 50.4433 0
      vertex 94 50.6 0
      vertex 95.3772 51.1398 0.2
    endloop
  endfacet
  facet normal 0.267265 0 -0.963623
    outer loop
      vertex 98.6 5.99999 0
      vertex 99.3211 46 0.2
      vertex 99.3211 6 0.2
    endloop
  endfacet
  facet normal 0.267265 0 -0.963623
    outer loop
      vertex 99.3211 46 0.2
      vertex 98.6 5.99999 0
      vertex 98.6 46 0
    endloop
  endfacet
  facet normal 0.248908 0.103109 -0.963023
    outer loop
      vertex 99.1398 47.3772 0.2
      vertex 98.4433 47.1906 0
      vertex 98.6082 48.6605 0.2
    endloop
  endfacet
  facet normal -0.163997 0.213732 -0.963028
    outer loop
      vertex 2.7473 49.2527 0
      vertex 2.23739 49.7626 0.2
      vertex 3.69999 49.9837 0
    endloop
  endfacet
  facet normal 0.103097 -0.248896 -0.963027
    outer loop
      vertex 95.3772 0.860194 0.2
      vertex 95.1906 1.55674 0
      vertex 96.3 2.01627 0
    endloop
  endfacet
  facet normal -0.103098 -0.248897 -0.963027
    outer loop
      vertex 4.62278 0.860194 0.2
      vertex 3.33944 1.39178 0.2
      vertex 3.69999 2.01627 0
    endloop
  endfacet
  facet normal 0.213735 0.163997 -0.963028
    outer loop
      vertex 97.9837 48.3 0
      vertex 97.2527 49.2527 0
      vertex 97.7626 49.7626 0.2
    endloop
  endfacet
  facet normal 0.2671 0.035162 -0.963027
    outer loop
      vertex 99.3211 46 0.2
      vertex 98.6 46 0
      vertex 99.1398 47.3772 0.2
    endloop
  endfacet
  facet normal 0.103103 -0.248901 -0.963025
    outer loop
      vertex 96.6605 1.39178 0.2
      vertex 95.3772 0.860194 0.2
      vertex 96.3 2.01627 0
    endloop
  endfacet
  facet normal -0.267094 -0.0351632 -0.963029
    outer loop
      vertex 1.55674 4.80942 0
      vertex 0.860194 4.62278 0.2
      vertex 1.4 5.99999 0
    endloop
  endfacet
  facet normal -0.213726 -0.163999 -0.963029
    outer loop
      vertex 2.23739 2.23739 0.2
      vertex 2.01627 3.69999 0
      vertex 2.7473 2.7473 0
    endloop
  endfacet
  facet normal -0.0351566 0.267112 -0.963024
    outer loop
      vertex 4.80942 50.4433 0
      vertex 4.62278 51.1398 0.2
      vertex 5.99999 50.6 0
    endloop
  endfacet
  facet normal -0.0351632 -0.267094 -0.963029
    outer loop
      vertex 5.99999 1.4 0
      vertex 4.62278 0.860194 0.2
      vertex 4.80942 1.55674 0
    endloop
  endfacet
  facet normal 0.213733 -0.163997 -0.963028
    outer loop
      vertex 98.6082 3.33944 0.2
      vertex 97.7626 2.23739 0.2
      vertex 97.9837 3.69999 0
    endloop
  endfacet
  facet normal -0.0351616 0.2671 -0.963027
    outer loop
      vertex 5.99999 50.6 0
      vertex 4.62278 51.1398 0.2
      vertex 6 51.3211 0.2
    endloop
  endfacet
  facet normal 0.103111 0.248893 -0.963027
    outer loop
      vertex 96.3 49.9837 0
      vertex 95.1906 50.4433 0
      vertex 96.6605 50.6082 0.2
    endloop
  endfacet
  facet normal 0.248892 -0.103099 -0.963028
    outer loop
      vertex 98.6082 3.33944 0.2
      vertex 97.9837 3.69999 0
      vertex 99.1398 4.62278 0.2
    endloop
  endfacet
  facet normal 0.163998 0.213745 -0.963025
    outer loop
      vertex 97.7626 49.7626 0.2
      vertex 96.3 49.9837 0
      vertex 96.6605 50.6082 0.2
    endloop
  endfacet
  facet normal 0 -0.267261 -0.963624
    outer loop
      vertex 6 0.678889 0.2
      vertex 94 1.4 0
      vertex 94 0.678889 0.2
    endloop
  endfacet
  facet normal -0 -0.267261 -0.963624
    outer loop
      vertex 94 1.4 0
      vertex 6 0.678889 0.2
      vertex 5.99999 1.4 0
    endloop
  endfacet
  facet normal 0.163999 -0.213729 -0.963029
    outer loop
      vertex 97.7626 2.23739 0.2
      vertex 96.3 2.01627 0
      vertex 97.2527 2.7473 0
    endloop
  endfacet
  facet normal -0.248897 -0.103098 -0.963027
    outer loop
      vertex 1.39178 3.33944 0.2
      vertex 0.860194 4.62278 0.2
      vertex 2.01627 3.69999 0
    endloop
  endfacet
  facet normal -0.213735 -0.164 -0.963027
    outer loop
      vertex 2.23739 2.23739 0.2
      vertex 1.39178 3.33944 0.2
      vertex 2.01627 3.69999 0
    endloop
  endfacet
  facet normal 0 0 -1
    outer loop
      vertex 22.7059 30.8296 0
      vertex 5.74548 47.3859 0
      vertex 5.8 47.8 0
    endloop
  endfacet
  facet normal 0 0 -1
    outer loop
      vertex 6.375 28.3816 0
      vertex 5.58564 47 0
      vertex 5.74548 47.3859 0
    endloop
  endfacet
  facet normal 0 0 -1
    outer loop
      vertex 3.06863 46.6686 0
      vertex 5.80546 27.9445 0
      vertex 5.36843 27.375 0
    endloop
  endfacet
  facet normal 0 0 -1
    outer loop
      vertex 6.375 28.3816 0
      vertex 5.33137 46.6686 0
      vertex 5.58564 47 0
    endloop
  endfacet
  facet normal 0 0 -1
    outer loop
      vertex 2.81436 47 0
      vertex 5.36843 27.375 0
      vertex 5.0937 26.7118 0
    endloop
  endfacet
  facet normal 0 0 -1
    outer loop
      vertex 1.4 46 0
      vertex 5.0937 26.7118 0
      vertex 5 26 0
    endloop
  endfacet
  facet normal 0 0 -1
    outer loop
      vertex 6.375 28.3816 0
      vertex 5 46.4144 0
      vertex 5.33137 46.6686 0
    endloop
  endfacet
  facet normal -0 0 -1
    outer loop
      vertex 94.6686 46.6686 0
      vertex 78.5 30.3301 0
      vertex 94.4144 47 0
    endloop
  endfacet
  facet normal 0 0 -1
    outer loop
      vertex 77.2941 30.8296 0
      vertex 94.4144 47 0
      vertex 78.5 30.3301 0
    endloop
  endfacet
  facet normal -0 0 -1
    outer loop
      vertex 94.4144 47 0
      vertex 77.2941 30.8296 0
      vertex 94.2545 47.3859 0
    endloop
  endfacet
  facet normal -0 0 -1
    outer loop
      vertex 94.2545 47.3859 0
      vertex 77.2941 30.8296 0
      vertex 94.2 47.8 0
    endloop
  endfacet
  facet normal 0 0 -1
    outer loop
      vertex 76 31 0
      vertex 94.2 47.8 0
      vertex 77.2941 30.8296 0
    endloop
  endfacet
  facet normal -0 0 -1
    outer loop
      vertex 94.2 47.8 0
      vertex 76 31 0
      vertex 94 50.6 0
    endloop
  endfacet
  facet normal 0 0 -1
    outer loop
      vertex 24 31 0
      vertex 94 50.6 0
      vertex 76 31 0
    endloop
  endfacet
  facet normal 0 0 -1
    outer loop
      vertex 5.8 47.8 0
      vertex 24 31 0
      vertex 22.7059 30.8296 0
    endloop
  endfacet
  facet normal 0 0 -1
    outer loop
      vertex 10.4063 26.7118 0
      vertex 19 26 0
      vertex 10.5 26 0
    endloop
  endfacet
  facet normal 0 0 -1
    outer loop
      vertex 19 26 0
      vertex 10.4063 26.7118 0
      vertex 19.1704 27.2941 0
    endloop
  endfacet
  facet normal 0 0 -1
    outer loop
      vertex 10.1316 27.375 0
      vertex 19.1704 27.2941 0
      vertex 10.4063 26.7118 0
    endloop
  endfacet
  facet normal 0 0 -1
    outer loop
      vertex 19.1704 27.2941 0
      vertex 10.1316 27.375 0
      vertex 19.6699 28.5 0
    endloop
  endfacet
  facet normal 0 0 -1
    outer loop
      vertex 9.69454 27.9445 0
      vertex 19.6699 28.5 0
      vertex 10.1316 27.375 0
    endloop
  endfacet
  facet normal -0 0 -1
    outer loop
      vertex 19.6699 28.5 0
      vertex 9.69454 27.9445 0
      vertex 20.4645 29.5355 0
    endloop
  endfacet
  facet normal 0 0 -1
    outer loop
      vertex 9.125 28.3816 0
      vertex 20.4645 29.5355 0
      vertex 9.69454 27.9445 0
    endloop
  endfacet
  facet normal 0 0 -1
    outer loop
      vertex 5.74548 47.3859 0
      vertex 20.4645 29.5355 0
      vertex 9.125 28.3816 0
    endloop
  endfacet
  facet normal 0 0 -1
    outer loop
      vertex 20.4645 29.5355 0
      vertex 5.74548 47.3859 0
      vertex 21.5 30.3301 0
    endloop
  endfacet
  facet normal 0 0 -1
    outer loop
      vertex 5.74548 47.3859 0
      vertex 22.7059 30.8296 0
      vertex 21.5 30.3301 0
    endloop
  endfacet
  facet normal 0 0 -1
    outer loop
      vertex 5.74548 47.3859 0
      vertex 9.125 28.3816 0
      vertex 8.46175 28.6563 0
    endloop
  endfacet
  facet normal 0 0 -1
    outer loop
      vertex 5.74548 47.3859 0
      vertex 8.46175 28.6563 0
      vertex 7.75 28.75 0
    endloop
  endfacet
  facet normal 0 0 -1
    outer loop
      vertex 5.74548 47.3859 0
      vertex 7.75 28.75 0
      vertex 7.03825 28.6563 0
    endloop
  endfacet
  facet normal 0 0 -1
    outer loop
      vertex 24 31 0
      vertex 5.8 47.8 0
      vertex 5.99999 50.6 0
    endloop
  endfacet
  facet normal 0 0 -1
    outer loop
      vertex 5.74548 47.3859 0
      vertex 7.03825 28.6563 0
      vertex 6.375 28.3816 0
    endloop
  endfacet
  facet normal 0 0 -1
    outer loop
      vertex 3.78589 46.2545 0
      vertex 6.375 28.3816 0
      vertex 5.80546 27.9445 0
    endloop
  endfacet
  facet normal 0 0 -1
    outer loop
      vertex 24 31 0
      vertex 5.99999 50.6 0
      vertex 94 50.6 0
    endloop
  endfacet
  facet normal 0 0 -1
    outer loop
      vertex 5.74548 48.2141 0
      vertex 5.99999 50.6 0
      vertex 5.8 47.8 0
    endloop
  endfacet
  facet normal 0 0 -1
    outer loop
      vertex 5.58564 48.6 0
      vertex 5.99999 50.6 0
      vertex 5.74548 48.2141 0
    endloop
  endfacet
  facet normal 0 0 -1
    outer loop
      vertex 5.33137 48.9314 0
      vertex 5.99999 50.6 0
      vertex 5.58564 48.6 0
    endloop
  endfacet
  facet normal 0 0 -1
    outer loop
      vertex 5 49.1856 0
      vertex 5.99999 50.6 0
      vertex 5.33137 48.9314 0
    endloop
  endfacet
  facet normal 0 0 -1
    outer loop
      vertex 5 49.1856 0
      vertex 4.80942 50.4433 0
      vertex 5.99999 50.6 0
    endloop
  endfacet
  facet normal 0 0 -1
    outer loop
      vertex 4.61411 49.3455 0
      vertex 4.80942 50.4433 0
      vertex 5 49.1856 0
    endloop
  endfacet
  facet normal 0 0 -1
    outer loop
      vertex 4.2 49.4 0
      vertex 4.80942 50.4433 0
      vertex 4.61411 49.3455 0
    endloop
  endfacet
  facet normal 0 0 -1
    outer loop
      vertex 3.69999 49.9837 0
      vertex 4.2 49.4 0
      vertex 3.78589 49.3455 0
    endloop
  endfacet
  facet normal 0 0 -1
    outer loop
      vertex 4.2 49.4 0
      vertex 3.69999 49.9837 0
      vertex 4.80942 50.4433 0
    endloop
  endfacet
  facet normal 0 0 -1
    outer loop
      vertex 3.4 49.1856 0
      vertex 3.69999 49.9837 0
      vertex 3.78589 49.3455 0
    endloop
  endfacet
  facet normal 0 0 -1
    outer loop
      vertex 2.7473 49.2527 0
      vertex 3.4 49.1856 0
      vertex 3.06863 48.9314 0
    endloop
  endfacet
  facet normal 0 0 -1
    outer loop
      vertex 2.7473 49.2527 0
      vertex 3.06863 48.9314 0
      vertex 2.81436 48.6 0
    endloop
  endfacet
  facet normal 0 0 -1
    outer loop
      vertex 3.4 49.1856 0
      vertex 2.7473 49.2527 0
      vertex 3.69999 49.9837 0
    endloop
  endfacet
  facet normal 0 0 -1
    outer loop
      vertex 2.01627 48.3 0
      vertex 2.81436 48.6 0
      vertex 2.65452 48.2141 0
    endloop
  endfacet
  facet normal 0 0 -1
    outer loop
      vertex 2.01627 48.3 0
      vertex 2.65452 48.2141 0
      vertex 2.6 47.8 0
    endloop
  endfacet
  facet normal -0 0 -1
    outer loop
      vertex 2.81436 48.6 0
      vertex 2.01627 48.3 0
      vertex 2.7473 49.2527 0
    endloop
  endfacet
  facet normal 0 0 -1
    outer loop
      vertex 2.65452 47.3859 0
      vertex 2.01627 48.3 0
      vertex 2.6 47.8 0
    endloop
  endfacet
  facet normal 0 0 -1
    outer loop
      vertex 1.4 5.99999 0
      vertex 2.01627 3.69999 0
      vertex 1.55674 4.80942 0
    endloop
  endfacet
  facet normal 0 0 -1
    outer loop
      vertex 1.4 46 0
      vertex 5 26 0
      vertex 1.4 5.99999 0
    endloop
  endfacet
  facet normal 0 0 -1
    outer loop
      vertex 5.0937 26.7118 0
      vertex 1.4 46 0
      vertex 2.01627 48.3 0
    endloop
  endfacet
  facet normal 0 0 -1
    outer loop
      vertex 2.01627 48.3 0
      vertex 1.4 46 0
      vertex 1.55674 47.1906 0
    endloop
  endfacet
  facet normal 0 0 -1
    outer loop
      vertex 8.46175 23.3437 0
      vertex 5 5.58564 0
      vertex 7.75 23.25 0
    endloop
  endfacet
  facet normal 0 0 -1
    outer loop
      vertex 4.61411 5.74548 0
      vertex 7.75 23.25 0
      vertex 5 5.58564 0
    endloop
  endfacet
  facet normal -0 0 -1
    outer loop
      vertex 7.75 23.25 0
      vertex 4.61411 5.74548 0
      vertex 7.03825 23.3437 0
    endloop
  endfacet
  facet normal 0 0 -1
    outer loop
      vertex 4.2 5.8 0
      vertex 7.03825 23.3437 0
      vertex 4.61411 5.74548 0
    endloop
  endfacet
  facet normal 0 0 -1
    outer loop
      vertex 1.4 5.99999 0
      vertex 7.03825 23.3437 0
      vertex 4.2 5.8 0
    endloop
  endfacet
  facet normal 0 0 -1
    outer loop
      vertex 1.4 5.99999 0
      vertex 4.2 5.8 0
      vertex 3.78589 5.74548 0
    endloop
  endfacet
  facet normal -0 0 -1
    outer loop
      vertex 7.03825 23.3437 0
      vertex 1.4 5.99999 0
      vertex 6.375 23.6184 0
    endloop
  endfacet
  facet normal 0 0 -1
    outer loop
      vertex 1.4 5.99999 0
      vertex 3.78589 5.74548 0
      vertex 3.4 5.58564 0
    endloop
  endfacet
  facet normal 0 0 -1
    outer loop
      vertex 1.4 5.99999 0
      vertex 3.4 5.58564 0
      vertex 3.06863 5.33137 0
    endloop
  endfacet
  facet normal 0 0 -1
    outer loop
      vertex 6.375 28.3816 0
      vertex 4.61411 46.2545 0
      vertex 5 46.4144 0
    endloop
  endfacet
  facet normal -0 0 -1
    outer loop
      vertex 6.375 23.6184 0
      vertex 1.4 5.99999 0
      vertex 5.80546 24.0555 0
    endloop
  endfacet
  facet normal 0 0 -1
    outer loop
      vertex 6.375 28.3816 0
      vertex 4.2 46.2 0
      vertex 4.61411 46.2545 0
    endloop
  endfacet
  facet normal 0 0 -1
    outer loop
      vertex 1.4 5.99999 0
      vertex 3.06863 5.33137 0
      vertex 2.81436 5 0
    endloop
  endfacet
  facet normal 0 0 -1
    outer loop
      vertex 6.375 28.3816 0
      vertex 3.78589 46.2545 0
      vertex 4.2 46.2 0
    endloop
  endfacet
  facet normal -0 0 -1
    outer loop
      vertex 5.80546 24.0555 0
      vertex 1.4 5.99999 0
      vertex 5.36843 24.625 0
    endloop
  endfacet
  facet normal 0 0 -1
    outer loop
      vertex 5.80546 27.9445 0
      vertex 3.4 46.4144 0
      vertex 3.78589 46.2545 0
    endloop
  endfacet
  facet normal 0 0 -1
    outer loop
      vertex 2.65452 4.61411 0
      vertex 1.4 5.99999 0
      vertex 2.81436 5 0
    endloop
  endfacet
  facet normal 0 0 -1
    outer loop
      vertex 5.80546 27.9445 0
      vertex 3.06863 46.6686 0
      vertex 3.4 46.4144 0
    endloop
  endfacet
  facet normal -0 0 -1
    outer loop
      vertex 5.36843 24.625 0
      vertex 1.4 5.99999 0
      vertex 5.0937 25.2882 0
    endloop
  endfacet
  facet normal 0 0 -1
    outer loop
      vertex 5.36843 27.375 0
      vertex 2.81436 47 0
      vertex 3.06863 46.6686 0
    endloop
  endfacet
  facet normal 0 0 -1
    outer loop
      vertex 1.4 5.99999 0
      vertex 2.65452 4.61411 0
      vertex 2.01627 3.69999 0
    endloop
  endfacet
  facet normal -0 0 -1
    outer loop
      vertex 5.0937 25.2882 0
      vertex 1.4 5.99999 0
      vertex 5 26 0
    endloop
  endfacet
  facet normal 0 0 -1
    outer loop
      vertex 2.01627 3.69999 0
      vertex 2.65452 4.61411 0
      vertex 2.6 4.2 0
    endloop
  endfacet
  facet normal 0 0 -1
    outer loop
      vertex 5.0937 26.7118 0
      vertex 2.01627 48.3 0
      vertex 2.81436 47 0
    endloop
  endfacet
  facet normal 0 0 -1
    outer loop
      vertex 96.9314 5.33137 0
      vertex 98.6 5.99999 0
      vertex 97.1856 5 0
    endloop
  endfacet
  facet normal 0 0 -1
    outer loop
      vertex 98.6 46 0
      vertex 97.3455 47.3859 0
      vertex 97.4 47.8 0
    endloop
  endfacet
  facet normal 0 0 -1
    outer loop
      vertex 96.6 5.58564 0
      vertex 98.6 5.99999 0
      vertex 96.9314 5.33137 0
    endloop
  endfacet
  facet normal 0 0 -1
    outer loop
      vertex 98.6 46 0
      vertex 97.1856 47 0
      vertex 97.3455 47.3859 0
    endloop
  endfacet
  facet normal 0 0 -1
    outer loop
      vertex 96.2141 5.74548 0
      vertex 98.6 5.99999 0
      vertex 96.6 5.58564 0
    endloop
  endfacet
  facet normal 0 0 -1
    outer loop
      vertex 98.6 46 0
      vertex 96.9314 46.6686 0
      vertex 97.1856 47 0
    endloop
  endfacet
  facet normal 0 0 -1
    outer loop
      vertex 95.8 5.8 0
      vertex 98.6 5.99999 0
      vertex 96.2141 5.74548 0
    endloop
  endfacet
  facet normal 0 0 -1
    outer loop
      vertex 98.6 46 0
      vertex 96.6 46.4144 0
      vertex 96.9314 46.6686 0
    endloop
  endfacet
  facet normal 0 0 -1
    outer loop
      vertex 98.6 5.99999 0
      vertex 81 26 0
      vertex 98.6 46 0
    endloop
  endfacet
  facet normal 0 0 -1
    outer loop
      vertex 98.6 46 0
      vertex 96.2141 46.2545 0
      vertex 96.6 46.4144 0
    endloop
  endfacet
  facet normal 0 0 -1
    outer loop
      vertex 80.8296 24.7059 0
      vertex 98.6 5.99999 0
      vertex 95.8 5.8 0
    endloop
  endfacet
  facet normal 0 0 -1
    outer loop
      vertex 80.8296 27.2941 0
      vertex 98.6 46 0
      vertex 81 26 0
    endloop
  endfacet
  facet normal 0 0 -1
    outer loop
      vertex 80.8296 24.7059 0
      vertex 95.8 5.8 0
      vertex 95.3859 5.74548 0
    endloop
  endfacet
  facet normal 0 0 -1
    outer loop
      vertex 98.6 46 0
      vertex 95.8 46.2 0
      vertex 96.2141 46.2545 0
    endloop
  endfacet
  facet normal 0 0 -1
    outer loop
      vertex 80.3301 23.5 0
      vertex 95.3859 5.74548 0
      vertex 95 5.58564 0
    endloop
  endfacet
  facet normal -0 0 -1
    outer loop
      vertex 98.6 46 0
      vertex 80.8296 27.2941 0
      vertex 95.8 46.2 0
    endloop
  endfacet
  facet normal 0 0 -1
    outer loop
      vertex 79.5355 22.4645 0
      vertex 95 5.58564 0
      vertex 94.6686 5.33137 0
    endloop
  endfacet
  facet normal -0 0 -1
    outer loop
      vertex 95.8 46.2 0
      vertex 80.8296 27.2941 0
      vertex 95.3859 46.2545 0
    endloop
  endfacet
  facet normal 0 0 -1
    outer loop
      vertex 78.5 21.6699 0
      vertex 94.6686 5.33137 0
      vertex 94.4144 5 0
    endloop
  endfacet
  facet normal 0 0 -1
    outer loop
      vertex 80.3301 28.5 0
      vertex 95.3859 46.2545 0
      vertex 80.8296 27.2941 0
    endloop
  endfacet
  facet normal 0 0 -1
    outer loop
      vertex 77.2941 21.1704 0
      vertex 94.4144 5 0
      vertex 94.2545 4.61411 0
    endloop
  endfacet
  facet normal -0 0 -1
    outer loop
      vertex 95.3859 46.2545 0
      vertex 80.3301 28.5 0
      vertex 95 46.4144 0
    endloop
  endfacet
  facet normal 0 0 -1
    outer loop
      vertex 77.2941 21.1704 0
      vertex 94.2545 4.61411 0
      vertex 94.2 4.2 0
    endloop
  endfacet
  facet normal 0 0 -1
    outer loop
      vertex 79.5355 29.5355 0
      vertex 95 46.4144 0
      vertex 80.3301 28.5 0
    endloop
  endfacet
  facet normal 0 0 -1
    outer loop
      vertex 97.3455 4.61411 0
      vertex 98.4433 4.80942 0
      vertex 97.4 4.2 0
    endloop
  endfacet
  facet normal 0 0 -1
    outer loop
      vertex 97.1856 5 0
      vertex 98.4433 4.80942 0
      vertex 97.3455 4.61411 0
    endloop
  endfacet
  facet normal 0 0 -1
    outer loop
      vertex 97.4 4.2 0
      vertex 98.4433 4.80942 0
      vertex 97.9837 3.69999 0
    endloop
  endfacet
  facet normal 0 0 -1
    outer loop
      vertex 98.4433 4.80942 0
      vertex 97.1856 5 0
      vertex 98.6 5.99999 0
    endloop
  endfacet
  facet normal 0 0 -1
    outer loop
      vertex 98.6 46 0
      vertex 97.4 47.8 0
      vertex 98.4433 47.1906 0
    endloop
  endfacet
  facet normal 0 0 -1
    outer loop
      vertex 97.9837 3.69999 0
      vertex 97.3455 3.78589 0
      vertex 97.4 4.2 0
    endloop
  endfacet
  facet normal 0 0 -1
    outer loop
      vertex 97.1856 3.4 0
      vertex 97.9837 3.69999 0
      vertex 97.2527 2.7473 0
    endloop
  endfacet
  facet normal -0 0 -1
    outer loop
      vertex 97.9837 3.69999 0
      vertex 97.1856 3.4 0
      vertex 97.3455 3.78589 0
    endloop
  endfacet
  facet normal 0 0 -1
    outer loop
      vertex 97.2527 2.7473 0
      vertex 96.9314 3.06863 0
      vertex 97.1856 3.4 0
    endloop
  endfacet
  facet normal 0 0 -1
    outer loop
      vertex 97.2527 2.7473 0
      vertex 96.6 2.81436 0
      vertex 96.9314 3.06863 0
    endloop
  endfacet
  facet normal 0 0 -1
    outer loop
      vertex 96.3 2.01627 0
      vertex 96.6 2.81436 0
      vertex 97.2527 2.7473 0
    endloop
  endfacet
  facet normal 0 0 -1
    outer loop
      vertex 96.3 2.01627 0
      vertex 96.2141 2.65452 0
      vertex 96.6 2.81436 0
    endloop
  endfacet
  facet normal 0 0 -1
    outer loop
      vertex 96.3 2.01627 0
      vertex 95.8 2.6 0
      vertex 96.2141 2.65452 0
    endloop
  endfacet
  facet normal 0 0 -1
    outer loop
      vertex 95.1906 1.55674 0
      vertex 95.8 2.6 0
      vertex 96.3 2.01627 0
    endloop
  endfacet
  facet normal -0 0 -1
    outer loop
      vertex 95.8 2.6 0
      vertex 95.1906 1.55674 0
      vertex 95.3859 2.65452 0
    endloop
  endfacet
  facet normal 0 0 -1
    outer loop
      vertex 95.1906 1.55674 0
      vertex 95 2.81436 0
      vertex 95.3859 2.65452 0
    endloop
  endfacet
  facet normal 0 0 -1
    outer loop
      vertex 94 1.4 0
      vertex 95 2.81436 0
      vertex 95.1906 1.55674 0
    endloop
  endfacet
  facet normal -0 0 -1
    outer loop
      vertex 95 2.81436 0
      vertex 94 1.4 0
      vertex 94.6686 3.06863 0
    endloop
  endfacet
  facet normal 0 0 -1
    outer loop
      vertex 76 21 0
      vertex 94.2 4.2 0
      vertex 94 1.4 0
    endloop
  endfacet
  facet normal -0 0 -1
    outer loop
      vertex 94.2545 3.78589 0
      vertex 94 1.4 0
      vertex 94.2 4.2 0
    endloop
  endfacet
  facet normal -0 0 -1
    outer loop
      vertex 94.4144 3.4 0
      vertex 94 1.4 0
      vertex 94.2545 3.78589 0
    endloop
  endfacet
  facet normal -0 0 -1
    outer loop
      vertex 94.6686 3.06863 0
      vertex 94 1.4 0
      vertex 94.4144 3.4 0
    endloop
  endfacet
  facet normal 0 0 -1
    outer loop
      vertex 98.4433 47.1906 0
      vertex 97.4 47.8 0
      vertex 97.9837 48.3 0
    endloop
  endfacet
  facet normal 0 0 -1
    outer loop
      vertex 97.3455 48.2141 0
      vertex 97.9837 48.3 0
      vertex 97.4 47.8 0
    endloop
  endfacet
  facet normal 0 0 -1
    outer loop
      vertex 97.1856 48.6 0
      vertex 97.9837 48.3 0
      vertex 97.3455 48.2141 0
    endloop
  endfacet
  facet normal 0 0 -1
    outer loop
      vertex 97.9837 48.3 0
      vertex 97.1856 48.6 0
      vertex 97.2527 49.2527 0
    endloop
  endfacet
  facet normal 0 0 -1
    outer loop
      vertex 96.9314 48.9314 0
      vertex 97.2527 49.2527 0
      vertex 97.1856 48.6 0
    endloop
  endfacet
  facet normal 0 0 -1
    outer loop
      vertex 96.6 49.1856 0
      vertex 97.2527 49.2527 0
      vertex 96.9314 48.9314 0
    endloop
  endfacet
  facet normal 0 0 -1
    outer loop
      vertex 96.6 49.1856 0
      vertex 96.3 49.9837 0
      vertex 97.2527 49.2527 0
    endloop
  endfacet
  facet normal 0 0 -1
    outer loop
      vertex 96.2141 49.3455 0
      vertex 96.3 49.9837 0
      vertex 96.6 49.1856 0
    endloop
  endfacet
  facet normal 0 0 -1
    outer loop
      vertex 95.8 49.4 0
      vertex 96.3 49.9837 0
      vertex 96.2141 49.3455 0
    endloop
  endfacet
  facet normal 0 0 -1
    outer loop
      vertex 95.1906 50.4433 0
      vertex 95.8 49.4 0
      vertex 95.3859 49.3455 0
    endloop
  endfacet
  facet normal 0 0 -1
    outer loop
      vertex 95.8 49.4 0
      vertex 95.1906 50.4433 0
      vertex 96.3 49.9837 0
    endloop
  endfacet
  facet normal 0 0 -1
    outer loop
      vertex 95 49.1856 0
      vertex 95.1906 50.4433 0
      vertex 95.3859 49.3455 0
    endloop
  endfacet
  facet normal 0 0 -1
    outer loop
      vertex 94 50.6 0
      vertex 95 49.1856 0
      vertex 94.6686 48.9314 0
    endloop
  endfacet
  facet normal 0 0 -1
    outer loop
      vertex 94 50.6 0
      vertex 94.6686 48.9314 0
      vertex 94.4144 48.6 0
    endloop
  endfacet
  facet normal 0 0 -1
    outer loop
      vertex 95 49.1856 0
      vertex 94 50.6 0
      vertex 95.1906 50.4433 0
    endloop
  endfacet
  facet normal 0 0 -1
    outer loop
      vertex 94.2545 48.2141 0
      vertex 94 50.6 0
      vertex 94.4144 48.6 0
    endloop
  endfacet
  facet normal 0 0 -1
    outer loop
      vertex 94.2 47.8 0
      vertex 94 50.6 0
      vertex 94.2545 48.2141 0
    endloop
  endfacet
  facet normal -0 0 -1
    outer loop
      vertex 95 46.4144 0
      vertex 79.5355 29.5355 0
      vertex 94.6686 46.6686 0
    endloop
  endfacet
  facet normal 0 0 -1
    outer loop
      vertex 78.5 30.3301 0
      vertex 94.6686 46.6686 0
      vertex 79.5355 29.5355 0
    endloop
  endfacet
  facet normal 0 0 -1
    outer loop
      vertex 98.6 5.99999 0
      vertex 80.8296 24.7059 0
      vertex 81 26 0
    endloop
  endfacet
  facet normal 0 0 -1
    outer loop
      vertex 95.3859 5.74548 0
      vertex 80.3301 23.5 0
      vertex 80.8296 24.7059 0
    endloop
  endfacet
  facet normal 0 0 -1
    outer loop
      vertex 95 5.58564 0
      vertex 79.5355 22.4645 0
      vertex 80.3301 23.5 0
    endloop
  endfacet
  facet normal 0 0 -1
    outer loop
      vertex 94.6686 5.33137 0
      vertex 78.5 21.6699 0
      vertex 79.5355 22.4645 0
    endloop
  endfacet
  facet normal 0 0 -1
    outer loop
      vertex 94.4144 5 0
      vertex 77.2941 21.1704 0
      vertex 78.5 21.6699 0
    endloop
  endfacet
  facet normal 0 0 -1
    outer loop
      vertex 94.2 4.2 0
      vertex 76 21 0
      vertex 77.2941 21.1704 0
    endloop
  endfacet
  facet normal 0 0 -1
    outer loop
      vertex 94 1.4 0
      vertex 24 21 0
      vertex 76 21 0
    endloop
  endfacet
  facet normal 0 0 -1
    outer loop
      vertex 5.99999 1.4 0
      vertex 24 21 0
      vertex 94 1.4 0
    endloop
  endfacet
  facet normal 0 0 -1
    outer loop
      vertex 10.4063 25.2882 0
      vertex 19 26 0
      vertex 19.1704 24.7059 0
    endloop
  endfacet
  facet normal 0 0 -1
    outer loop
      vertex 10.1316 24.625 0
      vertex 19.1704 24.7059 0
      vertex 19.6699 23.5 0
    endloop
  endfacet
  facet normal 0 0 -1
    outer loop
      vertex 9.69454 24.0555 0
      vertex 19.6699 23.5 0
      vertex 20.4645 22.4645 0
    endloop
  endfacet
  facet normal -0 0 -1
    outer loop
      vertex 22.7059 21.1704 0
      vertex 5.58564 5 0
      vertex 21.5 21.6699 0
    endloop
  endfacet
  facet normal 0 0 -1
    outer loop
      vertex 5.74548 4.61411 0
      vertex 22.7059 21.1704 0
      vertex 5.8 4.2 0
    endloop
  endfacet
  facet normal -0 0 -1
    outer loop
      vertex 19 26 0
      vertex 10.4063 25.2882 0
      vertex 10.5 26 0
    endloop
  endfacet
  facet normal -0 0 -1
    outer loop
      vertex 19.1704 24.7059 0
      vertex 10.1316 24.625 0
      vertex 10.4063 25.2882 0
    endloop
  endfacet
  facet normal 0 0 -1
    outer loop
      vertex 5.8 4.2 0
      vertex 24 21 0
      vertex 5.99999 1.4 0
    endloop
  endfacet
  facet normal -0 0 -1
    outer loop
      vertex 24 21 0
      vertex 5.8 4.2 0
      vertex 22.7059 21.1704 0
    endloop
  endfacet
  facet normal 0 0 -1
    outer loop
      vertex 19.6699 23.5 0
      vertex 9.69454 24.0555 0
      vertex 10.1316 24.625 0
    endloop
  endfacet
  facet normal 0 0 -1
    outer loop
      vertex 20.4645 22.4645 0
      vertex 9.125 23.6184 0
      vertex 9.69454 24.0555 0
    endloop
  endfacet
  facet normal 0 0 -1
    outer loop
      vertex 5.33137 5.33137 0
      vertex 21.5 21.6699 0
      vertex 5.58564 5 0
    endloop
  endfacet
  facet normal -0 0 -1
    outer loop
      vertex 21.5 21.6699 0
      vertex 5.33137 5.33137 0
      vertex 20.4645 22.4645 0
    endloop
  endfacet
  facet normal 0 0 -1
    outer loop
      vertex 5.58564 5 0
      vertex 22.7059 21.1704 0
      vertex 5.74548 4.61411 0
    endloop
  endfacet
  facet normal -0 0 -1
    outer loop
      vertex 20.4645 22.4645 0
      vertex 5.33137 5.33137 0
      vertex 9.125 23.6184 0
    endloop
  endfacet
  facet normal 0 0 -1
    outer loop
      vertex 9.125 23.6184 0
      vertex 5.33137 5.33137 0
      vertex 8.46175 23.3437 0
    endloop
  endfacet
  facet normal 0 0 -1
    outer loop
      vertex 5 5.58564 0
      vertex 8.46175 23.3437 0
      vertex 5.33137 5.33137 0
    endloop
  endfacet
  facet normal 0 0 -1
    outer loop
      vertex 5.99999 1.4 0
      vertex 5.74548 3.78589 0
      vertex 5.8 4.2 0
    endloop
  endfacet
  facet normal 0 0 -1
    outer loop
      vertex 5.99999 1.4 0
      vertex 5.58564 3.4 0
      vertex 5.74548 3.78589 0
    endloop
  endfacet
  facet normal 0 0 -1
    outer loop
      vertex 5.99999 1.4 0
      vertex 5.33137 3.06863 0
      vertex 5.58564 3.4 0
    endloop
  endfacet
  facet normal 0 0 -1
    outer loop
      vertex 5.99999 1.4 0
      vertex 5 2.81436 0
      vertex 5.33137 3.06863 0
    endloop
  endfacet
  facet normal 0 0 -1
    outer loop
      vertex 4.80942 1.55674 0
      vertex 5 2.81436 0
      vertex 5.99999 1.4 0
    endloop
  endfacet
  facet normal 0 0 -1
    outer loop
      vertex 4.80942 1.55674 0
      vertex 4.61411 2.65452 0
      vertex 5 2.81436 0
    endloop
  endfacet
  facet normal 0 0 -1
    outer loop
      vertex 4.80942 1.55674 0
      vertex 4.2 2.6 0
      vertex 4.61411 2.65452 0
    endloop
  endfacet
  facet normal 0 0 -1
    outer loop
      vertex 3.69999 2.01627 0
      vertex 4.2 2.6 0
      vertex 4.80942 1.55674 0
    endloop
  endfacet
  facet normal -0 0 -1
    outer loop
      vertex 4.2 2.6 0
      vertex 3.69999 2.01627 0
      vertex 3.78589 2.65452 0
    endloop
  endfacet
  facet normal 0 0 -1
    outer loop
      vertex 3.69999 2.01627 0
      vertex 3.4 2.81436 0
      vertex 3.78589 2.65452 0
    endloop
  endfacet
  facet normal 0 0 -1
    outer loop
      vertex 2.7473 2.7473 0
      vertex 3.4 2.81436 0
      vertex 3.69999 2.01627 0
    endloop
  endfacet
  facet normal -0 0 -1
    outer loop
      vertex 3.4 2.81436 0
      vertex 2.7473 2.7473 0
      vertex 3.06863 3.06863 0
    endloop
  endfacet
  facet normal -0 0 -1
    outer loop
      vertex 3.06863 3.06863 0
      vertex 2.7473 2.7473 0
      vertex 2.81436 3.4 0
    endloop
  endfacet
  facet normal 0 0 -1
    outer loop
      vertex 2.01627 3.69999 0
      vertex 2.81436 3.4 0
      vertex 2.7473 2.7473 0
    endloop
  endfacet
  facet normal 0 0 -1
    outer loop
      vertex 2.81436 3.4 0
      vertex 2.01627 3.69999 0
      vertex 2.65452 3.78589 0
    endloop
  endfacet
  facet normal 0 0 -1
    outer loop
      vertex 2.81436 47 0
      vertex 2.01627 48.3 0
      vertex 2.65452 47.3859 0
    endloop
  endfacet
  facet normal -0 0 -1
    outer loop
      vertex 2.65452 3.78589 0
      vertex 2.01627 3.69999 0
      vertex 2.6 4.2 0
    endloop
  endfacet
  facet normal 0.163997 0.213735 -0.963028
    outer loop
      vertex 97.2527 49.2527 0
      vertex 96.3 49.9837 0
      vertex 97.7626 49.7626 0.2
    endloop
  endfacet
  facet normal 0.0351626 -0.267096 -0.963028
    outer loop
      vertex 95.3772 0.860194 0.2
      vertex 94 1.4 0
      vertex 95.1906 1.55674 0
    endloop
  endfacet
  facet normal 0.248902 -0.103112 -0.963024
    outer loop
      vertex 99.1398 4.62278 0.2
      vertex 97.9837 3.69999 0
      vertex 98.4433 4.80942 0
    endloop
  endfacet
  facet normal -0.103099 0.248892 -0.963028
    outer loop
      vertex 3.69999 49.9837 0
      vertex 3.33944 50.6082 0.2
      vertex 4.62278 51.1398 0.2
    endloop
  endfacet
  facet normal 0 0.267265 -0.963623
    outer loop
      vertex 94 50.6 0
      vertex 6 51.3211 0.2
      vertex 94 51.3211 0.2
    endloop
  endfacet
  facet normal 0 0.267265 -0.963623
    outer loop
      vertex 6 51.3211 0.2
      vertex 94 50.6 0
      vertex 5.99999 50.6 0
    endloop
  endfacet
  facet normal 0.164001 -0.213746 -0.963024
    outer loop
      vertex 96.6605 1.39178 0.2
      vertex 96.3 2.01627 0
      vertex 97.7626 2.23739 0.2
    endloop
  endfacet
  facet normal -0.164 -0.213735 -0.963027
    outer loop
      vertex 3.33944 1.39178 0.2
      vertex 2.23739 2.23739 0.2
      vertex 3.69999 2.01627 0
    endloop
  endfacet
  facet normal 0.213732 -0.163997 -0.963028
    outer loop
      vertex 97.7626 2.23739 0.2
      vertex 97.2527 2.7473 0
      vertex 97.9837 3.69999 0
    endloop
  endfacet
  facet normal -0.248896 0.103097 -0.963027
    outer loop
      vertex 1.55674 47.1906 0
      vertex 0.860194 47.3772 0.2
      vertex 2.01627 48.3 0
    endloop
  endfacet
  facet normal 0.035162 0.2671 -0.963027
    outer loop
      vertex 95.3772 51.1398 0.2
      vertex 94 50.6 0
      vertex 94 51.3211 0.2
    endloop
  endfacet
  facet normal 0.2671 -0.0351616 -0.963027
    outer loop
      vertex 99.1398 4.62278 0.2
      vertex 98.6 5.99999 0
      vertex 99.3211 6 0.2
    endloop
  endfacet
  facet normal -0.267096 -0.035162 -0.963028
    outer loop
      vertex 0.860194 4.62278 0.2
      vertex 0.678889 6 0.2
      vertex 1.4 5.99999 0
    endloop
  endfacet
  facet normal -0.103092 -0.248892 -0.963029
    outer loop
      vertex 4.62278 0.860194 0.2
      vertex 3.69999 2.01627 0
      vertex 4.80942 1.55674 0
    endloop
  endfacet
  facet normal -0.248901 0.103103 -0.963025
    outer loop
      vertex 2.01627 48.3 0
      vertex 0.860194 47.3772 0.2
      vertex 1.39178 48.6605 0.2
    endloop
  endfacet
  facet normal -0.163999 -0.213726 -0.963029
    outer loop
      vertex 3.69999 2.01627 0
      vertex 2.23739 2.23739 0.2
      vertex 2.7473 2.7473 0
    endloop
  endfacet
  facet normal -0.163997 0.213733 -0.963028
    outer loop
      vertex 3.69999 49.9837 0
      vertex 2.23739 49.7626 0.2
      vertex 3.33944 50.6082 0.2
    endloop
  endfacet
  facet normal -0.213746 0.164001 -0.963024
    outer loop
      vertex 2.01627 48.3 0
      vertex 1.39178 48.6605 0.2
      vertex 2.23739 49.7626 0.2
    endloop
  endfacet
  facet normal -0.609676 -0.0802612 -0.788577
    outer loop
      vertex 0.860194 4.62278 0.2
      vertex 0.420203 5.99999 0.4
      vertex 0.678889 6 0.2
    endloop
  endfacet
  facet normal 0.61163 0 -0.791144
    outer loop
      vertex 99.3211 6 0.2
      vertex 99.5798 46 0.4
      vertex 99.5798 5.99999 0.4
    endloop
  endfacet
  facet normal 0.61163 0 -0.791144
    outer loop
      vertex 99.5798 46 0.4
      vertex 99.3211 6 0.2
      vertex 99.3211 46 0.2
    endloop
  endfacet
  facet normal 0.609657 0.0802577 -0.788592
    outer loop
      vertex 99.3211 46 0.2
      vertex 99.1398 47.3772 0.2
      vertex 99.5798 46 0.4
    endloop
  endfacet
  facet normal 0 0.61163 -0.791144
    outer loop
      vertex 6 51.3211 0.2
      vertex 94 51.5798 0.4
      vertex 94 51.3211 0.2
    endloop
  endfacet
  facet normal 0 0.61163 -0.791144
    outer loop
      vertex 94 51.5798 0.4
      vertex 6 51.3211 0.2
      vertex 5.99999 51.5798 0.4
    endloop
  endfacet
  facet normal 0.568128 0.235344 -0.788571
    outer loop
      vertex 99.1398 47.3772 0.2
      vertex 98.6082 48.6605 0.2
      vertex 98.8322 48.7899 0.4
    endloop
  endfacet
  facet normal -0.568143 -0.23533 -0.788564
    outer loop
      vertex 1.16775 3.21009 0.4
      vertex 0.610328 4.55584 0.4
      vertex 0.860194 4.62278 0.2
    endloop
  endfacet
  facet normal 0.487853 0.374333 -0.78859
    outer loop
      vertex 98.6082 48.6605 0.2
      vertex 97.9455 49.9455 0.4
      vertex 98.8322 48.7899 0.4
    endloop
  endfacet
  facet normal 0.3743 -0.487833 -0.788618
    outer loop
      vertex 96.7899 1.16775 0.4
      vertex 96.6605 1.39178 0.2
      vertex 97.7626 2.23739 0.2
    endloop
  endfacet
  facet normal -0.611651 0 -0.791128
    outer loop
      vertex 0.420203 5.99999 0.4
      vertex 0.678889 46 0.2
      vertex 0.678889 6 0.2
    endloop
  endfacet
  facet normal -0.611651 0 -0.791128
    outer loop
      vertex 0.678889 46 0.2
      vertex 0.420203 5.99999 0.4
      vertex 0.420203 46 0.4
    endloop
  endfacet
  facet normal -0.568122 -0.235328 -0.78858
    outer loop
      vertex 1.16775 3.21009 0.4
      vertex 0.860194 4.62278 0.2
      vertex 1.39178 3.33944 0.2
    endloop
  endfacet
  facet normal -0.487861 -0.374339 -0.788582
    outer loop
      vertex 2.23739 2.23739 0.2
      vertex 1.16775 3.21009 0.4
      vertex 1.39178 3.33944 0.2
    endloop
  endfacet
  facet normal 0.0802703 -0.609695 -0.788561
    outer loop
      vertex 95.4441 0.610328 0.4
      vertex 94 0.420203 0.4
      vertex 95.3772 0.860194 0.2
    endloop
  endfacet
  facet normal -0.568092 0.235323 -0.788603
    outer loop
      vertex 1.39178 48.6605 0.2
      vertex 0.860194 47.3772 0.2
      vertex 1.16775 48.7899 0.4
    endloop
  endfacet
  facet normal 0.374356 0.487911 -0.788543
    outer loop
      vertex 97.7626 49.7626 0.2
      vertex 96.6605 50.6082 0.2
      vertex 97.9455 49.9455 0.4
    endloop
  endfacet
  facet normal -0.609688 -0.0802666 -0.788567
    outer loop
      vertex 0.610328 4.55584 0.4
      vertex 0.420203 5.99999 0.4
      vertex 0.860194 4.62278 0.2
    endloop
  endfacet
  facet normal -0.0802612 -0.609676 -0.788577
    outer loop
      vertex 5.99999 0.420203 0.4
      vertex 4.62278 0.860194 0.2
      vertex 6 0.678889 0.2
    endloop
  endfacet
  facet normal 0.374333 0.487853 -0.78859
    outer loop
      vertex 97.9455 49.9455 0.4
      vertex 96.6605 50.6082 0.2
      vertex 96.7899 50.8322 0.4
    endloop
  endfacet
  facet normal 0 -0.611651 -0.791128
    outer loop
      vertex 94 0.420203 0.4
      vertex 6 0.678889 0.2
      vertex 94 0.678889 0.2
    endloop
  endfacet
  facet normal 0 -0.611651 -0.791128
    outer loop
      vertex 6 0.678889 0.2
      vertex 94 0.420203 0.4
      vertex 5.99999 0.420203 0.4
    endloop
  endfacet
  facet normal 0.487911 0.374356 -0.788543
    outer loop
      vertex 98.6082 48.6605 0.2
      vertex 97.7626 49.7626 0.2
      vertex 97.9455 49.9455 0.4
    endloop
  endfacet
  facet normal 0.0802535 0.609648 -0.788599
    outer loop
      vertex 95.3772 51.1398 0.2
      vertex 94 51.5798 0.4
      vertex 95.4441 51.3897 0.4
    endloop
  endfacet
  facet normal -0.568167 0.235331 -0.788546
    outer loop
      vertex 0.860194 47.3772 0.2
      vertex 0.610328 47.4441 0.4
      vertex 1.16775 48.7899 0.4
    endloop
  endfacet
  facet normal 0.609648 0.0802535 -0.788599
    outer loop
      vertex 99.5798 46 0.4
      vertex 99.1398 47.3772 0.2
      vertex 99.3897 47.4441 0.4
    endloop
  endfacet
  facet normal -0.487833 0.3743 -0.788618
    outer loop
      vertex 1.39178 48.6605 0.2
      vertex 1.16775 48.7899 0.4
      vertex 2.23739 49.7626 0.2
    endloop
  endfacet
  facet normal -0.23533 -0.568143 -0.788564
    outer loop
      vertex 4.55584 0.610328 0.4
      vertex 3.21009 1.16775 0.4
      vertex 4.62278 0.860194 0.2
    endloop
  endfacet
  facet normal 0.487892 -0.374358 -0.788554
    outer loop
      vertex 98.8322 3.21009 0.4
      vertex 97.7626 2.23739 0.2
      vertex 98.6082 3.33944 0.2
    endloop
  endfacet
  facet normal -0.0802666 -0.609688 -0.788567
    outer loop
      vertex 5.99999 0.420203 0.4
      vertex 4.55584 0.610328 0.4
      vertex 4.62278 0.860194 0.2
    endloop
  endfacet
  facet normal -0.609695 0.0802703 -0.788561
    outer loop
      vertex 0.860194 47.3772 0.2
      vertex 0.420203 46 0.4
      vertex 0.610328 47.4441 0.4
    endloop
  endfacet
  facet normal 0.374369 -0.487883 -0.788554
    outer loop
      vertex 97.9455 2.05448 0.4
      vertex 96.7899 1.16775 0.4
      vertex 97.7626 2.23739 0.2
    endloop
  endfacet
  facet normal 0.0802577 0.609657 -0.788592
    outer loop
      vertex 94 51.3211 0.2
      vertex 94 51.5798 0.4
      vertex 95.3772 51.1398 0.2
    endloop
  endfacet
  facet normal -0.374362 -0.487878 -0.788561
    outer loop
      vertex 3.21009 1.16775 0.4
      vertex 2.05448 2.05448 0.4
      vertex 2.23739 2.23739 0.2
    endloop
  endfacet
  facet normal -0.487883 0.374369 -0.788554
    outer loop
      vertex 2.23739 49.7626 0.2
      vertex 1.16775 48.7899 0.4
      vertex 2.05448 49.9455 0.4
    endloop
  endfacet
  facet normal 0.235331 -0.568167 -0.788546
    outer loop
      vertex 95.4441 0.610328 0.4
      vertex 95.3772 0.860194 0.2
      vertex 96.7899 1.16775 0.4
    endloop
  endfacet
  facet normal 0.0802626 -0.609678 -0.788575
    outer loop
      vertex 95.3772 0.860194 0.2
      vertex 94 0.420203 0.4
      vertex 94 0.678889 0.2
    endloop
  endfacet
  facet normal 0.235344 0.568128 -0.788571
    outer loop
      vertex 96.6605 50.6082 0.2
      vertex 95.3772 51.1398 0.2
      vertex 96.7899 50.8322 0.4
    endloop
  endfacet
  facet normal 0.235342 0.568114 -0.788581
    outer loop
      vertex 96.7899 50.8322 0.4
      vertex 95.3772 51.1398 0.2
      vertex 95.4441 51.3897 0.4
    endloop
  endfacet
  facet normal 0.235323 -0.568092 -0.788603
    outer loop
      vertex 96.7899 1.16775 0.4
      vertex 95.3772 0.860194 0.2
      vertex 96.6605 1.39178 0.2
    endloop
  endfacet
  facet normal 0.568114 0.235342 -0.788581
    outer loop
      vertex 99.1398 47.3772 0.2
      vertex 98.8322 48.7899 0.4
      vertex 99.3897 47.4441 0.4
    endloop
  endfacet
  facet normal 0.60964 -0.0802497 -0.788605
    outer loop
      vertex 99.3897 4.55584 0.4
      vertex 99.1398 4.62278 0.2
      vertex 99.5798 5.99999 0.4
    endloop
  endfacet
  facet normal 0.568157 -0.235349 -0.788548
    outer loop
      vertex 98.8322 3.21009 0.4
      vertex 98.6082 3.33944 0.2
      vertex 99.1398 4.62278 0.2
    endloop
  endfacet
  facet normal 0.487894 -0.374361 -0.788551
    outer loop
      vertex 97.9455 2.05448 0.4
      vertex 97.7626 2.23739 0.2
      vertex 98.8322 3.21009 0.4
    endloop
  endfacet
  facet normal 0.609655 -0.0802563 -0.788593
    outer loop
      vertex 99.5798 5.99999 0.4
      vertex 99.1398 4.62278 0.2
      vertex 99.3211 6 0.2
    endloop
  endfacet
  facet normal -0.0802563 0.609655 -0.788593
    outer loop
      vertex 6 51.3211 0.2
      vertex 4.62278 51.1398 0.2
      vertex 5.99999 51.5798 0.4
    endloop
  endfacet
  facet normal -0.0802497 0.60964 -0.788605
    outer loop
      vertex 4.62278 51.1398 0.2
      vertex 4.55584 51.3897 0.4
      vertex 5.99999 51.5798 0.4
    endloop
  endfacet
  facet normal -0.374339 -0.487861 -0.788582
    outer loop
      vertex 3.21009 1.16775 0.4
      vertex 2.23739 2.23739 0.2
      vertex 3.33944 1.39178 0.2
    endloop
  endfacet
  facet normal 0.568091 -0.235341 -0.788598
    outer loop
      vertex 99.3897 4.55584 0.4
      vertex 98.8322 3.21009 0.4
      vertex 99.1398 4.62278 0.2
    endloop
  endfacet
  facet normal -0.235328 -0.568122 -0.78858
    outer loop
      vertex 4.62278 0.860194 0.2
      vertex 3.21009 1.16775 0.4
      vertex 3.33944 1.39178 0.2
    endloop
  endfacet
  facet normal -0.374358 0.487892 -0.788554
    outer loop
      vertex 3.33944 50.6082 0.2
      vertex 2.23739 49.7626 0.2
      vertex 3.21009 50.8322 0.4
    endloop
  endfacet
  facet normal -0.374361 0.487894 -0.788551
    outer loop
      vertex 2.23739 49.7626 0.2
      vertex 2.05448 49.9455 0.4
      vertex 3.21009 50.8322 0.4
    endloop
  endfacet
  facet normal -0.235341 0.568091 -0.788598
    outer loop
      vertex 4.62278 51.1398 0.2
      vertex 3.21009 50.8322 0.4
      vertex 4.55584 51.3897 0.4
    endloop
  endfacet
  facet normal -0.235349 0.568157 -0.788548
    outer loop
      vertex 3.33944 50.6082 0.2
      vertex 3.21009 50.8322 0.4
      vertex 4.62278 51.1398 0.2
    endloop
  endfacet
  facet normal -0.609678 0.0802626 -0.788575
    outer loop
      vertex 0.678889 46 0.2
      vertex 0.420203 46 0.4
      vertex 0.860194 47.3772 0.2
    endloop
  endfacet
  facet normal -0.487878 -0.374362 -0.788561
    outer loop
      vertex 2.05448 2.05448 0.4
      vertex 1.16775 3.21009 0.4
      vertex 2.23739 2.23739 0.2
    endloop
  endfacet
  facet normal -0.759772 -0.100019 -0.642451
    outer loop
      vertex 0.446964 4.51206 0.599999
      vertex 0.251087 5.99999 0.599999
      vertex 0.420203 5.99999 0.4
    endloop
  endfacet
  facet normal 0.466489 0.607927 -0.642504
    outer loop
      vertex 97.9455 49.9455 0.4
      vertex 96.8745 50.9787 0.599999
      vertex 98.0651 50.0651 0.599999
    endloop
  endfacet
  facet normal 0 0.763631 -0.645653
    outer loop
      vertex 94 51.5798 0.4
      vertex 5.99999 51.7489 0.599999
      vertex 94 51.7489 0.599999
    endloop
  endfacet
  facet normal 0 0.763631 -0.645653
    outer loop
      vertex 5.99999 51.7489 0.599999
      vertex 94 51.5798 0.4
      vertex 5.99999 51.5798 0.4
    endloop
  endfacet
  facet normal 0.100037 0.7598 -0.642414
    outer loop
      vertex 94 51.5798 0.4
      vertex 94 51.7489 0.599999
      vertex 95.4879 51.553 0.599999
    endloop
  endfacet
  facet normal 0.466487 -0.607924 -0.64251
    outer loop
      vertex 96.8745 1.02129 0.599999
      vertex 96.7899 1.16775 0.4
      vertex 98.0651 1.93489 0.599999
    endloop
  endfacet
  facet normal -0.100022 -0.759749 -0.642477
    outer loop
      vertex 5.99999 0.420203 0.4
      vertex 4.51206 0.446964 0.599999
      vertex 4.55584 0.610328 0.4
    endloop
  endfacet
  facet normal 0.100028 0.759865 -0.642339
    outer loop
      vertex 95.4441 51.3897 0.4
      vertex 94 51.5798 0.4
      vertex 95.4879 51.553 0.599999
    endloop
  endfacet
  facet normal -0.100035 0.7598 -0.642414
    outer loop
      vertex 5.99999 51.5798 0.4
      vertex 4.51206 51.553 0.599999
      vertex 5.99999 51.7489 0.599999
    endloop
  endfacet
  facet normal 0.607927 0.466489 -0.642504
    outer loop
      vertex 98.9787 48.8745 0.599999
      vertex 97.9455 49.9455 0.4
      vertex 98.0651 50.0651 0.599999
    endloop
  endfacet
  facet normal 0 -0.763601 -0.645689
    outer loop
      vertex 5.99999 0.420203 0.4
      vertex 94 0.251087 0.599999
      vertex 5.99999 0.251087 0.599999
    endloop
  endfacet
  facet normal 0 -0.763601 -0.645689
    outer loop
      vertex 94 0.251087 0.599999
      vertex 5.99999 0.420203 0.4
      vertex 94 0.420203 0.4
    endloop
  endfacet
  facet normal 0.293233 -0.707962 -0.642499
    outer loop
      vertex 95.4879 0.446964 0.599999
      vertex 95.4441 0.610328 0.4
      vertex 96.7899 1.16775 0.4
    endloop
  endfacet
  facet normal -0.293327 0.708062 -0.642345
    outer loop
      vertex 4.55584 51.3897 0.4
      vertex 3.21009 50.8322 0.4
      vertex 4.51206 51.553 0.599999
    endloop
  endfacet
  facet normal 0.293244 0.707889 -0.642574
    outer loop
      vertex 96.7899 50.8322 0.4
      vertex 95.4441 51.3897 0.4
      vertex 96.8745 50.9787 0.599999
    endloop
  endfacet
  facet normal 0.100025 -0.759744 -0.642483
    outer loop
      vertex 95.4879 0.446964 0.599999
      vertex 94 0.420203 0.4
      vertex 95.4441 0.610328 0.4
    endloop
  endfacet
  facet normal -0.707969 0.293239 -0.642489
    outer loop
      vertex 1.16775 48.7899 0.4
      vertex 0.446964 47.4879 0.599999
      vertex 1.02129 48.8745 0.599999
    endloop
  endfacet
  facet normal -0.763601 0 -0.645689
    outer loop
      vertex 0.420203 5.99999 0.4
      vertex 0.251087 46 0.599999
      vertex 0.420203 46 0.4
    endloop
  endfacet
  facet normal -0.763601 -0 -0.645689
    outer loop
      vertex 0.251087 46 0.599999
      vertex 0.420203 5.99999 0.4
      vertex 0.251087 5.99999 0.599999
    endloop
  endfacet
  facet normal -0.607978 -0.466509 -0.642442
    outer loop
      vertex 1.93489 1.93489 0.599999
      vertex 1.02129 3.12554 0.599999
      vertex 1.16775 3.21009 0.4
    endloop
  endfacet
  facet normal -0.707995 -0.293267 -0.642447
    outer loop
      vertex 1.02129 3.12554 0.599999
      vertex 0.446964 4.51206 0.599999
      vertex 1.16775 3.21009 0.4
    endloop
  endfacet
  facet normal 0.759865 0.100028 -0.642339
    outer loop
      vertex 99.5798 46 0.4
      vertex 99.3897 47.4441 0.4
      vertex 99.553 47.4879 0.599999
    endloop
  endfacet
  facet normal -0.100019 -0.759772 -0.642451
    outer loop
      vertex 5.99999 0.251087 0.599999
      vertex 4.51206 0.446964 0.599999
      vertex 5.99999 0.420203 0.4
    endloop
  endfacet
  facet normal 0.100021 -0.759771 -0.642451
    outer loop
      vertex 95.4879 0.446964 0.599999
      vertex 94 0.251087 0.599999
      vertex 94 0.420203 0.4
    endloop
  endfacet
  facet normal -0.293229 0.707936 -0.642529
    outer loop
      vertex 3.21009 50.8322 0.4
      vertex 3.12554 50.9787 0.599999
      vertex 4.51206 51.553 0.599999
    endloop
  endfacet
  facet normal 0.708068 0.293267 -0.642366
    outer loop
      vertex 99.3897 47.4441 0.4
      vertex 98.9787 48.8745 0.599999
      vertex 99.553 47.4879 0.599999
    endloop
  endfacet
  facet normal 0.466436 0.607886 -0.642582
    outer loop
      vertex 97.9455 49.9455 0.4
      vertex 96.7899 50.8322 0.4
      vertex 96.8745 50.9787 0.599999
    endloop
  endfacet
  facet normal 0.293267 0.708068 -0.642366
    outer loop
      vertex 96.8745 50.9787 0.599999
      vertex 95.4441 51.3897 0.4
      vertex 95.4879 51.553 0.599999
    endloop
  endfacet
  facet normal -0.607954 -0.466499 -0.642472
    outer loop
      vertex 1.93489 1.93489 0.599999
      vertex 1.16775 3.21009 0.4
      vertex 2.05448 2.05448 0.4
    endloop
  endfacet
  facet normal 0.7598 0.100037 -0.642414
    outer loop
      vertex 99.5798 46 0.4
      vertex 99.553 47.4879 0.599999
      vertex 99.7489 46 0.599999
    endloop
  endfacet
  facet normal 0.7598 -0.100035 -0.642414
    outer loop
      vertex 99.7489 5.99999 0.599999
      vertex 99.553 4.51206 0.599999
      vertex 99.5798 5.99999 0.4
    endloop
  endfacet
  facet normal -0.100025 0.759871 -0.642333
    outer loop
      vertex 4.55584 51.3897 0.4
      vertex 4.51206 51.553 0.599999
      vertex 5.99999 51.5798 0.4
    endloop
  endfacet
  facet normal 0.607886 0.466436 -0.642582
    outer loop
      vertex 98.8322 48.7899 0.4
      vertex 97.9455 49.9455 0.4
      vertex 98.9787 48.8745 0.599999
    endloop
  endfacet
  facet normal 0.293239 -0.707969 -0.642489
    outer loop
      vertex 96.8745 1.02129 0.599999
      vertex 95.4879 0.446964 0.599999
      vertex 96.7899 1.16775 0.4
    endloop
  endfacet
  facet normal -0.293248 -0.707972 -0.642481
    outer loop
      vertex 4.51206 0.446964 0.599999
      vertex 3.21009 1.16775 0.4
      vertex 4.55584 0.610328 0.4
    endloop
  endfacet
  facet normal -0.607943 0.466494 -0.642486
    outer loop
      vertex 2.05448 49.9455 0.4
      vertex 1.16775 48.7899 0.4
      vertex 1.93489 50.0651 0.599999
    endloop
  endfacet
  facet normal -0.759749 -0.100022 -0.642477
    outer loop
      vertex 0.446964 4.51206 0.599999
      vertex 0.420203 5.99999 0.4
      vertex 0.610328 4.55584 0.4
    endloop
  endfacet
  facet normal -0.466509 -0.607978 -0.642442
    outer loop
      vertex 3.12554 1.02129 0.599999
      vertex 1.93489 1.93489 0.599999
      vertex 3.21009 1.16775 0.4
    endloop
  endfacet
  facet normal -0.293267 -0.707995 -0.642447
    outer loop
      vertex 4.51206 0.446964 0.599999
      vertex 3.12554 1.02129 0.599999
      vertex 3.21009 1.16775 0.4
    endloop
  endfacet
  facet normal -0.607924 0.466487 -0.64251
    outer loop
      vertex 1.16775 48.7899 0.4
      vertex 1.02129 48.8745 0.599999
      vertex 1.93489 50.0651 0.599999
    endloop
  endfacet
  facet normal -0.759771 0.100021 -0.642451
    outer loop
      vertex 0.420203 46 0.4
      vertex 0.251087 46 0.599999
      vertex 0.446964 47.4879 0.599999
    endloop
  endfacet
  facet normal 0.707889 0.293244 -0.642574
    outer loop
      vertex 99.3897 47.4441 0.4
      vertex 98.8322 48.7899 0.4
      vertex 98.9787 48.8745 0.599999
    endloop
  endfacet
  facet normal -0.707972 -0.293248 -0.642481
    outer loop
      vertex 1.16775 3.21009 0.4
      vertex 0.446964 4.51206 0.599999
      vertex 0.610328 4.55584 0.4
    endloop
  endfacet
  facet normal 0.759871 -0.100025 -0.642333
    outer loop
      vertex 99.553 4.51206 0.599999
      vertex 99.3897 4.55584 0.4
      vertex 99.5798 5.99999 0.4
    endloop
  endfacet
  facet normal 0.607934 -0.466468 -0.642514
    outer loop
      vertex 98.9787 3.12554 0.599999
      vertex 97.9455 2.05448 0.4
      vertex 98.8322 3.21009 0.4
    endloop
  endfacet
  facet normal -0.466499 -0.607954 -0.642472
    outer loop
      vertex 3.21009 1.16775 0.4
      vertex 1.93489 1.93489 0.599999
      vertex 2.05448 2.05448 0.4
    endloop
  endfacet
  facet normal -0.759744 0.100025 -0.642483
    outer loop
      vertex 0.610328 47.4441 0.4
      vertex 0.420203 46 0.4
      vertex 0.446964 47.4879 0.599999
    endloop
  endfacet
  facet normal 0.707936 -0.293229 -0.642529
    outer loop
      vertex 98.9787 3.12554 0.599999
      vertex 98.8322 3.21009 0.4
      vertex 99.553 4.51206 0.599999
    endloop
  endfacet
  facet normal -0.707962 0.293233 -0.642499
    outer loop
      vertex 0.610328 47.4441 0.4
      vertex 0.446964 47.4879 0.599999
      vertex 1.16775 48.7899 0.4
    endloop
  endfacet
  facet normal 0.763631 0 -0.645653
    outer loop
      vertex 99.7489 46 0.599999
      vertex 99.5798 5.99999 0.4
      vertex 99.5798 46 0.4
    endloop
  endfacet
  facet normal 0.763631 0 -0.645653
    outer loop
      vertex 99.5798 5.99999 0.4
      vertex 99.7489 46 0.599999
      vertex 99.7489 5.99999 0.599999
    endloop
  endfacet
  facet normal -0.466485 0.607947 -0.64249
    outer loop
      vertex 2.05448 49.9455 0.4
      vertex 1.93489 50.0651 0.599999
      vertex 3.12554 50.9787 0.599999
    endloop
  endfacet
  facet normal -0.466468 0.607934 -0.642514
    outer loop
      vertex 3.21009 50.8322 0.4
      vertex 2.05448 49.9455 0.4
      vertex 3.12554 50.9787 0.599999
    endloop
  endfacet
  facet normal 0.708062 -0.293327 -0.642345
    outer loop
      vertex 99.553 4.51206 0.599999
      vertex 98.8322 3.21009 0.4
      vertex 99.3897 4.55584 0.4
    endloop
  endfacet
  facet normal 0.607947 -0.466485 -0.64249
    outer loop
      vertex 98.0651 1.93489 0.599999
      vertex 97.9455 2.05448 0.4
      vertex 98.9787 3.12554 0.599999
    endloop
  endfacet
  facet normal 0.466494 -0.607943 -0.642486
    outer loop
      vertex 98.0651 1.93489 0.599999
      vertex 96.7899 1.16775 0.4
      vertex 97.9455 2.05448 0.4
    endloop
  endfacet
  facet normal 0.859475 -0.113158 -0.498496
    outer loop
      vertex 99.8649 5.99999 0.799999
      vertex 99.553 4.51206 0.599999
      vertex 99.7489 5.99999 0.599999
    endloop
  endfacet
  facet normal -0.687774 0.527781 -0.498412
    outer loop
      vertex 1.93489 50.0651 0.599999
      vertex 0.920825 48.9325 0.799999
      vertex 1.85288 50.1471 0.799999
    endloop
  endfacet
  facet normal -0.800908 -0.331748 -0.498488
    outer loop
      vertex 0.920825 3.06754 0.799999
      vertex 0.334918 4.48204 0.799999
      vertex 0.446964 4.51206 0.599999
    endloop
  endfacet
  facet normal 0.865031 0 -0.501718
    outer loop
      vertex 99.8649 46 0.799999
      vertex 99.7489 5.99999 0.599999
      vertex 99.7489 46 0.599999
    endloop
  endfacet
  facet normal 0.865031 0 -0.501718
    outer loop
      vertex 99.7489 5.99999 0.599999
      vertex 99.8649 46 0.799999
      vertex 99.8649 5.99999 0.799999
    endloop
  endfacet
  facet normal 0.113132 0.859478 -0.498497
    outer loop
      vertex 94 51.7489 0.599999
      vertex 94 51.8649 0.799999
      vertex 95.5179 51.6651 0.799999
    endloop
  endfacet
  facet normal 0.331743 0.800906 -0.498495
    outer loop
      vertex 96.8745 50.9787 0.599999
      vertex 95.5179 51.6651 0.799999
      vertex 96.9324 51.0792 0.799999
    endloop
  endfacet
  facet normal 0.687799 -0.527756 -0.498404
    outer loop
      vertex 98.1471 1.85288 0.799999
      vertex 98.0651 1.93489 0.599999
      vertex 98.9787 3.12554 0.599999
    endloop
  endfacet
  facet normal 0.687797 0.527777 -0.498385
    outer loop
      vertex 98.9787 48.8745 0.599999
      vertex 98.0651 50.0651 0.599999
      vertex 98.1471 50.1471 0.799999
    endloop
  endfacet
  facet normal -0.800892 -0.331746 -0.498514
    outer loop
      vertex 0.920825 3.06754 0.799999
      vertex 0.446964 4.51206 0.599999
      vertex 1.02129 3.12554 0.599999
    endloop
  endfacet
  facet normal -0.527715 0.687688 -0.4986
    outer loop
      vertex 3.12554 50.9787 0.599999
      vertex 1.85288 50.1471 0.799999
      vertex 3.06754 51.0792 0.799999
    endloop
  endfacet
  facet normal -0.113158 0.859475 -0.498496
    outer loop
      vertex 5.99999 51.7489 0.599999
      vertex 4.51206 51.553 0.599999
      vertex 5.99999 51.8649 0.799999
    endloop
  endfacet
  facet normal -0.865035 0 -0.501712
    outer loop
      vertex 0.251087 5.99999 0.599999
      vertex 0.135089 46 0.799999
      vertex 0.251087 46 0.599999
    endloop
  endfacet
  facet normal -0.865035 -0 -0.501712
    outer loop
      vertex 0.135089 46 0.799999
      vertex 0.251087 5.99999 0.599999
      vertex 0.135089 5.99999 0.799999
    endloop
  endfacet
  facet normal -0.113145 -0.85948 -0.49849
    outer loop
      vertex 5.99999 0.135089 0.799999
      vertex 4.48204 0.334918 0.799999
      vertex 4.51206 0.446964 0.599999
    endloop
  endfacet
  facet normal -0.859485 0.113148 -0.498481
    outer loop
      vertex 0.446964 47.4879 0.599999
      vertex 0.251087 46 0.599999
      vertex 0.334918 47.5179 0.799999
    endloop
  endfacet
  facet normal -0.113145 -0.85948 -0.49849
    outer loop
      vertex 5.99999 0.135089 0.799999
      vertex 4.51206 0.446964 0.599999
      vertex 5.99999 0.251087 0.599999
    endloop
  endfacet
  facet normal 0.113148 -0.859485 -0.498481
    outer loop
      vertex 95.5179 0.334918 0.799999
      vertex 94 0.251087 0.599999
      vertex 95.4879 0.446964 0.599999
    endloop
  endfacet
  facet normal -0.331746 -0.800892 -0.498514
    outer loop
      vertex 4.51206 0.446964 0.599999
      vertex 3.06754 0.920825 0.799999
      vertex 3.12554 1.02129 0.599999
    endloop
  endfacet
  facet normal 0.859383 0.113148 -0.498656
    outer loop
      vertex 99.7489 46 0.599999
      vertex 99.553 47.4879 0.599999
      vertex 99.6651 47.5179 0.799999
    endloop
  endfacet
  facet normal -0.331716 0.800839 -0.498619
    outer loop
      vertex 3.12554 50.9787 0.599999
      vertex 3.06754 51.0792 0.799999
      vertex 4.48204 51.6651 0.799999
    endloop
  endfacet
  facet normal -0.85948 0.113149 -0.49849
    outer loop
      vertex 0.251087 46 0.599999
      vertex 0.135089 46 0.799999
      vertex 0.334918 47.5179 0.799999
    endloop
  endfacet
  facet normal 0.113149 -0.85948 -0.49849
    outer loop
      vertex 95.5179 0.334918 0.799999
      vertex 94 0.135089 0.799999
      vertex 94 0.251087 0.599999
    endloop
  endfacet
  facet normal -0.800929 0.331733 -0.498464
    outer loop
      vertex 0.446964 47.4879 0.599999
      vertex 0.334918 47.5179 0.799999
      vertex 0.920825 48.9325 0.799999
    endloop
  endfacet
  facet normal 0.113148 0.859383 -0.498656
    outer loop
      vertex 95.4879 51.553 0.599999
      vertex 94 51.7489 0.599999
      vertex 95.5179 51.6651 0.799999
    endloop
  endfacet
  facet normal 0.331758 -0.800965 -0.498389
    outer loop
      vertex 96.9324 0.920825 0.799999
      vertex 95.4879 0.446964 0.599999
      vertex 96.8745 1.02129 0.599999
    endloop
  endfacet
  facet normal -0.85948 -0.113145 -0.49849
    outer loop
      vertex 0.446964 4.51206 0.599999
      vertex 0.135089 5.99999 0.799999
      vertex 0.251087 5.99999 0.599999
    endloop
  endfacet
  facet normal -0.687739 0.527733 -0.498511
    outer loop
      vertex 1.02129 48.8745 0.599999
      vertex 0.920825 48.9325 0.799999
      vertex 1.93489 50.0651 0.599999
    endloop
  endfacet
  facet normal -0.85948 -0.113145 -0.49849
    outer loop
      vertex 0.334918 4.48204 0.799999
      vertex 0.135089 5.99999 0.799999
      vertex 0.446964 4.51206 0.599999
    endloop
  endfacet
  facet normal 0 -0.865035 -0.501712
    outer loop
      vertex 5.99999 0.251087 0.599999
      vertex 94 0.135089 0.799999
      vertex 5.99999 0.135089 0.799999
    endloop
  endfacet
  facet normal 0 -0.865035 -0.501712
    outer loop
      vertex 94 0.135089 0.799999
      vertex 5.99999 0.251087 0.599999
      vertex 94 0.251087 0.599999
    endloop
  endfacet
  facet normal 0.331692 0.800844 -0.498627
    outer loop
      vertex 96.8745 50.9787 0.599999
      vertex 95.4879 51.553 0.599999
      vertex 95.5179 51.6651 0.799999
    endloop
  endfacet
  facet normal 0.68782 0.527785 -0.498343
    outer loop
      vertex 98.9787 48.8745 0.599999
      vertex 98.1471 50.1471 0.799999
      vertex 99.0791 48.9325 0.799999
    endloop
  endfacet
  facet normal -0.527718 -0.687749 -0.498512
    outer loop
      vertex 3.06754 0.920825 0.799999
      vertex 1.93489 1.93489 0.599999
      vertex 3.12554 1.02129 0.599999
    endloop
  endfacet
  facet normal 0.800844 0.331692 -0.498627
    outer loop
      vertex 99.553 47.4879 0.599999
      vertex 98.9787 48.8745 0.599999
      vertex 99.6651 47.5179 0.799999
    endloop
  endfacet
  facet normal -0.800899 0.33173 -0.498513
    outer loop
      vertex 1.02129 48.8745 0.599999
      vertex 0.446964 47.4879 0.599999
      vertex 0.920825 48.9325 0.799999
    endloop
  endfacet
  facet normal -0.331704 0.800825 -0.498651
    outer loop
      vertex 4.51206 51.553 0.599999
      vertex 3.12554 50.9787 0.599999
      vertex 4.48204 51.6651 0.799999
    endloop
  endfacet
  facet normal 0.800825 -0.331704 -0.498651
    outer loop
      vertex 99.6651 4.48204 0.799999
      vertex 98.9787 3.12554 0.599999
      vertex 99.553 4.51206 0.599999
    endloop
  endfacet
  facet normal 0.859383 -0.113116 -0.498663
    outer loop
      vertex 99.6651 4.48204 0.799999
      vertex 99.553 4.51206 0.599999
      vertex 99.8649 5.99999 0.799999
    endloop
  endfacet
  facet normal 0.331753 -0.800921 -0.498463
    outer loop
      vertex 95.5179 0.334918 0.799999
      vertex 95.4879 0.446964 0.599999
      vertex 96.9324 0.920825 0.799999
    endloop
  endfacet
  facet normal -0.687778 -0.527758 -0.498431
    outer loop
      vertex 1.85288 1.85288 0.799999
      vertex 0.920825 3.06754 0.799999
      vertex 1.93489 1.93489 0.599999
    endloop
  endfacet
  facet normal -0.687749 -0.527718 -0.498512
    outer loop
      vertex 1.93489 1.93489 0.599999
      vertex 0.920825 3.06754 0.799999
      vertex 1.02129 3.12554 0.599999
    endloop
  endfacet
  facet normal -0.527758 -0.687778 -0.498431
    outer loop
      vertex 3.06754 0.920825 0.799999
      vertex 1.85288 1.85288 0.799999
      vertex 1.93489 1.93489 0.599999
    endloop
  endfacet
  facet normal 0.527802 -0.68783 -0.498313
    outer loop
      vertex 96.9324 0.920825 0.799999
      vertex 96.8745 1.02129 0.599999
      vertex 98.0651 1.93489 0.599999
    endloop
  endfacet
  facet normal -0.331748 -0.800908 -0.498488
    outer loop
      vertex 4.48204 0.334918 0.799999
      vertex 3.06754 0.920825 0.799999
      vertex 4.51206 0.446964 0.599999
    endloop
  endfacet
  facet normal -0.527756 0.687799 -0.498404
    outer loop
      vertex 1.93489 50.0651 0.599999
      vertex 1.85288 50.1471 0.799999
      vertex 3.12554 50.9787 0.599999
    endloop
  endfacet
  facet normal -0.113116 0.859383 -0.498663
    outer loop
      vertex 4.51206 51.553 0.599999
      vertex 4.48204 51.6651 0.799999
      vertex 5.99999 51.8649 0.799999
    endloop
  endfacet
  facet normal 0.687832 -0.527769 -0.498345
    outer loop
      vertex 99.0791 3.06754 0.799999
      vertex 98.1471 1.85288 0.799999
      vertex 98.9787 3.12554 0.599999
    endloop
  endfacet
  facet normal 0.800978 -0.33183 -0.498321
    outer loop
      vertex 99.0791 3.06754 0.799999
      vertex 98.9787 3.12554 0.599999
      vertex 99.6651 4.48204 0.799999
    endloop
  endfacet
  facet normal 0 0.865031 -0.501718
    outer loop
      vertex 94 51.7489 0.599999
      vertex 5.99999 51.8649 0.799999
      vertex 94 51.8649 0.799999
    endloop
  endfacet
  facet normal 0 0.865031 -0.501718
    outer loop
      vertex 5.99999 51.8649 0.799999
      vertex 94 51.7489 0.599999
      vertex 5.99999 51.7489 0.599999
    endloop
  endfacet
  facet normal 0.527754 -0.687796 -0.49841
    outer loop
      vertex 98.1471 1.85288 0.799999
      vertex 96.9324 0.920825 0.799999
      vertex 98.0651 1.93489 0.599999
    endloop
  endfacet
  facet normal 0.859478 0.113132 -0.498497
    outer loop
      vertex 99.7489 46 0.599999
      vertex 99.6651 47.5179 0.799999
      vertex 99.8649 46 0.799999
    endloop
  endfacet
  facet normal 0.527777 0.687797 -0.498385
    outer loop
      vertex 98.0651 50.0651 0.599999
      vertex 96.8745 50.9787 0.599999
      vertex 98.1471 50.1471 0.799999
    endloop
  endfacet
  facet normal 0.527773 0.687786 -0.498403
    outer loop
      vertex 98.1471 50.1471 0.799999
      vertex 96.8745 50.9787 0.599999
      vertex 96.9324 51.0792 0.799999
    endloop
  endfacet
  facet normal 0.800987 0.33181 -0.49832
    outer loop
      vertex 99.6651 47.5179 0.799999
      vertex 98.9787 48.8745 0.599999
      vertex 99.0791 48.9325 0.799999
    endloop
  endfacet
  facet normal -0.863574 0.35768 -0.355395
    outer loop
      vertex 0.920825 48.9325 0.799999
      vertex 0.334918 47.5179 0.799999
      vertex 0.85438 48.9708 1
    endloop
  endfacet
  facet normal -0.74156 0.569055 -0.355337
    outer loop
      vertex 0.920825 48.9325 0.799999
      vertex 0.85438 48.9708 1
      vertex 1.85288 50.1471 0.799999
    endloop
  endfacet
  facet normal -0.357686 -0.863537 -0.355478
    outer loop
      vertex 4.46218 0.260813 1
      vertex 3.02917 0.85438 1
      vertex 4.48204 0.334918 0.799999
    endloop
  endfacet
  facet normal -0.357685 -0.863526 -0.355505
    outer loop
      vertex 4.48204 0.334918 0.799999
      vertex 3.02917 0.85438 1
      vertex 3.06754 0.920825 0.799999
    endloop
  endfacet
  facet normal -0.121971 0.926723 -0.355397
    outer loop
      vertex 5.99999 51.8649 0.799999
      vertex 4.46218 51.7392 1
      vertex 5.99999 51.9416 1
    endloop
  endfacet
  facet normal 0.357698 0.863514 -0.355521
    outer loop
      vertex 96.9708 51.1456 1
      vertex 95.5179 51.6651 0.799999
      vertex 95.5378 51.7392 1
    endloop
  endfacet
  facet normal -0.357705 0.863537 -0.355459
    outer loop
      vertex 4.48204 51.6651 0.799999
      vertex 3.02917 51.1456 1
      vertex 4.46218 51.7392 1
    endloop
  endfacet
  facet normal -0.926682 0.121999 -0.355496
    outer loop
      vertex 0.334918 47.5179 0.799999
      vertex 0.0583591 46 1
      vertex 0.260813 47.5378 1
    endloop
  endfacet
  facet normal 0.926723 0.121972 -0.355397
    outer loop
      vertex 99.8649 46 0.799999
      vertex 99.7392 47.5378 1
      vertex 99.9416 46 1
    endloop
  endfacet
  facet normal -0.121977 0.926701 -0.355453
    outer loop
      vertex 4.48204 51.6651 0.799999
      vertex 4.46218 51.7392 1
      vertex 5.99999 51.8649 0.799999
    endloop
  endfacet
  facet normal 0 0.933695 -0.35807
    outer loop
      vertex 94 51.8649 0.799999
      vertex 5.99999 51.9416 1
      vertex 94 51.9416 1
    endloop
  endfacet
  facet normal 0 0.933695 -0.35807
    outer loop
      vertex 5.99999 51.9416 1
      vertex 94 51.8649 0.799999
      vertex 5.99999 51.8649 0.799999
    endloop
  endfacet
  facet normal 0.569019 0.741538 -0.355441
    outer loop
      vertex 98.1471 50.1471 0.799999
      vertex 96.9324 51.0792 0.799999
      vertex 96.9708 51.1456 1
    endloop
  endfacet
  facet normal -0.933648 0 -0.358192
    outer loop
      vertex 0.135089 46 0.799999
      vertex 0.0583591 5.99999 1
      vertex 0.0583591 46 1
    endloop
  endfacet
  facet normal -0.933648 0 -0.358192
    outer loop
      vertex 0.0583591 5.99999 1
      vertex 0.135089 46 0.799999
      vertex 0.135089 5.99999 0.799999
    endloop
  endfacet
  facet normal 0.933695 0 -0.35807
    outer loop
      vertex 99.9416 5.99999 1
      vertex 99.8649 46 0.799999
      vertex 99.9416 46 1
    endloop
  endfacet
  facet normal 0.933695 0 -0.35807
    outer loop
      vertex 99.8649 46 0.799999
      vertex 99.9416 5.99999 1
      vertex 99.8649 5.99999 0.799999
    endloop
  endfacet
  facet normal -0.741521 -0.568997 -0.355512
    outer loop
      vertex 1.85288 1.85288 0.799999
      vertex 0.85438 3.02917 1
      vertex 0.920825 3.06754 0.799999
    endloop
  endfacet
  facet normal -0.863514 0.357679 -0.355541
    outer loop
      vertex 0.334918 47.5179 0.799999
      vertex 0.260813 47.5378 1
      vertex 0.85438 48.9708 1
    endloop
  endfacet
  facet normal 0.121972 0.926723 -0.355397
    outer loop
      vertex 95.5378 51.7392 1
      vertex 94 51.8649 0.799999
      vertex 94 51.9416 1
    endloop
  endfacet
  facet normal -0.568943 0.741488 -0.355667
    outer loop
      vertex 1.85288 50.1471 0.799999
      vertex 1.79862 50.2014 1
      vertex 3.02917 51.1456 1
    endloop
  endfacet
  facet normal 0.121995 -0.926674 -0.355516
    outer loop
      vertex 94 0.0583591 1
      vertex 94 0.135089 0.799999
      vertex 95.5179 0.334918 0.799999
    endloop
  endfacet
  facet normal 0.926692 0.12198 -0.355475
    outer loop
      vertex 99.8649 46 0.799999
      vertex 99.6651 47.5179 0.799999
      vertex 99.7392 47.5378 1
    endloop
  endfacet
  facet normal 0.926701 -0.121977 -0.355453
    outer loop
      vertex 99.7392 4.46218 1
      vertex 99.6651 4.48204 0.799999
      vertex 99.8649 5.99999 0.799999
    endloop
  endfacet
  facet normal 0.863514 0.357698 -0.355521
    outer loop
      vertex 99.6651 47.5179 0.799999
      vertex 99.1456 48.9708 1
      vertex 99.7392 47.5378 1
    endloop
  endfacet
  facet normal 0.926723 -0.121971 -0.355397
    outer loop
      vertex 99.9416 5.99999 1
      vertex 99.7392 4.46218 1
      vertex 99.8649 5.99999 0.799999
    endloop
  endfacet
  facet normal -0.926674 0.121995 -0.355516
    outer loop
      vertex 0.135089 46 0.799999
      vertex 0.0583591 46 1
      vertex 0.334918 47.5179 0.799999
    endloop
  endfacet
  facet normal 0.357679 -0.863514 -0.355541
    outer loop
      vertex 95.5378 0.260813 1
      vertex 95.5179 0.334918 0.799999
      vertex 96.9708 0.85438 1
    endloop
  endfacet
  facet normal -0.741497 0.568951 -0.355636
    outer loop
      vertex 1.85288 50.1471 0.799999
      vertex 0.85438 48.9708 1
      vertex 1.79862 50.2014 1
    endloop
  endfacet
  facet normal 0.3577 0.863571 -0.355382
    outer loop
      vertex 96.9324 51.0792 0.799999
      vertex 95.5179 51.6651 0.799999
      vertex 96.9708 51.1456 1
    endloop
  endfacet
  facet normal 0.741522 0.568993 -0.355516
    outer loop
      vertex 99.0791 48.9325 0.799999
      vertex 98.1471 50.1471 0.799999
      vertex 99.1456 48.9708 1
    endloop
  endfacet
  facet normal 0.863432 -0.357703 -0.355715
    outer loop
      vertex 99.1456 3.02917 1
      vertex 99.0791 3.06754 0.799999
      vertex 99.6651 4.48204 0.799999
    endloop
  endfacet
  facet normal -0.926675 -0.121991 -0.355517
    outer loop
      vertex 0.334918 4.48204 0.799999
      vertex 0.0583591 5.99999 1
      vertex 0.135089 5.99999 0.799999
    endloop
  endfacet
  facet normal -0.121999 -0.92669 -0.355475
    outer loop
      vertex 5.99999 0.0583591 1
      vertex 4.46218 0.260813 1
      vertex 4.48204 0.334918 0.799999
    endloop
  endfacet
  facet normal -0.568997 -0.741521 -0.355512
    outer loop
      vertex 3.02917 0.85438 1
      vertex 1.85288 1.85288 0.799999
      vertex 3.06754 0.920825 0.799999
    endloop
  endfacet
  facet normal -0.569049 0.741552 -0.355365
    outer loop
      vertex 3.06754 51.0792 0.799999
      vertex 1.85288 50.1471 0.799999
      vertex 3.02917 51.1456 1
    endloop
  endfacet
  facet normal -0.568988 -0.741515 -0.355538
    outer loop
      vertex 3.02917 0.85438 1
      vertex 1.79862 1.79862 1
      vertex 1.85288 1.85288 0.799999
    endloop
  endfacet
  facet normal -0.357706 0.863587 -0.355335
    outer loop
      vertex 3.06754 51.0792 0.799999
      vertex 3.02917 51.1456 1
      vertex 4.48204 51.6651 0.799999
    endloop
  endfacet
  facet normal -0.92669 -0.121999 -0.355475
    outer loop
      vertex 0.260813 4.46218 1
      vertex 0.0583591 5.99999 1
      vertex 0.334918 4.48204 0.799999
    endloop
  endfacet
  facet normal -0.741515 -0.568988 -0.355538
    outer loop
      vertex 1.79862 1.79862 1
      vertex 0.85438 3.02917 1
      vertex 1.85288 1.85288 0.799999
    endloop
  endfacet
  facet normal 0.86348 0.357698 -0.355604
    outer loop
      vertex 99.6651 47.5179 0.799999
      vertex 99.0791 48.9325 0.799999
      vertex 99.1456 48.9708 1
    endloop
  endfacet
  facet normal 0.863537 -0.357705 -0.355459
    outer loop
      vertex 99.7392 4.46218 1
      vertex 99.1456 3.02917 1
      vertex 99.6651 4.48204 0.799999
    endloop
  endfacet
  facet normal 0.121999 -0.926682 -0.355496
    outer loop
      vertex 95.5378 0.260813 1
      vertex 94 0.0583591 1
      vertex 95.5179 0.334918 0.799999
    endloop
  endfacet
  facet normal -0.121991 -0.926675 -0.355517
    outer loop
      vertex 5.99999 0.0583591 1
      vertex 4.48204 0.334918 0.799999
      vertex 5.99999 0.135089 0.799999
    endloop
  endfacet
  facet normal 0 -0.933648 -0.358192
    outer loop
      vertex 5.99999 0.135089 0.799999
      vertex 94 0.0583591 1
      vertex 5.99999 0.0583591 1
    endloop
  endfacet
  facet normal 0 -0.933648 -0.358192
    outer loop
      vertex 94 0.0583591 1
      vertex 5.99999 0.135089 0.799999
      vertex 94 0.135089 0.799999
    endloop
  endfacet
  facet normal 0.357679 -0.86351 -0.355552
    outer loop
      vertex 96.9708 0.85438 1
      vertex 95.5179 0.334918 0.799999
      vertex 96.9324 0.920825 0.799999
    endloop
  endfacet
  facet normal 0.568968 -0.741507 -0.355587
    outer loop
      vertex 96.9708 0.85438 1
      vertex 96.9324 0.920825 0.799999
      vertex 98.1471 1.85288 0.799999
    endloop
  endfacet
  facet normal 0.12198 0.926692 -0.355475
    outer loop
      vertex 95.5179 51.6651 0.799999
      vertex 94 51.8649 0.799999
      vertex 95.5378 51.7392 1
    endloop
  endfacet
  facet normal -0.863526 -0.357685 -0.355505
    outer loop
      vertex 0.85438 3.02917 1
      vertex 0.334918 4.48204 0.799999
      vertex 0.920825 3.06754 0.799999
    endloop
  endfacet
  facet normal 0.741483 -0.568935 -0.355691
    outer loop
      vertex 99.1456 3.02917 1
      vertex 98.1471 1.85288 0.799999
      vertex 99.0791 3.06754 0.799999
    endloop
  endfacet
  facet normal 0.74147 0.568906 -0.355765
    outer loop
      vertex 99.1456 48.9708 1
      vertex 98.1471 50.1471 0.799999
      vertex 98.2014 50.2014 1
    endloop
  endfacet
  facet normal 0.568906 0.74147 -0.355765
    outer loop
      vertex 98.1471 50.1471 0.799999
      vertex 96.9708 51.1456 1
      vertex 98.2014 50.2014 1
    endloop
  endfacet
  facet normal 0.568951 -0.741497 -0.355636
    outer loop
      vertex 98.2014 1.79862 1
      vertex 96.9708 0.85438 1
      vertex 98.1471 1.85288 0.799999
    endloop
  endfacet
  facet normal -0.863537 -0.357686 -0.355478
    outer loop
      vertex 0.85438 3.02917 1
      vertex 0.260813 4.46218 1
      vertex 0.334918 4.48204 0.799999
    endloop
  endfacet
  facet normal 0.741488 -0.568943 -0.355667
    outer loop
      vertex 98.2014 1.79862 1
      vertex 98.1471 1.85288 0.799999
      vertex 99.1456 3.02917 1
    endloop
  endfacet
  facet normal -0.775141 0.594766 -0.213098
    outer loop
      vertex 1.79862 50.2014 1
      vertex 0.85438 48.9708 1
      vertex 1.7675 50.2325 1.2
    endloop
  endfacet
  facet normal 0.127523 -0.96867 -0.21311
    outer loop
      vertex 95.5492 0.218307 1.2
      vertex 94 0.0143585 1.2
      vertex 94 0.0583591 1
    endloop
  endfacet
  facet normal 0.127526 -0.968663 -0.213139
    outer loop
      vertex 95.5492 0.218307 1.2
      vertex 94 0.0583591 1
      vertex 95.5378 0.260813 1
    endloop
  endfacet
  facet normal -0.127524 -0.968669 -0.213116
    outer loop
      vertex 5.99998 0.0143585 1.2
      vertex 4.45079 0.218307 1.2
      vertex 5.99999 0.0583591 1
    endloop
  endfacet
  facet normal 0.976644 0 -0.214862
    outer loop
      vertex 99.9856 46 1.2
      vertex 99.9416 5.99999 1
      vertex 99.9416 46 1
    endloop
  endfacet
  facet normal 0.976644 0 -0.214862
    outer loop
      vertex 99.9416 5.99999 1
      vertex 99.9856 46 1.2
      vertex 99.9856 5.99998 1.2
    endloop
  endfacet
  facet normal 0.373917 0.902652 -0.213086
    outer loop
      vertex 96.9708 51.1456 1
      vertex 95.5492 51.7817 1.2
      vertex 96.9928 51.1837 1.2
    endloop
  endfacet
  facet normal -0.775126 -0.594774 -0.213129
    outer loop
      vertex 1.7675 1.7675 1.2
      vertex 0.816269 3.00717 1.2
      vertex 0.85438 3.02917 1
    endloop
  endfacet
  facet normal -0.594773 -0.775119 -0.213155
    outer loop
      vertex 3.02917 0.85438 1
      vertex 1.7675 1.7675 1.2
      vertex 1.79862 1.79862 1
    endloop
  endfacet
  facet normal -0.976644 0 -0.214865
    outer loop
      vertex 0.0583591 5.99999 1
      vertex 0.0143585 46 1.2
      vertex 0.0583591 46 1
    endloop
  endfacet
  facet normal -0.976644 -0 -0.214865
    outer loop
      vertex 0.0143585 46 1.2
      vertex 0.0583591 5.99999 1
      vertex 0.0143585 5.99998 1.2
    endloop
  endfacet
  facet normal -0.775133 0.594765 -0.21313
    outer loop
      vertex 0.85438 48.9708 1
      vertex 0.816269 48.9928 1.2
      vertex 1.7675 50.2325 1.2
    endloop
  endfacet
  facet normal 0.59476 0.775166 -0.213023
    outer loop
      vertex 98.2014 50.2014 1
      vertex 96.9708 51.1456 1
      vertex 98.2325 50.2325 1.2
    endloop
  endfacet
  facet normal 0.127493 0.968674 -0.213108
    outer loop
      vertex 94 51.9416 1
      vertex 94 51.9856 1.2
      vertex 95.5492 51.7817 1.2
    endloop
  endfacet
  facet normal -0.594767 0.775144 -0.213081
    outer loop
      vertex 1.79862 50.2014 1
      vertex 1.7675 50.2325 1.2
      vertex 3.02917 51.1456 1
    endloop
  endfacet
  facet normal 0.775166 0.59476 -0.213023
    outer loop
      vertex 99.1456 48.9708 1
      vertex 98.2014 50.2014 1
      vertex 98.2325 50.2325 1.2
    endloop
  endfacet
  facet normal 0.373892 -0.902651 -0.213133
    outer loop
      vertex 96.9928 0.816269 1.2
      vertex 95.5492 0.218307 1.2
      vertex 96.9708 0.85438 1
    endloop
  endfacet
  facet normal 0 -0.976644 -0.214865
    outer loop
      vertex 5.99999 0.0583591 1
      vertex 94 0.0143585 1.2
      vertex 5.99998 0.0143585 1.2
    endloop
  endfacet
  facet normal 0 -0.976644 -0.214865
    outer loop
      vertex 94 0.0143585 1.2
      vertex 5.99999 0.0583591 1
      vertex 94 0.0583591 1
    endloop
  endfacet
  facet normal -0.127493 0.968675 -0.213104
    outer loop
      vertex 4.46218 51.7392 1
      vertex 4.45079 51.7817 1.2
      vertex 5.99999 51.9416 1
    endloop
  endfacet
  facet normal -0.968665 -0.127525 -0.213133
    outer loop
      vertex 0.218307 4.45079 1.2
      vertex 0.0583591 5.99999 1
      vertex 0.260813 4.46218 1
    endloop
  endfacet
  facet normal 0.902654 -0.373912 -0.213086
    outer loop
      vertex 99.1837 3.00717 1.2
      vertex 99.1456 3.02917 1
      vertex 99.7817 4.45079 1.2
    endloop
  endfacet
  facet normal -0.902653 -0.373888 -0.213134
    outer loop
      vertex 0.85438 3.02917 1
      vertex 0.218307 4.45079 1.2
      vertex 0.260813 4.46218 1
    endloop
  endfacet
  facet normal -0.373912 0.902654 -0.213086
    outer loop
      vertex 3.02917 51.1456 1
      vertex 3.00717 51.1837 1.2
      vertex 4.45079 51.7817 1.2
    endloop
  endfacet
  facet normal 0.968674 0.127493 -0.213108
    outer loop
      vertex 99.9416 46 1
      vertex 99.7817 47.5492 1.2
      vertex 99.9856 46 1.2
    endloop
  endfacet
  facet normal 0 0.976644 -0.214862
    outer loop
      vertex 94 51.9416 1
      vertex 5.99998 51.9856 1.2
      vertex 94 51.9856 1.2
    endloop
  endfacet
  facet normal 0 0.976644 -0.214862
    outer loop
      vertex 5.99998 51.9856 1.2
      vertex 94 51.9416 1
      vertex 5.99999 51.9416 1
    endloop
  endfacet
  facet normal 0.968674 0.127494 -0.21311
    outer loop
      vertex 99.9416 46 1
      vertex 99.7392 47.5378 1
      vertex 99.7817 47.5492 1.2
    endloop
  endfacet
  facet normal 0.968675 -0.127493 -0.213104
    outer loop
      vertex 99.7817 4.45079 1.2
      vertex 99.7392 4.46218 1
      vertex 99.9416 5.99999 1
    endloop
  endfacet
  facet normal 0.775149 0.594758 -0.213089
    outer loop
      vertex 99.1456 48.9708 1
      vertex 98.2325 50.2325 1.2
      vertex 99.1837 48.9928 1.2
    endloop
  endfacet
  facet normal -0.902651 0.373892 -0.213133
    outer loop
      vertex 0.85438 48.9708 1
      vertex 0.218307 47.5492 1.2
      vertex 0.816269 48.9928 1.2
    endloop
  endfacet
  facet normal 0.373888 -0.902648 -0.213151
    outer loop
      vertex 95.5492 0.218307 1.2
      vertex 95.5378 0.260813 1
      vertex 96.9708 0.85438 1
    endloop
  endfacet
  facet normal 0.902646 0.373908 -0.213125
    outer loop
      vertex 99.7392 47.5378 1
      vertex 99.1456 48.9708 1
      vertex 99.7817 47.5492 1.2
    endloop
  endfacet
  facet normal 0.775144 -0.594767 -0.213081
    outer loop
      vertex 98.2325 1.7675 1.2
      vertex 98.2014 1.79862 1
      vertex 99.1456 3.02917 1
    endloop
  endfacet
  facet normal -0.775119 -0.594773 -0.213155
    outer loop
      vertex 1.7675 1.7675 1.2
      vertex 0.85438 3.02917 1
      vertex 1.79862 1.79862 1
    endloop
  endfacet
  facet normal 0.594758 0.775149 -0.213089
    outer loop
      vertex 98.2325 50.2325 1.2
      vertex 96.9708 51.1456 1
      vertex 96.9928 51.1837 1.2
    endloop
  endfacet
  facet normal -0.373888 -0.902653 -0.213134
    outer loop
      vertex 4.45079 0.218307 1.2
      vertex 3.02917 0.85438 1
      vertex 4.46218 0.260813 1
    endloop
  endfacet
  facet normal 0.594766 -0.775141 -0.213098
    outer loop
      vertex 98.2325 1.7675 1.2
      vertex 96.9708 0.85438 1
      vertex 98.2014 1.79862 1
    endloop
  endfacet
  facet normal 0.902652 0.373917 -0.213086
    outer loop
      vertex 99.7817 47.5492 1.2
      vertex 99.1456 48.9708 1
      vertex 99.1837 48.9928 1.2
    endloop
  endfacet
  facet normal -0.127494 0.968673 -0.213114
    outer loop
      vertex 5.99999 51.9416 1
      vertex 4.45079 51.7817 1.2
      vertex 5.99998 51.9856 1.2
    endloop
  endfacet
  facet normal 0.127494 0.968674 -0.21311
    outer loop
      vertex 95.5378 51.7392 1
      vertex 94 51.9416 1
      vertex 95.5492 51.7817 1.2
    endloop
  endfacet
  facet normal 0.373908 0.902646 -0.213125
    outer loop
      vertex 96.9708 51.1456 1
      vertex 95.5378 51.7392 1
      vertex 95.5492 51.7817 1.2
    endloop
  endfacet
  facet normal -0.902648 0.373888 -0.213151
    outer loop
      vertex 0.260813 47.5378 1
      vertex 0.218307 47.5492 1.2
      vertex 0.85438 48.9708 1
    endloop
  endfacet
  facet normal -0.127525 -0.968665 -0.213133
    outer loop
      vertex 5.99999 0.0583591 1
      vertex 4.45079 0.218307 1.2
      vertex 4.46218 0.260813 1
    endloop
  endfacet
  facet normal -0.373888 -0.902653 -0.213133
    outer loop
      vertex 4.45079 0.218307 1.2
      vertex 3.00717 0.816269 1.2
      vertex 3.02917 0.85438 1
    endloop
  endfacet
  facet normal -0.902653 -0.373888 -0.213133
    outer loop
      vertex 0.816269 3.00717 1.2
      vertex 0.218307 4.45079 1.2
      vertex 0.85438 3.02917 1
    endloop
  endfacet
  facet normal -0.968669 -0.127524 -0.213116
    outer loop
      vertex 0.218307 4.45079 1.2
      vertex 0.0143585 5.99998 1.2
      vertex 0.0583591 5.99999 1
    endloop
  endfacet
  facet normal 0.594765 -0.775133 -0.21313
    outer loop
      vertex 96.9928 0.816269 1.2
      vertex 96.9708 0.85438 1
      vertex 98.2325 1.7675 1.2
    endloop
  endfacet
  facet normal 0.902651 -0.373908 -0.213107
    outer loop
      vertex 99.7817 4.45079 1.2
      vertex 99.1456 3.02917 1
      vertex 99.7392 4.46218 1
    endloop
  endfacet
  facet normal -0.594767 0.775142 -0.213089
    outer loop
      vertex 3.02917 51.1456 1
      vertex 1.7675 50.2325 1.2
      vertex 3.00717 51.1837 1.2
    endloop
  endfacet
  facet normal -0.373908 0.902651 -0.213107
    outer loop
      vertex 4.46218 51.7392 1
      vertex 3.02917 51.1456 1
      vertex 4.45079 51.7817 1.2
    endloop
  endfacet
  facet normal 0.968673 -0.127494 -0.213114
    outer loop
      vertex 99.9856 5.99998 1.2
      vertex 99.7817 4.45079 1.2
      vertex 99.9416 5.99999 1
    endloop
  endfacet
  facet normal 0.775142 -0.594767 -0.213089
    outer loop
      vertex 99.1837 3.00717 1.2
      vertex 98.2325 1.7675 1.2
      vertex 99.1456 3.02917 1
    endloop
  endfacet
  facet normal -0.968663 0.127526 -0.213139
    outer loop
      vertex 0.260813 47.5378 1
      vertex 0.0583591 46 1
      vertex 0.218307 47.5492 1.2
    endloop
  endfacet
  facet normal -0.96867 0.127523 -0.21311
    outer loop
      vertex 0.0583591 46 1
      vertex 0.0143585 46 1.2
      vertex 0.218307 47.5492 1.2
    endloop
  endfacet
  facet normal -0.594774 -0.775126 -0.213129
    outer loop
      vertex 3.00717 0.816269 1.2
      vertex 1.7675 1.7675 1.2
      vertex 3.02917 0.85438 1
    endloop
  endfacet
  facet normal 0.130562 0.99144 -0
    outer loop
      vertex 95.5529 51.7955 1.4
      vertex 94 52 3
      vertex 95.5529 51.7955 3
    endloop
  endfacet
  facet normal 0.130562 0.99144 0
    outer loop
      vertex 94 52 3
      vertex 95.5529 51.7955 1.4
      vertex 94 52 1.4
    endloop
  endfacet
  facet normal -0.130161 0.988934 -0.0711902
    outer loop
      vertex 5.99998 51.9856 1.2
      vertex 4.45079 51.7817 1.2
      vertex 6 52 1.4
    endloop
  endfacet
  facet normal 0.607289 0.791335 -0.0706305
    outer loop
      vertex 98.2325 50.2325 1.2
      vertex 97 51.1962 1.4
      vertex 98.2426 50.2426 1.4
    endloop
  endfacet
  facet normal -0.791353 -0.607225 -0.0709778
    outer loop
      vertex 1.75735 1.75735 1.4
      vertex 0.803833 3 1.4
      vertex 1.7675 1.7675 1.2
    endloop
  endfacet
  facet normal 0.988963 0.130236 -0.0706478
    outer loop
      vertex 100 46 1.4
      vertex 99.7817 47.5492 1.2
      vertex 99.7955 47.5529 1.4
    endloop
  endfacet
  facet normal -0.130191 -0.988944 -0.0709858
    outer loop
      vertex 6 0 1.4
      vertex 4.44708 0.204437 1.4
      vertex 5.99998 0.0143585 1.2
    endloop
  endfacet
  facet normal 0.13016 0.988933 -0.0712032
    outer loop
      vertex 95.5492 51.7817 1.2
      vertex 94 51.9856 1.2
      vertex 94 52 1.4
    endloop
  endfacet
  facet normal -0.130193 -0.988943 -0.0709983
    outer loop
      vertex 5.99998 0.0143585 1.2
      vertex 4.44708 0.204437 1.4
      vertex 4.45079 0.218307 1.2
    endloop
  endfacet
  facet normal 0 0.997418 -0.0718141
    outer loop
      vertex 94 51.9856 1.2
      vertex 6 52 1.4
      vertex 94 52 1.4
    endloop
  endfacet
  facet normal 0 0.997418 -0.0718141
    outer loop
      vertex 6 52 1.4
      vertex 94 51.9856 1.2
      vertex 5.99998 51.9856 1.2
    endloop
  endfacet
  facet normal -0.923882 0.382677 0
    outer loop
      vertex 0.204437 47.5529 1.4
      vertex 0.803833 49 3
      vertex 0.803833 49 1.4
    endloop
  endfacet
  facet normal -0.923882 0.382677 0
    outer loop
      vertex 0.803833 49 3
      vertex 0.204437 47.5529 1.4
      vertex 0.204437 47.5529 3
    endloop
  endfacet
  facet normal 0.130236 0.988963 -0.0706478
    outer loop
      vertex 95.5492 51.7817 1.2
      vertex 94 52 1.4
      vertex 95.5529 51.7955 1.4
    endloop
  endfacet
  facet normal 0.793328 -0.608794 0
    outer loop
      vertex 98.2426 1.75735 3
      vertex 99.1962 3 1.4
      vertex 99.1962 3 3
    endloop
  endfacet
  facet normal 0.793328 -0.608794 0
    outer loop
      vertex 99.1962 3 1.4
      vertex 98.2426 1.75735 3
      vertex 98.2426 1.75735 1.4
    endloop
  endfacet
  facet normal 0.608776 -0.793342 0
    outer loop
      vertex 97 0.803833 1.4
      vertex 98.2426 1.75735 3
      vertex 97 0.803833 3
    endloop
  endfacet
  facet normal 0.608776 -0.793342 0
    outer loop
      vertex 98.2426 1.75735 3
      vertex 97 0.803833 1.4
      vertex 98.2426 1.75735 1.4
    endloop
  endfacet
  facet normal 0.79135 0.607189 -0.0713182
    outer loop
      vertex 99.1837 48.9928 1.2
      vertex 98.2325 50.2325 1.2
      vertex 99.1962 49 1.4
    endloop
  endfacet
  facet normal 0.99144 -0.13056 0
    outer loop
      vertex 99.7955 4.44708 3
      vertex 100 6 1.4
      vertex 100 6 3
    endloop
  endfacet
  facet normal 0.99144 -0.13056 0
    outer loop
      vertex 100 6 1.4
      vertex 99.7955 4.44708 3
      vertex 99.7955 4.44708 1.4
    endloop
  endfacet
  facet normal -1 0 0
    outer loop
      vertex 0 6 1.4
      vertex 0 46 3
      vertex 0 46 1.4
    endloop
  endfacet
  facet normal -1 -0 0
    outer loop
      vertex 0 46 3
      vertex 0 6 1.4
      vertex 0 6 3
    endloop
  endfacet
  facet normal 0.791335 0.607289 -0.0706305
    outer loop
      vertex 99.1962 49 1.4
      vertex 98.2325 50.2325 1.2
      vertex 98.2426 50.2426 1.4
    endloop
  endfacet
  facet normal -0.988943 -0.130193 -0.0709983
    outer loop
      vertex 0.204437 4.44708 1.4
      vertex 0.0143585 5.99998 1.2
      vertex 0.218307 4.45079 1.2
    endloop
  endfacet
  facet normal 0.381718 -0.921544 -0.0710435
    outer loop
      vertex 97 0.803833 1.4
      vertex 95.5492 0.218307 1.2
      vertex 96.9928 0.816269 1.2
    endloop
  endfacet
  facet normal -0.381672 0.921592 -0.0706699
    outer loop
      vertex 4.45079 51.7817 1.2
      vertex 3 51.1962 1.4
      vertex 4.44708 51.7955 1.4
    endloop
  endfacet
  facet normal 0.608809 0.793316 -0
    outer loop
      vertex 98.2426 50.2426 1.4
      vertex 97 51.1962 3
      vertex 98.2426 50.2426 3
    endloop
  endfacet
  facet normal 0.608809 0.793316 0
    outer loop
      vertex 97 51.1962 3
      vertex 98.2426 50.2426 1.4
      vertex 97 51.1962 1.4
    endloop
  endfacet
  facet normal 0.381731 0.921516 -0.0713371
    outer loop
      vertex 96.9928 51.1837 1.2
      vertex 95.5492 51.7817 1.2
      vertex 97 51.1962 1.4
    endloop
  endfacet
  facet normal 0.921522 -0.381728 -0.0712801
    outer loop
      vertex 99.1962 3 1.4
      vertex 99.1837 3.00717 1.2
      vertex 99.7817 4.45079 1.2
    endloop
  endfacet
  facet normal -0.382629 0.923902 0
    outer loop
      vertex 4.44708 51.7955 1.4
      vertex 3 51.1962 3
      vertex 4.44708 51.7955 3
    endloop
  endfacet
  facet normal -0.382629 0.923902 0
    outer loop
      vertex 3 51.1962 3
      vertex 4.44708 51.7955 1.4
      vertex 3 51.1962 1.4
    endloop
  endfacet
  facet normal -0.791353 -0.607226 -0.0709754
    outer loop
      vertex 1.7675 1.7675 1.2
      vertex 0.803833 3 1.4
      vertex 0.816269 3.00717 1.2
    endloop
  endfacet
  facet normal 0 -0.997433 -0.0716082
    outer loop
      vertex 5.99998 0.0143585 1.2
      vertex 94 0 1.4
      vertex 6 0 1.4
    endloop
  endfacet
  facet normal 0 -0.997433 -0.0716082
    outer loop
      vertex 94 0 1.4
      vertex 5.99998 0.0143585 1.2
      vertex 94 0.0143585 1.2
    endloop
  endfacet
  facet normal -0.607225 -0.791353 -0.0709778
    outer loop
      vertex 3 0.803833 1.4
      vertex 1.75735 1.75735 1.4
      vertex 1.7675 1.7675 1.2
    endloop
  endfacet
  facet normal -0.988943 0.130192 -0.0709987
    outer loop
      vertex 0.0143585 46 1.2
      vertex 0 46 1.4
      vertex 0.218307 47.5492 1.2
    endloop
  endfacet
  facet normal -0.92155 -0.381715 -0.0709865
    outer loop
      vertex 0.803833 3 1.4
      vertex 0.218307 4.45079 1.2
      vertex 0.816269 3.00717 1.2
    endloop
  endfacet
  facet normal -0.381728 0.921522 -0.0712801
    outer loop
      vertex 3.00717 51.1837 1.2
      vertex 3 51.1962 1.4
      vertex 4.45079 51.7817 1.2
    endloop
  endfacet
  facet normal 0.381712 -0.921553 -0.0709713
    outer loop
      vertex 95.5529 0.204437 1.4
      vertex 95.5492 0.218307 1.2
      vertex 97 0.803833 1.4
    endloop
  endfacet
  facet normal -0.92388 -0.382681 0
    outer loop
      vertex 0.803833 3 1.4
      vertex 0.204437 4.44708 3
      vertex 0.204437 4.44708 1.4
    endloop
  endfacet
  facet normal -0.92388 -0.382681 0
    outer loop
      vertex 0.204437 4.44708 3
      vertex 0.803833 3 1.4
      vertex 0.803833 3 3
    endloop
  endfacet
  facet normal -0.382681 -0.92388 0
    outer loop
      vertex 3 0.803833 1.4
      vertex 4.44708 0.204437 3
      vertex 3 0.803833 3
    endloop
  endfacet
  facet normal -0.382681 -0.92388 -0
    outer loop
      vertex 4.44708 0.204437 3
      vertex 3 0.803833 1.4
      vertex 4.44708 0.204437 1.4
    endloop
  endfacet
  facet normal 0 -1 0
    outer loop
      vertex 6 0 1.4
      vertex 94 0 3
      vertex 6 0 3
    endloop
  endfacet
  facet normal 0 -1 -0
    outer loop
      vertex 94 0 3
      vertex 6 0 1.4
      vertex 94 0 1.4
    endloop
  endfacet
  facet normal -0.92155 -0.381716 -0.0709903
    outer loop
      vertex 0.803833 3 1.4
      vertex 0.204437 4.44708 1.4
      vertex 0.218307 4.45079 1.2
    endloop
  endfacet
  facet normal 0 1 -0
    outer loop
      vertex 94 52 1.4
      vertex 6 52 3
      vertex 94 52 3
    endloop
  endfacet
  facet normal 0 1 0
    outer loop
      vertex 6 52 3
      vertex 94 52 1.4
      vertex 6 52 1.4
    endloop
  endfacet
  facet normal -0.793354 -0.608761 0
    outer loop
      vertex 1.75735 1.75735 1.4
      vertex 0.803833 3 3
      vertex 0.803833 3 1.4
    endloop
  endfacet
  facet normal -0.793354 -0.608761 0
    outer loop
      vertex 0.803833 3 3
      vertex 1.75735 1.75735 1.4
      vertex 1.75735 1.75735 3
    endloop
  endfacet
  facet normal -0.608794 0.793328 0
    outer loop
      vertex 3 51.1962 1.4
      vertex 1.75735 50.2426 3
      vertex 3 51.1962 3
    endloop
  endfacet
  facet normal -0.608794 0.793328 0
    outer loop
      vertex 1.75735 50.2426 3
      vertex 3 51.1962 1.4
      vertex 1.75735 50.2426 1.4
    endloop
  endfacet
  facet normal 0.130522 -0.991445 0
    outer loop
      vertex 94 0 1.4
      vertex 95.5529 0.204437 3
      vertex 94 0 3
    endloop
  endfacet
  facet normal 0.130522 -0.991445 0
    outer loop
      vertex 95.5529 0.204437 3
      vertex 94 0 1.4
      vertex 95.5529 0.204437 1.4
    endloop
  endfacet
  facet normal -0.381716 -0.92155 -0.0709903
    outer loop
      vertex 4.44708 0.204437 1.4
      vertex 3 0.803833 1.4
      vertex 4.45079 0.218307 1.2
    endloop
  endfacet
  facet normal 0.607189 0.79135 -0.0713182
    outer loop
      vertex 98.2325 50.2325 1.2
      vertex 96.9928 51.1837 1.2
      vertex 97 51.1962 1.4
    endloop
  endfacet
  facet normal -0.13056 0.99144 0
    outer loop
      vertex 6 52 1.4
      vertex 4.44708 51.7955 3
      vertex 6 52 3
    endloop
  endfacet
  facet normal -0.13056 0.99144 0
    outer loop
      vertex 4.44708 51.7955 3
      vertex 6 52 1.4
      vertex 4.44708 51.7955 1.4
    endloop
  endfacet
  facet normal 0.381668 0.921595 -0.0706509
    outer loop
      vertex 97 51.1962 1.4
      vertex 95.5492 51.7817 1.2
      vertex 95.5529 51.7955 1.4
    endloop
  endfacet
  facet normal -0.130521 -0.991446 0
    outer loop
      vertex 4.44708 0.204437 1.4
      vertex 6 0 3
      vertex 4.44708 0.204437 3
    endloop
  endfacet
  facet normal -0.130521 -0.991446 -0
    outer loop
      vertex 6 0 3
      vertex 4.44708 0.204437 1.4
      vertex 6 0 1.4
    endloop
  endfacet
  facet normal 0.923904 0.382624 0
    outer loop
      vertex 99.7955 47.5529 3
      vertex 99.1962 49 1.4
      vertex 99.1962 49 3
    endloop
  endfacet
  facet normal 0.923904 0.382624 0
    outer loop
      vertex 99.1962 49 1.4
      vertex 99.7955 47.5529 3
      vertex 99.7955 47.5529 1.4
    endloop
  endfacet
  facet normal 0.382677 -0.923882 0
    outer loop
      vertex 95.5529 0.204437 1.4
      vertex 97 0.803833 3
      vertex 95.5529 0.204437 3
    endloop
  endfacet
  facet normal 0.382677 -0.923882 0
    outer loop
      vertex 97 0.803833 3
      vertex 95.5529 0.204437 1.4
      vertex 97 0.803833 1.4
    endloop
  endfacet
  facet normal -0.381715 -0.92155 -0.0709865
    outer loop
      vertex 4.45079 0.218307 1.2
      vertex 3 0.803833 1.4
      vertex 3.00717 0.816269 1.2
    endloop
  endfacet
  facet normal 0.130193 -0.988944 -0.0709918
    outer loop
      vertex 95.5529 0.204437 1.4
      vertex 94 0 1.4
      vertex 95.5492 0.218307 1.2
    endloop
  endfacet
  facet normal 0.921595 0.381668 -0.0706509
    outer loop
      vertex 99.7817 47.5492 1.2
      vertex 99.1962 49 1.4
      vertex 99.7955 47.5529 1.4
    endloop
  endfacet
  facet normal 0.923902 -0.382629 0
    outer loop
      vertex 99.1962 3 3
      vertex 99.7955 4.44708 1.4
      vertex 99.7955 4.44708 3
    endloop
  endfacet
  facet normal 0.923902 -0.382629 0
    outer loop
      vertex 99.7955 4.44708 1.4
      vertex 99.1962 3 3
      vertex 99.1962 3 1.4
    endloop
  endfacet
  facet normal -0.791355 0.607212 -0.0710661
    outer loop
      vertex 0.816269 48.9928 1.2
      vertex 0.803833 49 1.4
      vertex 1.7675 50.2325 1.2
    endloop
  endfacet
  facet normal -0.607226 -0.791353 -0.0709754
    outer loop
      vertex 3 0.803833 1.4
      vertex 1.7675 1.7675 1.2
      vertex 3.00717 0.816269 1.2
    endloop
  endfacet
  facet normal 0.130192 -0.988943 -0.0709987
    outer loop
      vertex 94 0 1.4
      vertex 94 0.0143585 1.2
      vertex 95.5492 0.218307 1.2
    endloop
  endfacet
  facet normal -0.988944 -0.130191 -0.0709858
    outer loop
      vertex 0.204437 4.44708 1.4
      vertex 0 6 1.4
      vertex 0.0143585 5.99998 1.2
    endloop
  endfacet
  facet normal -0.793342 0.608776 0
    outer loop
      vertex 0.803833 49 1.4
      vertex 1.75735 50.2426 3
      vertex 1.75735 50.2426 1.4
    endloop
  endfacet
  facet normal -0.793342 0.608776 0
    outer loop
      vertex 1.75735 50.2426 3
      vertex 0.803833 49 1.4
      vertex 0.803833 49 3
    endloop
  endfacet
  facet normal 0.793316 0.608809 0
    outer loop
      vertex 99.1962 49 3
      vertex 98.2426 50.2426 1.4
      vertex 98.2426 50.2426 3
    endloop
  endfacet
  facet normal 0.793316 0.608809 0
    outer loop
      vertex 98.2426 50.2426 1.4
      vertex 99.1962 49 3
      vertex 99.1962 49 1.4
    endloop
  endfacet
  facet normal -0.991445 0.130522 0
    outer loop
      vertex 0 46 1.4
      vertex 0.204437 47.5529 3
      vertex 0.204437 47.5529 1.4
    endloop
  endfacet
  facet normal -0.991445 0.130522 0
    outer loop
      vertex 0.204437 47.5529 3
      vertex 0 46 1.4
      vertex 0 46 3
    endloop
  endfacet
  facet normal 0.988933 0.13016 -0.0712032
    outer loop
      vertex 99.9856 46 1.2
      vertex 99.7817 47.5492 1.2
      vertex 100 46 1.4
    endloop
  endfacet
  facet normal 0.988934 -0.130161 -0.0711902
    outer loop
      vertex 100 6 1.4
      vertex 99.7817 4.45079 1.2
      vertex 99.9856 5.99998 1.2
    endloop
  endfacet
  facet normal -0.921544 0.381718 -0.0710435
    outer loop
      vertex 0.816269 48.9928 1.2
      vertex 0.218307 47.5492 1.2
      vertex 0.803833 49 1.4
    endloop
  endfacet
  facet normal 1 -0 0
    outer loop
      vertex 100 6 3
      vertex 100 46 1.4
      vertex 100 46 3
    endloop
  endfacet
  facet normal 1 0 0
    outer loop
      vertex 100 46 1.4
      vertex 100 6 3
      vertex 100 6 1.4
    endloop
  endfacet
  facet normal 0.382624 0.923904 -0
    outer loop
      vertex 97 51.1962 1.4
      vertex 95.5529 51.7955 3
      vertex 97 51.1962 3
    endloop
  endfacet
  facet normal 0.382624 0.923904 0
    outer loop
      vertex 95.5529 51.7955 3
      vertex 97 51.1962 1.4
      vertex 95.5529 51.7955 1.4
    endloop
  endfacet
  facet normal -0.79135 0.607247 -0.070827
    outer loop
      vertex 1.7675 50.2325 1.2
      vertex 0.803833 49 1.4
      vertex 1.75735 50.2426 1.4
    endloop
  endfacet
  facet normal 0.791339 -0.607267 -0.0707814
    outer loop
      vertex 98.2426 1.75735 1.4
      vertex 98.2325 1.7675 1.2
      vertex 99.1962 3 1.4
    endloop
  endfacet
  facet normal -0.991446 -0.130521 0
    outer loop
      vertex 0.204437 4.44708 1.4
      vertex 0 6 3
      vertex 0 6 1.4
    endloop
  endfacet
  facet normal -0.991446 -0.130521 0
    outer loop
      vertex 0 6 3
      vertex 0.204437 4.44708 1.4
      vertex 0.204437 4.44708 3
    endloop
  endfacet
  facet normal 0.988963 -0.130234 -0.0706543
    outer loop
      vertex 99.7955 4.44708 1.4
      vertex 99.7817 4.45079 1.2
      vertex 100 6 1.4
    endloop
  endfacet
  facet normal -0.608761 -0.793354 0
    outer loop
      vertex 1.75735 1.75735 1.4
      vertex 3 0.803833 3
      vertex 1.75735 1.75735 3
    endloop
  endfacet
  facet normal -0.608761 -0.793354 -0
    outer loop
      vertex 3 0.803833 3
      vertex 1.75735 1.75735 1.4
      vertex 3 0.803833 1.4
    endloop
  endfacet
  facet normal -0.921553 0.381712 -0.0709713
    outer loop
      vertex 0.218307 47.5492 1.2
      vertex 0.204437 47.5529 1.4
      vertex 0.803833 49 1.4
    endloop
  endfacet
  facet normal 0.921516 0.381731 -0.0713371
    outer loop
      vertex 99.7817 47.5492 1.2
      vertex 99.1837 48.9928 1.2
      vertex 99.1962 49 1.4
    endloop
  endfacet
  facet normal 0.99144 0.130562 0
    outer loop
      vertex 100 46 3
      vertex 99.7955 47.5529 1.4
      vertex 99.7955 47.5529 3
    endloop
  endfacet
  facet normal 0.99144 0.130562 0
    outer loop
      vertex 99.7955 47.5529 1.4
      vertex 100 46 3
      vertex 100 46 1.4
    endloop
  endfacet
  facet normal -0.988944 0.130193 -0.0709918
    outer loop
      vertex 0.218307 47.5492 1.2
      vertex 0 46 1.4
      vertex 0.204437 47.5529 1.4
    endloop
  endfacet
  facet normal -0.130234 0.988963 -0.0706543
    outer loop
      vertex 4.45079 51.7817 1.2
      vertex 4.44708 51.7955 1.4
      vertex 6 52 1.4
    endloop
  endfacet
  facet normal -0.997433 0 -0.0716082
    outer loop
      vertex 0.0143585 46 1.2
      vertex 0 6 1.4
      vertex 0 46 1.4
    endloop
  endfacet
  facet normal -0.997433 0 -0.0716082
    outer loop
      vertex 0 6 1.4
      vertex 0.0143585 46 1.2
      vertex 0.0143585 5.99998 1.2
    endloop
  endfacet
  facet normal -0.607267 0.791339 -0.0707814
    outer loop
      vertex 1.7675 50.2325 1.2
      vertex 1.75735 50.2426 1.4
      vertex 3 51.1962 1.4
    endloop
  endfacet
  facet normal 0.997418 0 -0.0718141
    outer loop
      vertex 100 6 1.4
      vertex 99.9856 46 1.2
      vertex 100 46 1.4
    endloop
  endfacet
  facet normal 0.997418 0 -0.0718141
    outer loop
      vertex 99.9856 46 1.2
      vertex 100 6 1.4
      vertex 99.9856 5.99998 1.2
    endloop
  endfacet
  facet normal 0.921592 -0.381672 -0.0706699
    outer loop
      vertex 99.7955 4.44708 1.4
      vertex 99.1962 3 1.4
      vertex 99.7817 4.45079 1.2
    endloop
  endfacet
  facet normal 0.791348 -0.607202 -0.0712275
    outer loop
      vertex 99.1962 3 1.4
      vertex 98.2325 1.7675 1.2
      vertex 99.1837 3.00717 1.2
    endloop
  endfacet
  facet normal -0.607202 0.791348 -0.0712275
    outer loop
      vertex 3.00717 51.1837 1.2
      vertex 1.7675 50.2325 1.2
      vertex 3 51.1962 1.4
    endloop
  endfacet
  facet normal 0.607247 -0.79135 -0.070827
    outer loop
      vertex 98.2426 1.75735 1.4
      vertex 97 0.803833 1.4
      vertex 98.2325 1.7675 1.2
    endloop
  endfacet
  facet normal 0.607212 -0.791355 -0.0710661
    outer loop
      vertex 97 0.803833 1.4
      vertex 96.9928 0.816269 1.2
      vertex 98.2325 1.7675 1.2
    endloop
  endfacet
  facet normal 0 0 1
    outer loop
      vertex 0.204437 4.44708 3
      vertex 1.0562 4.6269 3
      vertex 1.03815 4.67048 3
    endloop
  endfacet
  facet normal 0 0 1
    outer loop
      vertex 0.204437 4.44708 3
      vertex 1.03815 4.67048 3
      vertex 0.947286 5.36068 3
    endloop
  endfacet
  facet normal -0 0 1
    outer loop
      vertex 98.9438 4.6269 3
      vertex 99.7955 4.44708 3
      vertex 98.9618 4.67048 3
    endloop
  endfacet
  facet normal 0 0 1
    outer loop
      vertex 99.7955 4.44708 3
      vertex 98.9438 4.6269 3
      vertex 99 4.2 3
    endloop
  endfacet
  facet normal -0 0 1
    outer loop
      vertex 99.0527 46.6393 3
      vertex 100 46 3
      vertex 99.7955 47.5529 3
    endloop
  endfacet
  facet normal 0 0 1
    outer loop
      vertex 100 46 3
      vertex 99.1369 46 3
      vertex 100 6 3
    endloop
  endfacet
  facet normal -0 0 1
    outer loop
      vertex 98.891 48.6282 3
      vertex 99.7955 47.5529 3
      vertex 99.1962 49 3
    endloop
  endfacet
  facet normal 0 0 1
    outer loop
      vertex 99.1369 6 3
      vertex 100 6 3
      vertex 99.1369 46 3
    endloop
  endfacet
  facet normal 0 0 1
    outer loop
      vertex 99.0527 5.36068 3
      vertex 100 6 3
      vertex 99.1369 6 3
    endloop
  endfacet
  facet normal 0 0 1
    outer loop
      vertex 100 46 3
      vertex 99.0527 46.6393 3
      vertex 99.1369 46 3
    endloop
  endfacet
  facet normal 0 0 1
    outer loop
      vertex 98.9438 47.3731 3
      vertex 99.7955 47.5529 3
      vertex 99 47.8 3
    endloop
  endfacet
  facet normal 0 0 1
    outer loop
      vertex 99.7955 47.5529 3
      vertex 98.891 48.6282 3
      vertex 99 47.8 3
    endloop
  endfacet
  facet normal 0 0 1
    outer loop
      vertex 99.1962 49 3
      vertex 98.5713 49.4 3
      vertex 98.891 48.6282 3
    endloop
  endfacet
  facet normal 0 0 1
    outer loop
      vertex 98.2426 50.2426 3
      vertex 98.5713 49.4 3
      vertex 99.1962 49 3
    endloop
  endfacet
  facet normal 0 0 1
    outer loop
      vertex 98.2426 50.2426 3
      vertex 98.0627 50.0627 3
      vertex 98.5713 49.4 3
    endloop
  endfacet
  facet normal 0 0 1
    outer loop
      vertex 98.2426 50.2426 3
      vertex 97.4 50.5713 3
      vertex 98.0627 50.0627 3
    endloop
  endfacet
  facet normal 0 0 1
    outer loop
      vertex 97 51.1962 3
      vertex 97.4 50.5713 3
      vertex 98.2426 50.2426 3
    endloop
  endfacet
  facet normal 0 0 1
    outer loop
      vertex 97 51.1962 3
      vertex 96.6282 50.891 3
      vertex 97.4 50.5713 3
    endloop
  endfacet
  facet normal 0 0 1
    outer loop
      vertex 95.5529 51.7955 3
      vertex 96.6282 50.891 3
      vertex 97 51.1962 3
    endloop
  endfacet
  facet normal 0 0 1
    outer loop
      vertex 96.6282 50.891 3
      vertex 95.5529 51.7955 3
      vertex 95.8 51 3
    endloop
  endfacet
  facet normal 0 0 1
    outer loop
      vertex 95.5529 51.7955 3
      vertex 95.3731 50.9438 3
      vertex 95.8 51 3
    endloop
  endfacet
  facet normal 0 0 1
    outer loop
      vertex 95.5529 51.7955 3
      vertex 95.3295 50.9618 3
      vertex 95.3731 50.9438 3
    endloop
  endfacet
  facet normal 0 0 1
    outer loop
      vertex 95.5529 51.7955 3
      vertex 94.6393 51.0527 3
      vertex 95.3295 50.9618 3
    endloop
  endfacet
  facet normal 0 0 1
    outer loop
      vertex 94 52 3
      vertex 94.6393 51.0527 3
      vertex 95.5529 51.7955 3
    endloop
  endfacet
  facet normal 0 0 1
    outer loop
      vertex 94 52 3
      vertex 94 51.1369 3
      vertex 94.6393 51.0527 3
    endloop
  endfacet
  facet normal -0 0 1
    outer loop
      vertex 6 52 3
      vertex 94 51.1369 3
      vertex 94 52 3
    endloop
  endfacet
  facet normal 0 0 1
    outer loop
      vertex 6 52 3
      vertex 6 51.1369 3
      vertex 94 51.1369 3
    endloop
  endfacet
  facet normal 0 0 1
    outer loop
      vertex 6 52 3
      vertex 5.36068 51.0527 3
      vertex 6 51.1369 3
    endloop
  endfacet
  facet normal -0 0 1
    outer loop
      vertex 4.44708 51.7955 3
      vertex 5.36068 51.0527 3
      vertex 6 52 3
    endloop
  endfacet
  facet normal 0 0 1
    outer loop
      vertex 5.36068 51.0527 3
      vertex 4.44708 51.7955 3
      vertex 4.67048 50.9618 3
    endloop
  endfacet
  facet normal 0 0 1
    outer loop
      vertex 4.67048 50.9618 3
      vertex 4.44708 51.7955 3
      vertex 4.6269 50.9438 3
    endloop
  endfacet
  facet normal 0 0 1
    outer loop
      vertex 4.44708 51.7955 3
      vertex 4.2 51 3
      vertex 4.6269 50.9438 3
    endloop
  endfacet
  facet normal 0 0 1
    outer loop
      vertex 4.44708 51.7955 3
      vertex 3.37178 50.891 3
      vertex 4.2 51 3
    endloop
  endfacet
  facet normal -0 0 1
    outer loop
      vertex 3 51.1962 3
      vertex 3.37178 50.891 3
      vertex 4.44708 51.7955 3
    endloop
  endfacet
  facet normal 0 0 1
    outer loop
      vertex 3 51.1962 3
      vertex 2.6 50.5713 3
      vertex 3.37178 50.891 3
    endloop
  endfacet
  facet normal 0 0 1
    outer loop
      vertex 1.75735 50.2426 3
      vertex 2.6 50.5713 3
      vertex 3 51.1962 3
    endloop
  endfacet
  facet normal 0 0 1
    outer loop
      vertex 2.6 50.5713 3
      vertex 1.75735 50.2426 3
      vertex 1.93726 50.0627 3
    endloop
  endfacet
  facet normal 0 0 1
    outer loop
      vertex 1.75735 50.2426 3
      vertex 1.42872 49.4 3
      vertex 1.93726 50.0627 3
    endloop
  endfacet
  facet normal 0 0 1
    outer loop
      vertex 0.803833 49 3
      vertex 1.42872 49.4 3
      vertex 1.75735 50.2426 3
    endloop
  endfacet
  facet normal 0 0 1
    outer loop
      vertex 1.03815 47.3295 3
      vertex 0.204437 47.5529 3
      vertex 0.947286 46.6393 3
    endloop
  endfacet
  facet normal 0 0 1
    outer loop
      vertex 0 46 3
      vertex 0.947286 46.6393 3
      vertex 0.204437 47.5529 3
    endloop
  endfacet
  facet normal 0 0 1
    outer loop
      vertex 1.10904 48.6282 3
      vertex 0.204437 47.5529 3
      vertex 1 47.8 3
    endloop
  endfacet
  facet normal 0 0 1
    outer loop
      vertex 0.204437 47.5529 3
      vertex 1.10904 48.6282 3
      vertex 0.803833 49 3
    endloop
  endfacet
  facet normal 0 0 1
    outer loop
      vertex 1.42872 49.4 3
      vertex 0.803833 49 3
      vertex 1.10904 48.6282 3
    endloop
  endfacet
  facet normal 0 0 1
    outer loop
      vertex 100 6 3
      vertex 99.0527 5.36068 3
      vertex 99.7955 4.44708 3
    endloop
  endfacet
  facet normal -0 0 1
    outer loop
      vertex 98.9618 4.67048 3
      vertex 99.7955 4.44708 3
      vertex 99.0527 5.36068 3
    endloop
  endfacet
  facet normal 0 0 1
    outer loop
      vertex 98.891 3.37178 3
      vertex 99.7955 4.44708 3
      vertex 99 4.2 3
    endloop
  endfacet
  facet normal 0 0 1
    outer loop
      vertex 99.7955 4.44708 3
      vertex 98.891 3.37178 3
      vertex 99.1962 3 3
    endloop
  endfacet
  facet normal 0 0 1
    outer loop
      vertex 98.5713 2.6 3
      vertex 99.1962 3 3
      vertex 98.891 3.37178 3
    endloop
  endfacet
  facet normal -0 0 1
    outer loop
      vertex 98.5713 2.6 3
      vertex 98.2426 1.75735 3
      vertex 99.1962 3 3
    endloop
  endfacet
  facet normal -0 0 1
    outer loop
      vertex 98.0627 1.93726 3
      vertex 98.2426 1.75735 3
      vertex 98.5713 2.6 3
    endloop
  endfacet
  facet normal 0 0 1
    outer loop
      vertex 97.4 1.42872 3
      vertex 98.2426 1.75735 3
      vertex 98.0627 1.93726 3
    endloop
  endfacet
  facet normal -0 0 1
    outer loop
      vertex 97.4 1.42872 3
      vertex 97 0.803833 3
      vertex 98.2426 1.75735 3
    endloop
  endfacet
  facet normal -0 0 1
    outer loop
      vertex 96.6282 1.10904 3
      vertex 97 0.803833 3
      vertex 97.4 1.42872 3
    endloop
  endfacet
  facet normal 0 0 1
    outer loop
      vertex 95.5529 0.204437 3
      vertex 96.6282 1.10904 3
      vertex 95.8 1 3
    endloop
  endfacet
  facet normal 0 0 1
    outer loop
      vertex 96.6282 1.10904 3
      vertex 95.5529 0.204437 3
      vertex 97 0.803833 3
    endloop
  endfacet
  facet normal 0 0 1
    outer loop
      vertex 95.3731 1.0562 3
      vertex 95.5529 0.204437 3
      vertex 95.8 1 3
    endloop
  endfacet
  facet normal -0 0 1
    outer loop
      vertex 95.3295 1.03815 3
      vertex 95.5529 0.204437 3
      vertex 95.3731 1.0562 3
    endloop
  endfacet
  facet normal -0 0 1
    outer loop
      vertex 94.6393 0.947286 3
      vertex 95.5529 0.204437 3
      vertex 95.3295 1.03815 3
    endloop
  endfacet
  facet normal 0 0 1
    outer loop
      vertex 94 0 3
      vertex 94.6393 0.947286 3
      vertex 94 0.863119 3
    endloop
  endfacet
  facet normal 0 0 1
    outer loop
      vertex 94.6393 0.947286 3
      vertex 94 0 3
      vertex 95.5529 0.204437 3
    endloop
  endfacet
  facet normal -0 0 1
    outer loop
      vertex 6 0.863119 3
      vertex 94 0 3
      vertex 94 0.863119 3
    endloop
  endfacet
  facet normal 0 0 1
    outer loop
      vertex 6 0.863119 3
      vertex 6 0 3
      vertex 94 0 3
    endloop
  endfacet
  facet normal 0 0 1
    outer loop
      vertex 5.36068 0.947286 3
      vertex 6 0 3
      vertex 6 0.863119 3
    endloop
  endfacet
  facet normal 0 0 1
    outer loop
      vertex 4.44708 0.204437 3
      vertex 5.36068 0.947286 3
      vertex 4.67048 1.03815 3
    endloop
  endfacet
  facet normal 0 0 1
    outer loop
      vertex 4.44708 0.204437 3
      vertex 4.67048 1.03815 3
      vertex 4.6269 1.0562 3
    endloop
  endfacet
  facet normal 0 0 1
    outer loop
      vertex 5.36068 0.947286 3
      vertex 4.44708 0.204437 3
      vertex 6 0 3
    endloop
  endfacet
  facet normal -0 0 1
    outer loop
      vertex 4.2 1 3
      vertex 4.44708 0.204437 3
      vertex 4.6269 1.0562 3
    endloop
  endfacet
  facet normal 0 0 1
    outer loop
      vertex 3.37178 1.10904 3
      vertex 4.44708 0.204437 3
      vertex 4.2 1 3
    endloop
  endfacet
  facet normal 0 0 1
    outer loop
      vertex 3.37178 1.10904 3
      vertex 3 0.803833 3
      vertex 4.44708 0.204437 3
    endloop
  endfacet
  facet normal 0 0 1
    outer loop
      vertex 2.6 1.42872 3
      vertex 3 0.803833 3
      vertex 3.37178 1.10904 3
    endloop
  endfacet
  facet normal -0 0 1
    outer loop
      vertex 1.75735 1.75735 3
      vertex 2.6 1.42872 3
      vertex 1.93726 1.93726 3
    endloop
  endfacet
  facet normal 0 0 1
    outer loop
      vertex 2.6 1.42872 3
      vertex 1.75735 1.75735 3
      vertex 3 0.803833 3
    endloop
  endfacet
  facet normal 0 0 1
    outer loop
      vertex 1.42872 2.6 3
      vertex 1.75735 1.75735 3
      vertex 1.93726 1.93726 3
    endloop
  endfacet
  facet normal -0 0 1
    outer loop
      vertex 0.803833 3 3
      vertex 1.42872 2.6 3
      vertex 1.10904 3.37178 3
    endloop
  endfacet
  facet normal -0 0 1
    outer loop
      vertex 0 6 3
      vertex 0.947286 5.36068 3
      vertex 0.863119 6 3
    endloop
  endfacet
  facet normal 0 0 1
    outer loop
      vertex 1.42872 2.6 3
      vertex 0.803833 3 3
      vertex 1.75735 1.75735 3
    endloop
  endfacet
  facet normal 0 0 1
    outer loop
      vertex 0.204437 4.44708 3
      vertex 1.10904 3.37178 3
      vertex 1 4.2 3
    endloop
  endfacet
  facet normal 0 0 1
    outer loop
      vertex 1.0562 4.6269 3
      vertex 0.204437 4.44708 3
      vertex 1 4.2 3
    endloop
  endfacet
  facet normal 0 0 1
    outer loop
      vertex 0.863119 46 3
      vertex 0 46 3
      vertex 0.863119 6 3
    endloop
  endfacet
  facet normal 0 0 1
    outer loop
      vertex 0.947286 46.6393 3
      vertex 0 46 3
      vertex 0.863119 46 3
    endloop
  endfacet
  facet normal 0 0 1
    outer loop
      vertex 0 6 3
      vertex 0.863119 6 3
      vertex 0 46 3
    endloop
  endfacet
  facet normal 0 0 1
    outer loop
      vertex 0.947286 5.36068 3
      vertex 0 6 3
      vertex 0.204437 4.44708 3
    endloop
  endfacet
  facet normal 0 0 1
    outer loop
      vertex 1.10904 3.37178 3
      vertex 0.204437 4.44708 3
      vertex 0.803833 3 3
    endloop
  endfacet
  facet normal 0 0 1
    outer loop
      vertex 99.7955 47.5529 3
      vertex 98.9618 47.3295 3
      vertex 99.0527 46.6393 3
    endloop
  endfacet
  facet normal 0 0 1
    outer loop
      vertex 99.7955 47.5529 3
      vertex 98.9438 47.3731 3
      vertex 98.9618 47.3295 3
    endloop
  endfacet
  facet normal -0 0 1
    outer loop
      vertex 0.204437 47.5529 3
      vertex 1.0562 47.3731 3
      vertex 1 47.8 3
    endloop
  endfacet
  facet normal 0 0 1
    outer loop
      vertex 1.0562 47.3731 3
      vertex 0.204437 47.5529 3
      vertex 1.03815 47.3295 3
    endloop
  endfacet
  facet normal 0 0 1
    outer loop
      vertex 42 11 3
      vertex 7.29096 5.02822 3
      vertex 7.4 4.2 3
    endloop
  endfacet
  facet normal 0 0 1
    outer loop
      vertex 42 11 3
      vertex 6.97128 5.8 3
      vertex 7.29096 5.02822 3
    endloop
  endfacet
  facet normal 0 0 1
    outer loop
      vertex 42 11 3
      vertex 6.46274 6.46274 3
      vertex 6.97128 5.8 3
    endloop
  endfacet
  facet normal -0 0 1
    outer loop
      vertex 3.39154 11 3
      vertex 6.46274 6.46274 3
      vertex 42 11 3
    endloop
  endfacet
  facet normal 0 0 1
    outer loop
      vertex 6.46274 6.46274 3
      vertex 3.39154 11 3
      vertex 5.8 6.97128 3
    endloop
  endfacet
  facet normal 0 0 1
    outer loop
      vertex 5.8 6.97128 3
      vertex 3.39154 11 3
      vertex 5.02822 7.29096 3
    endloop
  endfacet
  facet normal 0 0 1
    outer loop
      vertex 5.02822 7.29096 3
      vertex 3.39154 11 3
      vertex 4.2 7.4 3
    endloop
  endfacet
  facet normal 0 0 1
    outer loop
      vertex 4.2 7.4 3
      vertex 3.39154 11 3
      vertex 3.39154 7.29356 3
    endloop
  endfacet
  facet normal 0 0 1
    outer loop
      vertex 20.4645 29.5355 3
      vertex 6.46274 45.5373 3
      vertex 9.125 28.3816 3
    endloop
  endfacet
  facet normal 0 0 1
    outer loop
      vertex 9.125 28.3816 3
      vertex 6.46274 45.5373 3
      vertex 8.46175 28.6563 3
    endloop
  endfacet
  facet normal -0 0 1
    outer loop
      vertex 5.8 45.0287 3
      vertex 8.46175 28.6563 3
      vertex 6.46274 45.5373 3
    endloop
  endfacet
  facet normal 0 0 1
    outer loop
      vertex 8.46175 28.6563 3
      vertex 5.8 45.0287 3
      vertex 7.75 28.75 3
    endloop
  endfacet
  facet normal -0 0 1
    outer loop
      vertex 5.02822 44.709 3
      vertex 7.75 28.75 3
      vertex 5.8 45.0287 3
    endloop
  endfacet
  facet normal 0 0 1
    outer loop
      vertex 7.75 28.75 3
      vertex 5.02822 44.709 3
      vertex 7.03825 28.6563 3
    endloop
  endfacet
  facet normal -0 0 1
    outer loop
      vertex 4.2 44.6 3
      vertex 7.03825 28.6563 3
      vertex 5.02822 44.709 3
    endloop
  endfacet
  facet normal 0 0 1
    outer loop
      vertex 7.03825 28.6563 3
      vertex 4.2 44.6 3
      vertex 6.375 28.3816 3
    endloop
  endfacet
  facet normal 0 0 1
    outer loop
      vertex 3.39154 44.7064 3
      vertex 6.375 28.3816 3
      vertex 4.2 44.6 3
    endloop
  endfacet
  facet normal 0 0 1
    outer loop
      vertex 6.375 28.3816 3
      vertex 3.39154 44.7064 3
      vertex 5.80546 27.9445 3
    endloop
  endfacet
  facet normal 0 0 1
    outer loop
      vertex 5.80546 27.9445 3
      vertex 3.39154 44.7064 3
      vertex 5.36843 27.375 3
    endloop
  endfacet
  facet normal 0 0 1
    outer loop
      vertex 5.36843 27.375 3
      vertex 3.39154 44.7064 3
      vertex 5.0937 26.7118 3
    endloop
  endfacet
  facet normal 0 0 1
    outer loop
      vertex 23 21.1317 3
      vertex 22.7059 21.1704 3
      vertex 23 21 3
    endloop
  endfacet
  facet normal -0 0 1
    outer loop
      vertex 24 21 3
      vertex 42 13 3
      vertex 76 21 3
    endloop
  endfacet
  facet normal -0 0 1
    outer loop
      vertex 23 21 3
      vertex 42 13 3
      vertex 24 21 3
    endloop
  endfacet
  facet normal 0 0 1
    outer loop
      vertex 21.5 21.6699 3
      vertex 23 21 3
      vertex 22.7059 21.1704 3
    endloop
  endfacet
  facet normal 0 0 1
    outer loop
      vertex 10.4063 25.2882 3
      vertex 19 26 3
      vertex 10.5 26 3
    endloop
  endfacet
  facet normal 0 0 1
    outer loop
      vertex 19 26 3
      vertex 10.4063 25.2882 3
      vertex 19.1704 24.7059 3
    endloop
  endfacet
  facet normal 0 0 1
    outer loop
      vertex 10.1316 24.625 3
      vertex 19.1704 24.7059 3
      vertex 10.4063 25.2882 3
    endloop
  endfacet
  facet normal 0 0 1
    outer loop
      vertex 19.1704 24.7059 3
      vertex 10.1316 24.625 3
      vertex 19.6699 23.5 3
    endloop
  endfacet
  facet normal -0 0 1
    outer loop
      vertex 9.69454 24.0555 3
      vertex 19.6699 23.5 3
      vertex 10.1316 24.625 3
    endloop
  endfacet
  facet normal 0 0 1
    outer loop
      vertex 19.6699 23.5 3
      vertex 9.69454 24.0555 3
      vertex 20.4645 22.4645 3
    endloop
  endfacet
  facet normal -0 0 1
    outer loop
      vertex 9.125 23.6184 3
      vertex 20.4645 22.4645 3
      vertex 9.69454 24.0555 3
    endloop
  endfacet
  facet normal 0 0 1
    outer loop
      vertex 3.39154 13 3
      vertex 20.4645 22.4645 3
      vertex 9.125 23.6184 3
    endloop
  endfacet
  facet normal 0 0 1
    outer loop
      vertex 20.4645 22.4645 3
      vertex 3.39154 13 3
      vertex 21.5 21.6699 3
    endloop
  endfacet
  facet normal 0 0 1
    outer loop
      vertex 21.5 21.6699 3
      vertex 3.39154 13 3
      vertex 23 21 3
    endloop
  endfacet
  facet normal 0 0 1
    outer loop
      vertex 3.39154 13 3
      vertex 9.125 23.6184 3
      vertex 8.46175 23.3437 3
    endloop
  endfacet
  facet normal 0 0 1
    outer loop
      vertex 3.39154 13 3
      vertex 8.46175 23.3437 3
      vertex 7.75 23.25 3
    endloop
  endfacet
  facet normal 0 0 1
    outer loop
      vertex 3.39154 13 3
      vertex 7.75 23.25 3
      vertex 7.03825 23.3437 3
    endloop
  endfacet
  facet normal 0 0 1
    outer loop
      vertex 5.0937 26.7118 3
      vertex 3.39154 44.7064 3
      vertex 5 26 3
    endloop
  endfacet
  facet normal 0 0 1
    outer loop
      vertex 23 21 3
      vertex 3.39154 13 3
      vertex 42 13 3
    endloop
  endfacet
  facet normal 0 0 1
    outer loop
      vertex 6.375 23.6184 3
      vertex 3.39154 13 3
      vertex 7.03825 23.3437 3
    endloop
  endfacet
  facet normal 0 0 1
    outer loop
      vertex 5.80546 24.0555 3
      vertex 3.39154 13 3
      vertex 6.375 23.6184 3
    endloop
  endfacet
  facet normal 0 0 1
    outer loop
      vertex 5.36843 24.625 3
      vertex 3.39154 13 3
      vertex 5.80546 24.0555 3
    endloop
  endfacet
  facet normal 0 0 1
    outer loop
      vertex 5.0937 25.2882 3
      vertex 3.39154 13 3
      vertex 5.36843 24.625 3
    endloop
  endfacet
  facet normal 0 0 1
    outer loop
      vertex 5 26 3
      vertex 3.39154 13 3
      vertex 5.0937 25.2882 3
    endloop
  endfacet
  facet normal 0 0 1
    outer loop
      vertex 3.39154 13 3
      vertex 5 26 3
      vertex 3.39154 44.7064 3
    endloop
  endfacet
  facet normal 0 0 1
    outer loop
      vertex 94.2 6.97128 3
      vertex 79.5355 22.4645 3
      vertex 93.5373 6.46274 3
    endloop
  endfacet
  facet normal 0 0 1
    outer loop
      vertex 76 31 3
      vertex 92.6 47.8 3
      vertex 92.7064 48.6085 3
    endloop
  endfacet
  facet normal 0 0 1
    outer loop
      vertex 92.709 46.9718 3
      vertex 80.8296 27.2941 3
      vertex 81 26 3
    endloop
  endfacet
  facet normal 0 0 1
    outer loop
      vertex 92.709 46.9718 3
      vertex 80.3301 28.5 3
      vertex 80.8296 27.2941 3
    endloop
  endfacet
  facet normal 0 0 1
    outer loop
      vertex 92.709 46.9718 3
      vertex 79.5355 29.5355 3
      vertex 80.3301 28.5 3
    endloop
  endfacet
  facet normal 0 0 1
    outer loop
      vertex 92.709 46.9718 3
      vertex 78.5 30.3301 3
      vertex 79.5355 29.5355 3
    endloop
  endfacet
  facet normal 0 0 1
    outer loop
      vertex 92.709 46.9718 3
      vertex 77 31 3
      vertex 78.5 30.3301 3
    endloop
  endfacet
  facet normal 0 0 1
    outer loop
      vertex 78.5 30.3301 3
      vertex 77 31 3
      vertex 77.2941 30.8296 3
    endloop
  endfacet
  facet normal 0 0 1
    outer loop
      vertex 92.6 47.8 3
      vertex 76 31 3
      vertex 77 31 3
    endloop
  endfacet
  facet normal 0 0 1
    outer loop
      vertex 92.7064 48.6085 3
      vertex 24 31 3
      vertex 76 31 3
    endloop
  endfacet
  facet normal -0 0 1
    outer loop
      vertex 7.29356 48.6085 3
      vertex 24 31 3
      vertex 92.7064 48.6085 3
    endloop
  endfacet
  facet normal 0 0 1
    outer loop
      vertex 23 31 3
      vertex 22.7059 30.8296 3
      vertex 23 30.8683 3
    endloop
  endfacet
  facet normal 0 0 1
    outer loop
      vertex 23 31 3
      vertex 21.5 30.3301 3
      vertex 22.7059 30.8296 3
    endloop
  endfacet
  facet normal -0 0 1
    outer loop
      vertex 10.4063 26.7118 3
      vertex 19 26 3
      vertex 19.1704 27.2941 3
    endloop
  endfacet
  facet normal -0 0 1
    outer loop
      vertex 10.1316 27.375 3
      vertex 19.1704 27.2941 3
      vertex 19.6699 28.5 3
    endloop
  endfacet
  facet normal 0 0 1
    outer loop
      vertex 9.69454 27.9445 3
      vertex 19.6699 28.5 3
      vertex 20.4645 29.5355 3
    endloop
  endfacet
  facet normal -0 0 1
    outer loop
      vertex 6.97128 46.2 3
      vertex 23 31 3
      vertex 7.29096 46.9718 3
    endloop
  endfacet
  facet normal -0 0 1
    outer loop
      vertex 7.29096 46.9718 3
      vertex 23 31 3
      vertex 7.4 47.8 3
    endloop
  endfacet
  facet normal 0 0 1
    outer loop
      vertex 19 26 3
      vertex 10.4063 26.7118 3
      vertex 10.5 26 3
    endloop
  endfacet
  facet normal 0 0 1
    outer loop
      vertex 19.1704 27.2941 3
      vertex 10.1316 27.375 3
      vertex 10.4063 26.7118 3
    endloop
  endfacet
  facet normal 0 0 1
    outer loop
      vertex 19.6699 28.5 3
      vertex 9.69454 27.9445 3
      vertex 10.1316 27.375 3
    endloop
  endfacet
  facet normal -0 -0 1
    outer loop
      vertex 7.4 47.8 3
      vertex 24 31 3
      vertex 7.29356 48.6085 3
    endloop
  endfacet
  facet normal 0 0 1
    outer loop
      vertex 23 31 3
      vertex 6.97128 46.2 3
      vertex 21.5 30.3301 3
    endloop
  endfacet
  facet normal 0 0 1
    outer loop
      vertex 20.4645 29.5355 3
      vertex 9.125 28.3816 3
      vertex 9.69454 27.9445 3
    endloop
  endfacet
  facet normal -0 0 1
    outer loop
      vertex 6.46274 45.5373 3
      vertex 21.5 30.3301 3
      vertex 6.97128 46.2 3
    endloop
  endfacet
  facet normal 0 0 1
    outer loop
      vertex 21.5 30.3301 3
      vertex 6.46274 45.5373 3
      vertex 20.4645 29.5355 3
    endloop
  endfacet
  facet normal 0 0 1
    outer loop
      vertex 24 31 3
      vertex 7.4 47.8 3
      vertex 23 31 3
    endloop
  endfacet
  facet normal 0 0 1
    outer loop
      vertex 81 26 3
      vertex 96.6085 44.7064 3
      vertex 95.8 44.6 3
    endloop
  endfacet
  facet normal 0 0 1
    outer loop
      vertex 96.6085 44.7064 3
      vertex 81 26 3
      vertex 96.6085 7.29356 3
    endloop
  endfacet
  facet normal 0 0 1
    outer loop
      vertex 81 26 3
      vertex 95.8 44.6 3
      vertex 94.9718 44.709 3
    endloop
  endfacet
  facet normal 0 0 1
    outer loop
      vertex 96.6085 7.29356 3
      vertex 81 26 3
      vertex 95.8 7.4 3
    endloop
  endfacet
  facet normal 0 0 1
    outer loop
      vertex 81 26 3
      vertex 94.9718 44.709 3
      vertex 94.2 45.0287 3
    endloop
  endfacet
  facet normal -0 0 1
    outer loop
      vertex 80.8296 24.7059 3
      vertex 95.8 7.4 3
      vertex 81 26 3
    endloop
  endfacet
  facet normal 0 0 1
    outer loop
      vertex 81 26 3
      vertex 94.2 45.0287 3
      vertex 93.5373 45.5373 3
    endloop
  endfacet
  facet normal 0 0 1
    outer loop
      vertex 95.8 7.4 3
      vertex 80.8296 24.7059 3
      vertex 94.9718 7.29096 3
    endloop
  endfacet
  facet normal 0 0 1
    outer loop
      vertex 81 26 3
      vertex 93.5373 45.5373 3
      vertex 93.0287 46.2 3
    endloop
  endfacet
  facet normal -0 0 1
    outer loop
      vertex 80.3301 23.5 3
      vertex 94.9718 7.29096 3
      vertex 80.8296 24.7059 3
    endloop
  endfacet
  facet normal 0 0 1
    outer loop
      vertex 81 26 3
      vertex 93.0287 46.2 3
      vertex 92.709 46.9718 3
    endloop
  endfacet
  facet normal 0 0 1
    outer loop
      vertex 94.9718 7.29096 3
      vertex 80.3301 23.5 3
      vertex 94.2 6.97128 3
    endloop
  endfacet
  facet normal 0 0 1
    outer loop
      vertex 77 31 3
      vertex 92.709 46.9718 3
      vertex 92.6 47.8 3
    endloop
  endfacet
  facet normal -0 0 1
    outer loop
      vertex 79.5355 22.4645 3
      vertex 94.2 6.97128 3
      vertex 80.3301 23.5 3
    endloop
  endfacet
  facet normal -0 0 1
    outer loop
      vertex 78.5 21.6699 3
      vertex 93.5373 6.46274 3
      vertex 79.5355 22.4645 3
    endloop
  endfacet
  facet normal 0 0 1
    outer loop
      vertex 93.5373 6.46274 3
      vertex 78.5 21.6699 3
      vertex 93.0287 5.8 3
    endloop
  endfacet
  facet normal -0 0 1
    outer loop
      vertex 77 21 3
      vertex 93.0287 5.8 3
      vertex 78.5 21.6699 3
    endloop
  endfacet
  facet normal 0 0 1
    outer loop
      vertex 93.0287 5.8 3
      vertex 77 21 3
      vertex 92.709 5.02822 3
    endloop
  endfacet
  facet normal 0 0 1
    outer loop
      vertex 92.709 5.02822 3
      vertex 77 21 3
      vertex 92.6 4.2 3
    endloop
  endfacet
  facet normal 0 0 1
    outer loop
      vertex 77 21 3
      vertex 78.5 21.6699 3
      vertex 77.2941 21.1704 3
    endloop
  endfacet
  facet normal 0 0 1
    outer loop
      vertex 77 21 3
      vertex 77.2941 21.1704 3
      vertex 77 21.1317 3
    endloop
  endfacet
  facet normal -0 0 1
    outer loop
      vertex 76 21 3
      vertex 92.6 4.2 3
      vertex 77 21 3
    endloop
  endfacet
  facet normal 0 0 1
    outer loop
      vertex 92.6 4.2 3
      vertex 76 21 3
      vertex 92.7064 3.39154 3
    endloop
  endfacet
  facet normal 0 0 1
    outer loop
      vertex 42 11 3
      vertex 76 21 3
      vertex 42 13 3
    endloop
  endfacet
  facet normal 0 0 1
    outer loop
      vertex 76 21 3
      vertex 42 11 3
      vertex 92.7064 3.39154 3
    endloop
  endfacet
  facet normal 0 0 1
    outer loop
      vertex 7.29356 3.39154 3
      vertex 42 11 3
      vertex 7.4 4.2 3
    endloop
  endfacet
  facet normal 0 0 1
    outer loop
      vertex 42 11 3
      vertex 7.29356 3.39154 3
      vertex 92.7064 3.39154 3
    endloop
  endfacet
  facet normal 0 0 1
    outer loop
      vertex 77.2941 30.8296 3
      vertex 77 31 3
      vertex 77 30.8683 3
    endloop
  endfacet
  facet normal 1 0 0
    outer loop
      vertex 77 22.5 4.2
      vertex 77 21.1317 3.1
      vertex 77 22.5 3.1
    endloop
  endfacet
  facet normal 1 -0 0
    outer loop
      vertex 77 21 4.2
      vertex 77 21.1317 3.1
      vertex 77 22.5 4.2
    endloop
  endfacet
  facet normal 1 0 0
    outer loop
      vertex 77 21 3
      vertex 77 21.1317 3.1
      vertex 77 21 4.2
    endloop
  endfacet
  facet normal 1 0 0
    outer loop
      vertex 77 21.1317 3.1
      vertex 77 21 3
      vertex 77 21.1317 3
    endloop
  endfacet
  facet normal -0 0 1
    outer loop
      vertex 23 22.5 4.2
      vertex 77 21 4.2
      vertex 77 22.5 4.2
    endloop
  endfacet
  facet normal 0 0 1
    outer loop
      vertex 77 21 4.2
      vertex 23 22.5 4.2
      vertex 23 21 4.2
    endloop
  endfacet
  facet normal -1 0 0
    outer loop
      vertex 23 21.1317 3
      vertex 23 21 3
      vertex 23 21.1317 3.1
    endloop
  endfacet
  facet normal -1 0 0
    outer loop
      vertex 23 21.1317 3.1
      vertex 23 22.5 4.2
      vertex 23 22.5 3.1
    endloop
  endfacet
  facet normal -1 0 0
    outer loop
      vertex 23 21 4.2
      vertex 23 21.1317 3.1
      vertex 23 21 3
    endloop
  endfacet
  facet normal -1 0 0
    outer loop
      vertex 23 21.1317 3.1
      vertex 23 21 4.2
      vertex 23 22.5 4.2
    endloop
  endfacet
  facet normal 0 1 -0
    outer loop
      vertex 77 22.5 3.1
      vertex 23 22.5 4.2
      vertex 77 22.5 4.2
    endloop
  endfacet
  facet normal 0 1 0
    outer loop
      vertex 23 22.5 4.2
      vertex 77 22.5 3.1
      vertex 23 22.5 3.1
    endloop
  endfacet
  facet normal 0 -1 0
    outer loop
      vertex 23 21 4.2
      vertex 24 21 3.1
      vertex 77 21 4.2
    endloop
  endfacet
  facet normal 0 -1 0
    outer loop
      vertex 23 21 3
      vertex 24 21 3.1
      vertex 23 21 4.2
    endloop
  endfacet
  facet normal 0 -1 -0
    outer loop
      vertex 24 21 3.1
      vertex 23 21 3
      vertex 24 21 3
    endloop
  endfacet
  facet normal 0 -1 0
    outer loop
      vertex 76 21 3.1
      vertex 77 21 4.2
      vertex 24 21 3.1
    endloop
  endfacet
  facet normal 0 -1 0
    outer loop
      vertex 77 21 3
      vertex 76 21 3.1
      vertex 76 21 3
    endloop
  endfacet
  facet normal 0 -1 0
    outer loop
      vertex 76 21 3.1
      vertex 77 21 3
      vertex 77 21 4.2
    endloop
  endfacet
  facet normal 0 1 -0
    outer loop
      vertex 76 21 2.03422
      vertex 24 21 3
      vertex 76 21 3
    endloop
  endfacet
  facet normal 0 1 0
    outer loop
      vertex 24 21 3
      vertex 76 21 2.03422
      vertex 24 21 2.03422
    endloop
  endfacet
  facet normal 0 1 -0
    outer loop
      vertex 76 21 0
      vertex 24 21 0.0513306
      vertex 76 21 0.0513306
    endloop
  endfacet
  facet normal 0 1 0
    outer loop
      vertex 24 21 0.0513306
      vertex 76 21 0
      vertex 24 21 0
    endloop
  endfacet
  facet normal 1 0 0
    outer loop
      vertex 77 31 4.2
      vertex 77 30.8683 3.1
      vertex 77 31 3
    endloop
  endfacet
  facet normal 1 -0 0
    outer loop
      vertex 77 29.5 4.2
      vertex 77 30.8683 3.1
      vertex 77 31 4.2
    endloop
  endfacet
  facet normal 1 0 0
    outer loop
      vertex 77 30.8683 3.1
      vertex 77 29.5 4.2
      vertex 77 29.5 3.1
    endloop
  endfacet
  facet normal 1 0 0
    outer loop
      vertex 77 31 3
      vertex 77 30.8683 3.1
      vertex 77 30.8683 3
    endloop
  endfacet
  facet normal -0 0 1
    outer loop
      vertex 23 31 4.2
      vertex 77 29.5 4.2
      vertex 77 31 4.2
    endloop
  endfacet
  facet normal 0 0 1
    outer loop
      vertex 77 29.5 4.2
      vertex 23 31 4.2
      vertex 23 29.5 4.2
    endloop
  endfacet
  facet normal -1 0 0
    outer loop
      vertex 23 30.8683 3.1
      vertex 23 31 3
      vertex 23 30.8683 3
    endloop
  endfacet
  facet normal -1 0 0
    outer loop
      vertex 23 31 3
      vertex 23 30.8683 3.1
      vertex 23 31 4.2
    endloop
  endfacet
  facet normal -1 0 0
    outer loop
      vertex 23 29.5 4.2
      vertex 23 30.8683 3.1
      vertex 23 29.5 3.1
    endloop
  endfacet
  facet normal -1 0 0
    outer loop
      vertex 23 30.8683 3.1
      vertex 23 29.5 4.2
      vertex 23 31 4.2
    endloop
  endfacet
  facet normal 0 1 0
    outer loop
      vertex 77 31 4.2
      vertex 76 31 3.1
      vertex 23 31 4.2
    endloop
  endfacet
  facet normal 0 1 -0
    outer loop
      vertex 77 31 3
      vertex 76 31 3.1
      vertex 77 31 4.2
    endloop
  endfacet
  facet normal 0 1 0
    outer loop
      vertex 76 31 3.1
      vertex 77 31 3
      vertex 76 31 3
    endloop
  endfacet
  facet normal 0 1 -0
    outer loop
      vertex 24 31 3.1
      vertex 23 31 4.2
      vertex 76 31 3.1
    endloop
  endfacet
  facet normal 0 1 0
    outer loop
      vertex 23 31 3
      vertex 24 31 3.1
      vertex 24 31 3
    endloop
  endfacet
  facet normal 0 1 0
    outer loop
      vertex 24 31 3.1
      vertex 23 31 3
      vertex 23 31 4.2
    endloop
  endfacet
  facet normal 0 -1 0
    outer loop
      vertex 24 31 2.03422
      vertex 76 31 3
      vertex 24 31 3
    endloop
  endfacet
  facet normal 0 -1 -0
    outer loop
      vertex 76 31 3
      vertex 24 31 2.03422
      vertex 76 31 2.03422
    endloop
  endfacet
  facet normal 0 -1 0
    outer loop
      vertex 24 31 0
      vertex 76 31 0.0513306
      vertex 24 31 0.0513306
    endloop
  endfacet
  facet normal 0 -1 -0
    outer loop
      vertex 76 31 0.0513306
      vertex 24 31 0
      vertex 76 31 0
    endloop
  endfacet
  facet normal 0 -1 0
    outer loop
      vertex 23 29.5 3.1
      vertex 77 29.5 4.2
      vertex 23 29.5 4.2
    endloop
  endfacet
  facet normal 0 -1 -0
    outer loop
      vertex 77 29.5 4.2
      vertex 23 29.5 3.1
      vertex 77 29.5 3.1
    endloop
  endfacet
  facet normal -0.923947 -0.38252 0
    outer loop
      vertex 5.58564 5 0
      vertex 5.59433 4.97901 0.138369
      vertex 5.58564 5 0.134028
    endloop
  endfacet
  facet normal -0.923874 -0.382696 -3.11945e-05
    outer loop
      vertex 5.58564 5 0
      vertex 5.67454 4.78537 0.178423
      vertex 5.59433 4.97901 0.138369
    endloop
  endfacet
  facet normal -0.92388 -0.382682 -1.12473e-05
    outer loop
      vertex 5.74548 4.61411 0
      vertex 5.67454 4.78537 0.178423
      vertex 5.58564 5 0
    endloop
  endfacet
  facet normal -0.923876 -0.382692 0
    outer loop
      vertex 5.67454 4.78537 0.178423
      vertex 5.74548 4.61411 0
      vertex 5.74548 4.61411 0.221811
    endloop
  endfacet
  facet normal -0.991444 -0.130529 0
    outer loop
      vertex 5.8 4.2 0
      vertex 5.74548 4.61411 0.221811
      vertex 5.74548 4.61411 0
    endloop
  endfacet
  facet normal -0.991444 -0.130529 0
    outer loop
      vertex 5.74548 4.61411 0.221811
      vertex 5.8 4.2 0
      vertex 5.8 4.2 0.330848
    endloop
  endfacet
  facet normal -0.991444 0.130529 0
    outer loop
      vertex 5.74548 3.78589 0
      vertex 5.8 4.2 0.330848
      vertex 5.8 4.2 0
    endloop
  endfacet
  facet normal -0.991444 0.130529 0
    outer loop
      vertex 5.8 4.2 0.330848
      vertex 5.74548 3.78589 0
      vertex 5.74548 3.78589 0.443732
    endloop
  endfacet
  facet normal 0.989949 -0.141421 0
    outer loop
      vertex 2.65448 4.61383 1.23988
      vertex 2.65452 4.61411 0
      vertex 2.65452 4.61411 1.2398
    endloop
  endfacet
  facet normal 0.991445 -0.130528 2.13841e-06
    outer loop
      vertex 2.6 4.2 0
      vertex 2.65448 4.61383 1.23988
      vertex 2.60896 4.26808 1.41575
    endloop
  endfacet
  facet normal 0.99145 -0.130485 0
    outer loop
      vertex 2.6 4.2 0
      vertex 2.60896 4.26808 1.41575
      vertex 2.6 4.2 1.45038
    endloop
  endfacet
  facet normal 0.991444 -0.130529 2.50793e-06
    outer loop
      vertex 2.65448 4.61383 1.23988
      vertex 2.6 4.2 0
      vertex 2.65452 4.61411 0
    endloop
  endfacet
  facet normal 0.130529 -0.991444 0
    outer loop
      vertex 3.78589 5.74548 0
      vertex 4.2 5.8 0.330848
      vertex 3.78589 5.74548 0.443732
    endloop
  endfacet
  facet normal 0.130529 -0.991444 0
    outer loop
      vertex 4.2 5.8 0.330848
      vertex 3.78589 5.74548 0
      vertex 4.2 5.8 0
    endloop
  endfacet
  facet normal -0.793352 0.608763 0
    outer loop
      vertex 5.33137 3.06863 0
      vertex 5.58564 3.4 0.663674
      vertex 5.58564 3.4 0
    endloop
  endfacet
  facet normal -0.793349 0.608767 -3.21152e-06
    outer loop
      vertex 5.58564 3.4 0.663674
      vertex 5.33137 3.06863 0
      vertex 5.57159 3.38169 0.67531
    endloop
  endfacet
  facet normal -0.793353 0.608762 0
    outer loop
      vertex 5.57159 3.38169 0.67531
      vertex 5.33137 3.06863 0
      vertex 5.33137 3.06863 0.874318
    endloop
  endfacet
  facet normal -0.923919 0.382588 0
    outer loop
      vertex 5.74548 3.78589 0
      vertex 5.72644 3.73991 0.456722
      vertex 5.74548 3.78589 0.443732
    endloop
  endfacet
  facet normal -0.92388 0.382682 1.09957e-05
    outer loop
      vertex 5.58564 3.4 0
      vertex 5.72644 3.73991 0.456722
      vertex 5.74548 3.78589 0
    endloop
  endfacet
  facet normal -0.923875 0.382694 0
    outer loop
      vertex 5.72644 3.73991 0.456722
      vertex 5.58564 3.4 0
      vertex 5.58564 3.4 0.663674
    endloop
  endfacet
  facet normal 0.382694 -0.923875 0
    outer loop
      vertex 3.4 5.58564 0
      vertex 3.73991 5.72644 0.456722
      vertex 3.4 5.58564 0.663674
    endloop
  endfacet
  facet normal 0.382682 -0.92388 1.09957e-05
    outer loop
      vertex 3.78589 5.74548 0
      vertex 3.73991 5.72644 0.456722
      vertex 3.4 5.58564 0
    endloop
  endfacet
  facet normal 0.382588 -0.923919 0
    outer loop
      vertex 3.73991 5.72644 0.456722
      vertex 3.78589 5.74548 0
      vertex 3.78589 5.74548 0.443732
    endloop
  endfacet
  facet normal 0.793355 -0.608759 -1.98184e-06
    outer loop
      vertex 2.81436 5 0
      vertex 3.06863 5.33137 0.874318
      vertex 2.95578 5.1843 0.95065
    endloop
  endfacet
  facet normal 0.79335 -0.608766 0
    outer loop
      vertex 2.81436 5 0
      vertex 2.95578 5.1843 0.95065
      vertex 2.81436 5 1.06781
    endloop
  endfacet
  facet normal 0.793352 -0.608763 0
    outer loop
      vertex 3.06863 5.33137 0.874318
      vertex 2.81436 5 0
      vertex 3.06863 5.33137 0
    endloop
  endfacet
  facet normal 0.382682 0.92388 0
    outer loop
      vertex 3.4 2.81436 0
      vertex 3.78589 2.65452 1.62386
      vertex 3.78589 2.65452 0
    endloop
  endfacet
  facet normal 0.382682 0.92388 -1.46394e-07
    outer loop
      vertex 3.78589 2.65452 1.62386
      vertex 3.4 2.81436 0
      vertex 3.54553 2.75408 1.69178
    endloop
  endfacet
  facet normal 0.382681 0.923881 0
    outer loop
      vertex 3.54553 2.75408 1.69178
      vertex 3.4 2.81436 0
      vertex 3.4 2.81436 1.7329
    endloop
  endfacet
  facet normal 0.608762 -0.793353 0
    outer loop
      vertex 3.06863 5.33137 0
      vertex 3.38169 5.57159 0.67531
      vertex 3.06863 5.33137 0.874318
    endloop
  endfacet
  facet normal 0.608767 -0.793349 -3.21152e-06
    outer loop
      vertex 3.38169 5.57159 0.67531
      vertex 3.06863 5.33137 0
      vertex 3.4 5.58564 0.663674
    endloop
  endfacet
  facet normal 0.608763 -0.793352 0
    outer loop
      vertex 3.4 5.58564 0.663674
      vertex 3.06863 5.33137 0
      vertex 3.4 5.58564 0
    endloop
  endfacet
  facet normal -0.382682 0.92388 0
    outer loop
      vertex 4.61411 2.65452 0
      vertex 5 2.81436 1.06781
      vertex 5 2.81436 0
    endloop
  endfacet
  facet normal -0.382682 0.92388 0
    outer loop
      vertex 5 2.81436 1.06781
      vertex 4.61411 2.65452 0
      vertex 4.61411 2.65452 1.2398
    endloop
  endfacet
  facet normal -0.608763 0.793352 0
    outer loop
      vertex 5 2.81436 0
      vertex 5.33137 3.06863 0.874318
      vertex 5.33137 3.06863 0
    endloop
  endfacet
  facet normal -0.608759 0.793355 -1.98184e-06
    outer loop
      vertex 5.33137 3.06863 0.874318
      vertex 5 2.81436 0
      vertex 5.1843 2.95578 0.95065
    endloop
  endfacet
  facet normal -0.608766 0.79335 0
    outer loop
      vertex 5.1843 2.95578 0.95065
      vertex 5 2.81436 0
      vertex 5 2.81436 1.06781
    endloop
  endfacet
  facet normal 0.608763 0.793352 -0
    outer loop
      vertex 3.4 2.81436 0
      vertex 3.06863 3.06863 1.7329
      vertex 3.4 2.81436 1.7329
    endloop
  endfacet
  facet normal 0.608763 0.793352 0
    outer loop
      vertex 3.06863 3.06863 1.7329
      vertex 3.4 2.81436 0
      vertex 3.06863 3.06863 0
    endloop
  endfacet
  facet normal -0.382692 -0.923876 0
    outer loop
      vertex 4.61411 5.74548 0
      vertex 4.78537 5.67454 0.178423
      vertex 4.61411 5.74548 0.221811
    endloop
  endfacet
  facet normal -0.382682 -0.92388 -1.12473e-05
    outer loop
      vertex 5 5.58564 0
      vertex 4.78537 5.67454 0.178423
      vertex 4.61411 5.74548 0
    endloop
  endfacet
  facet normal -0.382696 -0.923874 -3.11945e-05
    outer loop
      vertex 4.78537 5.67454 0.178423
      vertex 5 5.58564 0
      vertex 4.97901 5.59433 0.138369
    endloop
  endfacet
  facet normal -0.38252 -0.923947 0
    outer loop
      vertex 4.97901 5.59433 0.138369
      vertex 5 5.58564 0
      vertex 5 5.58564 0.134028
    endloop
  endfacet
  facet normal 0.130529 0.991444 0
    outer loop
      vertex 3.78589 2.65452 0
      vertex 4.2 2.6 1.45038
      vertex 4.2 2.6 0
    endloop
  endfacet
  facet normal 0.13051 0.991447 5.60815e-06
    outer loop
      vertex 4.2 2.6 1.45038
      vertex 3.78589 2.65452 0
      vertex 4.04852 2.61994 1.49027
    endloop
  endfacet
  facet normal 0.130541 0.991443 0
    outer loop
      vertex 4.04852 2.61994 1.49027
      vertex 3.78589 2.65452 0
      vertex 3.78589 2.65452 1.62386
    endloop
  endfacet
  facet normal -0.130528 0.991445 2.13841e-06
    outer loop
      vertex 4.2 2.6 0
      vertex 4.26808 2.60896 1.41575
      vertex 4.61383 2.65448 1.23988
    endloop
  endfacet
  facet normal -0.141421 0.989949 0
    outer loop
      vertex 4.61411 2.65452 0
      vertex 4.61383 2.65448 1.23988
      vertex 4.61411 2.65452 1.2398
    endloop
  endfacet
  facet normal -0.130529 0.991444 2.50793e-06
    outer loop
      vertex 4.2 2.6 0
      vertex 4.61383 2.65448 1.23988
      vertex 4.61411 2.65452 0
    endloop
  endfacet
  facet normal -0.130485 0.99145 0
    outer loop
      vertex 4.26808 2.60896 1.41575
      vertex 4.2 2.6 0
      vertex 4.2 2.6 1.45038
    endloop
  endfacet
  facet normal 0.991447 0.13051 5.60815e-06
    outer loop
      vertex 2.65452 3.78589 0
      vertex 2.6 4.2 1.45038
      vertex 2.61994 4.04852 1.49027
    endloop
  endfacet
  facet normal 0.991443 0.130541 -0
    outer loop
      vertex 2.65452 3.78589 0
      vertex 2.61994 4.04852 1.49027
      vertex 2.65452 3.78589 1.62386
    endloop
  endfacet
  facet normal 0.991444 0.130529 0
    outer loop
      vertex 2.6 4.2 1.45038
      vertex 2.65452 3.78589 0
      vertex 2.6 4.2 0
    endloop
  endfacet
  facet normal -0.608771 -0.793346 0
    outer loop
      vertex 5 5.58564 0
      vertex 5.12121 5.49263 0.113382
      vertex 5 5.58564 0.134028
    endloop
  endfacet
  facet normal -0.608757 -0.793357 -2.30642e-05
    outer loop
      vertex 5 5.58564 0
      vertex 5.19152 5.43868 0.107183
      vertex 5.12121 5.49263 0.113382
    endloop
  endfacet
  facet normal -0.608763 -0.793352 -7.70184e-06
    outer loop
      vertex 5.33137 5.33137 0
      vertex 5.19152 5.43868 0.107183
      vertex 5 5.58564 0
    endloop
  endfacet
  facet normal -0.608759 -0.793355 0
    outer loop
      vertex 5.19152 5.43868 0.107183
      vertex 5.33137 5.33137 0
      vertex 5.33137 5.33137 0.0948529
    endloop
  endfacet
  facet normal -0.130529 -0.991444 0
    outer loop
      vertex 4.2 5.8 0
      vertex 4.61411 5.74548 0.221811
      vertex 4.2 5.8 0.330848
    endloop
  endfacet
  facet normal -0.130529 -0.991444 -0
    outer loop
      vertex 4.61411 5.74548 0.221811
      vertex 4.2 5.8 0
      vertex 4.61411 5.74548 0
    endloop
  endfacet
  facet normal -0.793355 -0.608759 0
    outer loop
      vertex 5.33137 5.33137 0
      vertex 5.43868 5.19152 0.107183
      vertex 5.33137 5.33137 0.0948529
    endloop
  endfacet
  facet normal -0.793352 -0.608763 -7.70184e-06
    outer loop
      vertex 5.58564 5 0
      vertex 5.43868 5.19152 0.107183
      vertex 5.33137 5.33137 0
    endloop
  endfacet
  facet normal -0.793357 -0.608757 -2.30642e-05
    outer loop
      vertex 5.43868 5.19152 0.107183
      vertex 5.58564 5 0
      vertex 5.49263 5.12121 0.113382
    endloop
  endfacet
  facet normal -0.793346 -0.608771 0
    outer loop
      vertex 5.49263 5.12121 0.113382
      vertex 5.58564 5 0
      vertex 5.58564 5 0.134028
    endloop
  endfacet
  facet normal 0.92388 0.382682 -1.46394e-07
    outer loop
      vertex 2.81436 3.4 0
      vertex 2.65452 3.78589 1.62386
      vertex 2.75408 3.54553 1.69178
    endloop
  endfacet
  facet normal 0.923881 0.382681 -0
    outer loop
      vertex 2.81436 3.4 0
      vertex 2.75408 3.54553 1.69178
      vertex 2.81436 3.4 1.7329
    endloop
  endfacet
  facet normal 0.92388 0.382682 0
    outer loop
      vertex 2.65452 3.78589 1.62386
      vertex 2.81436 3.4 0
      vertex 2.65452 3.78589 0
    endloop
  endfacet
  facet normal 0.92388 -0.382682 0
    outer loop
      vertex 2.65452 4.61411 0
      vertex 2.81436 5 1.06781
      vertex 2.65452 4.61411 1.2398
    endloop
  endfacet
  facet normal 0.92388 -0.382682 0
    outer loop
      vertex 2.81436 5 1.06781
      vertex 2.65452 4.61411 0
      vertex 2.81436 5 0
    endloop
  endfacet
  facet normal 0.793352 0.608763 0
    outer loop
      vertex 3.06863 3.06863 1.7329
      vertex 2.81436 3.4 0
      vertex 2.81436 3.4 1.7329
    endloop
  endfacet
  facet normal 0.793352 0.608763 0
    outer loop
      vertex 2.81436 3.4 0
      vertex 3.06863 3.06863 1.7329
      vertex 3.06863 3.06863 0
    endloop
  endfacet
  facet normal -0.923871 -0.382704 0
    outer loop
      vertex 5.58564 48.6 0
      vertex 5.72644 48.2601 0.456722
      vertex 5.58564 48.6 0.663674
    endloop
  endfacet
  facet normal -0.923884 -0.382673 2.67548e-05
    outer loop
      vertex 5.74548 48.2141 0
      vertex 5.72644 48.2601 0.456722
      vertex 5.58564 48.6 0
    endloop
  endfacet
  facet normal -0.923978 -0.382446 0
    outer loop
      vertex 5.72644 48.2601 0.456722
      vertex 5.74548 48.2141 0
      vertex 5.74548 48.2141 0.443732
    endloop
  endfacet
  facet normal -0.991444 -0.130533 -0
    outer loop
      vertex 5.8 47.8 0.330848
      vertex 5.74548 48.2141 0
      vertex 5.8 47.8 0
    endloop
  endfacet
  facet normal -0.991444 -0.130533 0
    outer loop
      vertex 5.74548 48.2141 0
      vertex 5.8 47.8 0.330848
      vertex 5.74548 48.2141 0.443732
    endloop
  endfacet
  facet normal -0.79339 -0.608713 0
    outer loop
      vertex 5.33137 48.9314 0
      vertex 5.57159 48.6183 0.67531
      vertex 5.33137 48.9314 0.874318
    endloop
  endfacet
  facet normal -0.793379 -0.608728 -0
    outer loop
      vertex 5.58564 48.6 0.663674
      vertex 5.33137 48.9314 0
      vertex 5.58564 48.6 0
    endloop
  endfacet
  facet normal -0.793234 -0.608917 -0.000150156
    outer loop
      vertex 5.33137 48.9314 0
      vertex 5.58564 48.6 0.663674
      vertex 5.57159 48.6183 0.67531
    endloop
  endfacet
  facet normal -0.382896 0.923791 0
    outer loop
      vertex 5 46.4144 0
      vertex 4.97901 46.4057 0.138369
      vertex 5 46.4144 0.134028
    endloop
  endfacet
  facet normal -0.382642 0.923897 4.52105e-05
    outer loop
      vertex 5 46.4144 0
      vertex 4.78537 46.3255 0.178423
      vertex 4.97901 46.4057 0.138369
    endloop
  endfacet
  facet normal -0.382804 0.923829 -0.000184037
    outer loop
      vertex 4.61411 46.2545 0
      vertex 4.78537 46.3255 0.178423
      vertex 5 46.4144 0
    endloop
  endfacet
  facet normal -0.382968 0.923762 0
    outer loop
      vertex 4.78537 46.3255 0.178423
      vertex 4.61411 46.2545 0
      vertex 4.61411 46.2545 0.221811
    endloop
  endfacet
  facet normal -0.793322 0.608802 0
    outer loop
      vertex 5.58564 47 0
      vertex 5.49263 46.8788 0.113382
      vertex 5.58564 47 0.134028
    endloop
  endfacet
  facet normal -0.793316 0.60881 1.24608e-05
    outer loop
      vertex 5.58564 47 0
      vertex 5.43868 46.8085 0.107183
      vertex 5.49263 46.8788 0.113382
    endloop
  endfacet
  facet normal -0.793379 0.608728 -0.000219762
    outer loop
      vertex 5.33137 46.6686 0
      vertex 5.43868 46.8085 0.107183
      vertex 5.58564 47 0
    endloop
  endfacet
  facet normal -0.79346 0.608622 0
    outer loop
      vertex 5.43868 46.8085 0.107183
      vertex 5.33137 46.6686 0
      vertex 5.33137 46.6686 0.0948529
    endloop
  endfacet
  facet normal -0.608712 -0.793392 0
    outer loop
      vertex 5 49.1856 0
      vertex 5.1843 49.0442 0.95065
      vertex 5 49.1856 1.06781
    endloop
  endfacet
  facet normal -0.6086 -0.793477 -3.43317e-05
    outer loop
      vertex 5 49.1856 0
      vertex 5.33137 48.9314 0.874318
      vertex 5.1843 49.0442 0.95065
    endloop
  endfacet
  facet normal -0.608657 -0.793433 -0
    outer loop
      vertex 5.33137 48.9314 0.874318
      vertex 5 49.1856 0
      vertex 5.33137 48.9314 0
    endloop
  endfacet
  facet normal 0.608657 -0.793433 0
    outer loop
      vertex 3.06863 48.9314 0
      vertex 3.4 49.1856 1.7329
      vertex 3.06863 48.9314 1.7329
    endloop
  endfacet
  facet normal 0.608657 -0.793433 0
    outer loop
      vertex 3.4 49.1856 1.7329
      vertex 3.06863 48.9314 0
      vertex 3.4 49.1856 0
    endloop
  endfacet
  facet normal -0.923908 0.382615 0
    outer loop
      vertex 5.74548 47.3859 0
      vertex 5.67454 47.2146 0.178423
      vertex 5.74548 47.3859 0.221811
    endloop
  endfacet
  facet normal -0.923884 0.382673 6.50242e-05
    outer loop
      vertex 5.58564 47 0
      vertex 5.67454 47.2146 0.178423
      vertex 5.74548 47.3859 0
    endloop
  endfacet
  facet normal -0.923843 0.382771 -7.21355e-05
    outer loop
      vertex 5.67454 47.2146 0.178423
      vertex 5.58564 47 0
      vertex 5.59433 47.021 0.138369
    endloop
  endfacet
  facet normal -0.924011 0.382365 0
    outer loop
      vertex 5.59433 47.021 0.138369
      vertex 5.58564 47 0
      vertex 5.58564 47 0.134028
    endloop
  endfacet
  facet normal -0.382804 -0.923829 0
    outer loop
      vertex 4.61411 49.3455 0
      vertex 5 49.1856 1.06781
      vertex 4.61411 49.3455 1.2398
    endloop
  endfacet
  facet normal -0.382804 -0.923829 -0
    outer loop
      vertex 5 49.1856 1.06781
      vertex 4.61411 49.3455 0
      vertex 5 49.1856 0
    endloop
  endfacet
  facet normal 0.130482 0.991451 0
    outer loop
      vertex 3.78589 46.2545 0
      vertex 4.2 46.2 0.330848
      vertex 4.2 46.2 0
    endloop
  endfacet
  facet normal 0.130482 0.991451 0
    outer loop
      vertex 4.2 46.2 0.330848
      vertex 3.78589 46.2545 0
      vertex 3.78589 46.2545 0.443732
    endloop
  endfacet
  facet normal -0.130482 0.991451 0
    outer loop
      vertex 4.2 46.2 0
      vertex 4.61411 46.2545 0.221811
      vertex 4.61411 46.2545 0
    endloop
  endfacet
  facet normal -0.130482 0.991451 0
    outer loop
      vertex 4.61411 46.2545 0.221811
      vertex 4.2 46.2 0
      vertex 4.2 46.2 0.330848
    endloop
  endfacet
  facet normal -0.991444 0.130533 0
    outer loop
      vertex 5.74548 47.3859 0.221811
      vertex 5.8 47.8 0
      vertex 5.74548 47.3859 0
    endloop
  endfacet
  facet normal -0.991444 0.130533 0
    outer loop
      vertex 5.8 47.8 0
      vertex 5.74548 47.3859 0.221811
      vertex 5.8 47.8 0.330848
    endloop
  endfacet
  facet normal 0.923853 -0.382748 0
    outer loop
      vertex 2.75408 48.4545 1.69178
      vertex 2.81436 48.6 0
      vertex 2.81436 48.6 1.7329
    endloop
  endfacet
  facet normal 0.923901 -0.382631 1.18253e-05
    outer loop
      vertex 2.65452 48.2141 1.62386
      vertex 2.81436 48.6 0
      vertex 2.75408 48.4545 1.69178
    endloop
  endfacet
  facet normal 0.923884 -0.382673 0
    outer loop
      vertex 2.81436 48.6 0
      vertex 2.65452 48.2141 1.62386
      vertex 2.65452 48.2141 0
    endloop
  endfacet
  facet normal 0.991441 -0.130556 0
    outer loop
      vertex 2.61994 47.9515 1.49027
      vertex 2.65452 48.2141 0
      vertex 2.65452 48.2141 1.62386
    endloop
  endfacet
  facet normal 0.991449 -0.130495 1.10202e-05
    outer loop
      vertex 2.6 47.8 1.45038
      vertex 2.65452 48.2141 0
      vertex 2.61994 47.9515 1.49027
    endloop
  endfacet
  facet normal 0.991444 -0.130533 0
    outer loop
      vertex 2.65452 48.2141 0
      vertex 2.6 47.8 1.45038
      vertex 2.6 47.8 0
    endloop
  endfacet
  facet normal 0.130616 -0.991433 0
    outer loop
      vertex 3.78589 49.3455 0
      vertex 4.04852 49.3801 1.49027
      vertex 3.78589 49.3455 1.62386
    endloop
  endfacet
  facet normal 0.130267 -0.991479 6.2417e-05
    outer loop
      vertex 3.78589 49.3455 0
      vertex 4.2 49.4 1.45038
      vertex 4.04852 49.3801 1.49027
    endloop
  endfacet
  facet normal 0.130482 -0.991451 0
    outer loop
      vertex 4.2 49.4 1.45038
      vertex 3.78589 49.3455 0
      vertex 4.2 49.4 0
    endloop
  endfacet
  facet normal -0.608723 0.793383 0
    outer loop
      vertex 5.33137 46.6686 0
      vertex 5.19152 46.5613 0.107183
      vertex 5.33137 46.6686 0.0948529
    endloop
  endfacet
  facet normal -0.608657 0.793433 0.000136963
    outer loop
      vertex 5 46.4144 0
      vertex 5.19152 46.5613 0.107183
      vertex 5.33137 46.6686 0
    endloop
  endfacet
  facet normal -0.608429 0.793608 -0.000510466
    outer loop
      vertex 5.19152 46.5613 0.107183
      vertex 5 46.4144 0
      vertex 5.12121 46.5074 0.113382
    endloop
  endfacet
  facet normal -0.60873 0.793378 0
    outer loop
      vertex 5.12121 46.5074 0.113382
      vertex 5 46.4144 0
      vertex 5 46.4144 0.134028
    endloop
  endfacet
  facet normal 0.991455 0.130447 0
    outer loop
      vertex 2.60896 47.7319 1.41575
      vertex 2.6 47.8 0
      vertex 2.6 47.8 1.45038
    endloop
  endfacet
  facet normal 0.991442 0.130546 4.82471e-06
    outer loop
      vertex 2.65448 47.3862 1.23988
      vertex 2.6 47.8 0
      vertex 2.60896 47.7319 1.41575
    endloop
  endfacet
  facet normal 0.991228 0.132164 -0
    outer loop
      vertex 2.65452 47.3859 0
      vertex 2.65448 47.3862 1.23988
      vertex 2.65452 47.3859 1.2398
    endloop
  endfacet
  facet normal 0.991444 0.130533 4.01649e-07
    outer loop
      vertex 2.65448 47.3862 1.23988
      vertex 2.65452 47.3859 0
      vertex 2.6 47.8 0
    endloop
  endfacet
  facet normal 0.382789 -0.923836 0
    outer loop
      vertex 3.4 49.1856 0
      vertex 3.54553 49.2459 1.69178
      vertex 3.4 49.1856 1.7329
    endloop
  endfacet
  facet normal 0.382813 -0.923826 -2.3954e-06
    outer loop
      vertex 3.4 49.1856 0
      vertex 3.78589 49.3455 1.62386
      vertex 3.54553 49.2459 1.69178
    endloop
  endfacet
  facet normal 0.382804 -0.923829 0
    outer loop
      vertex 3.78589 49.3455 1.62386
      vertex 3.4 49.1856 0
      vertex 3.78589 49.3455 0
    endloop
  endfacet
  facet normal -0.131057 -0.991375 0
    outer loop
      vertex 4.2 49.4 0
      vertex 4.26808 49.391 1.41575
      vertex 4.2 49.4 1.45038
    endloop
  endfacet
  facet normal -0.130487 -0.99145 -2.78968e-05
    outer loop
      vertex 4.26808 49.391 1.41575
      vertex 4.2 49.4 0
      vertex 4.61383 49.3455 1.23988
    endloop
  endfacet
  facet normal -0.130482 -0.991451 -2.94666e-05
    outer loop
      vertex 4.61411 49.3455 0
      vertex 4.61383 49.3455 1.23988
      vertex 4.2 49.4 0
    endloop
  endfacet
  facet normal 0 -1 0
    outer loop
      vertex 4.61383 49.3455 1.23988
      vertex 4.61411 49.3455 0
      vertex 4.61411 49.3455 1.2398
    endloop
  endfacet
  facet normal 0.607704 0.794163 0.000755168
    outer loop
      vertex 3.06863 46.6686 0
      vertex 3.38169 46.4284 0.675311
      vertex 3.4 46.4144 0.663674
    endloop
  endfacet
  facet normal 0.608657 0.793433 0
    outer loop
      vertex 3.06863 46.6686 0
      vertex 3.4 46.4144 0.663674
      vertex 3.4 46.4144 0
    endloop
  endfacet
  facet normal 0.608731 0.793377 0
    outer loop
      vertex 3.38169 46.4284 0.675311
      vertex 3.06863 46.6686 0
      vertex 3.06863 46.6686 0.874318
    endloop
  endfacet
  facet normal 0.793379 -0.608728 0
    outer loop
      vertex 2.81436 48.6 1.7329
      vertex 3.06863 48.9314 0
      vertex 3.06863 48.9314 1.7329
    endloop
  endfacet
  facet normal 0.793379 -0.608728 0
    outer loop
      vertex 3.06863 48.9314 0
      vertex 2.81436 48.6 1.7329
      vertex 2.81436 48.6 0
    endloop
  endfacet
  facet normal 0.383617 0.923492 -0
    outer loop
      vertex 3.78589 46.2545 0
      vertex 3.73991 46.2736 0.456722
      vertex 3.78589 46.2545 0.443732
    endloop
  endfacet
  facet normal 0.382804 0.923829 -9.59083e-05
    outer loop
      vertex 3.4 46.4144 0
      vertex 3.73991 46.2736 0.456722
      vertex 3.78589 46.2545 0
    endloop
  endfacet
  facet normal 0.382694 0.923875 0
    outer loop
      vertex 3.73991 46.2736 0.456722
      vertex 3.4 46.4144 0
      vertex 3.4 46.4144 0.663674
    endloop
  endfacet
  facet normal 0.923884 0.382673 0
    outer loop
      vertex 2.81436 47 1.06781
      vertex 2.65452 47.3859 0
      vertex 2.65452 47.3859 1.2398
    endloop
  endfacet
  facet normal 0.923884 0.382673 0
    outer loop
      vertex 2.65452 47.3859 0
      vertex 2.81436 47 1.06781
      vertex 2.81436 47 0
    endloop
  endfacet
  facet normal 0.79335 0.608766 0
    outer loop
      vertex 2.95578 46.8157 0.95065
      vertex 2.81436 47 0
      vertex 2.81436 47 1.06781
    endloop
  endfacet
  facet normal 0.793409 0.608688 -2.38525e-05
    outer loop
      vertex 3.06863 46.6686 0.874318
      vertex 2.81436 47 0
      vertex 2.95578 46.8157 0.95065
    endloop
  endfacet
  facet normal 0.793379 0.608728 0
    outer loop
      vertex 2.81436 47 0
      vertex 3.06863 46.6686 0.874318
      vertex 3.06863 46.6686 0
    endloop
  endfacet
  facet normal -0.382446 -0.923978 0
    outer loop
      vertex 96.2141 5.74548 0
      vertex 96.2601 5.72644 0.456722
      vertex 96.2141 5.74548 0.443732
    endloop
  endfacet
  facet normal -0.382673 -0.923884 2.67548e-05
    outer loop
      vertex 96.6 5.58564 0
      vertex 96.2601 5.72644 0.456722
      vertex 96.2141 5.74548 0
    endloop
  endfacet
  facet normal -0.382704 -0.923871 0
    outer loop
      vertex 96.2601 5.72644 0.456722
      vertex 96.6 5.58564 0
      vertex 96.6 5.58564 0.663674
    endloop
  endfacet
  facet normal -0.923829 -0.382804 0
    outer loop
      vertex 97.3455 4.61411 0
      vertex 97.1856 5 1.06781
      vertex 97.1856 5 0
    endloop
  endfacet
  facet normal -0.923829 -0.382804 0
    outer loop
      vertex 97.1856 5 1.06781
      vertex 97.3455 4.61411 0
      vertex 97.3455 4.61411 1.2398
    endloop
  endfacet
  facet normal -1 0 0
    outer loop
      vertex 97.3455 4.61411 0
      vertex 97.3455 4.61383 1.23988
      vertex 97.3455 4.61411 1.2398
    endloop
  endfacet
  facet normal -0.991451 -0.130482 -2.94666e-05
    outer loop
      vertex 97.4 4.2 0
      vertex 97.3455 4.61383 1.23988
      vertex 97.3455 4.61411 0
    endloop
  endfacet
  facet normal -0.99145 -0.130487 -2.78968e-05
    outer loop
      vertex 97.3455 4.61383 1.23988
      vertex 97.4 4.2 0
      vertex 97.391 4.26808 1.41575
    endloop
  endfacet
  facet normal -0.991375 -0.131057 0
    outer loop
      vertex 97.391 4.26808 1.41575
      vertex 97.4 4.2 0
      vertex 97.4 4.2 1.45038
    endloop
  endfacet
  facet normal 0.793383 -0.608723 0
    outer loop
      vertex 94.5613 5.19152 0.107183
      vertex 94.6686 5.33137 0
      vertex 94.6686 5.33137 0.0948529
    endloop
  endfacet
  facet normal 0.793608 -0.608429 -0.000510466
    outer loop
      vertex 94.4144 5 0
      vertex 94.5613 5.19152 0.107183
      vertex 94.5074 5.12121 0.113382
    endloop
  endfacet
  facet normal 0.793378 -0.60873 0
    outer loop
      vertex 94.4144 5 0
      vertex 94.5074 5.12121 0.113382
      vertex 94.4144 5 0.134028
    endloop
  endfacet
  facet normal 0.793433 -0.608657 0.000136963
    outer loop
      vertex 94.5613 5.19152 0.107183
      vertex 94.4144 5 0
      vertex 94.6686 5.33137 0
    endloop
  endfacet
  facet normal 0.991451 0.130482 -0
    outer loop
      vertex 94.2545 3.78589 0
      vertex 94.2 4.2 0.330848
      vertex 94.2545 3.78589 0.443732
    endloop
  endfacet
  facet normal 0.991451 0.130482 0
    outer loop
      vertex 94.2 4.2 0.330848
      vertex 94.2545 3.78589 0
      vertex 94.2 4.2 0
    endloop
  endfacet
  facet normal -0.608917 -0.793234 -0.000150156
    outer loop
      vertex 96.9314 5.33137 0
      vertex 96.6183 5.57159 0.67531
      vertex 96.6 5.58564 0.663674
    endloop
  endfacet
  facet normal -0.608728 -0.793379 0
    outer loop
      vertex 96.9314 5.33137 0
      vertex 96.6 5.58564 0.663674
      vertex 96.6 5.58564 0
    endloop
  endfacet
  facet normal -0.608713 -0.79339 0
    outer loop
      vertex 96.6183 5.57159 0.67531
      vertex 96.9314 5.33137 0
      vertex 96.9314 5.33137 0.874318
    endloop
  endfacet
  facet normal -0.793433 0.608657 0
    outer loop
      vertex 96.9314 3.06863 0
      vertex 97.1856 3.4 1.7329
      vertex 97.1856 3.4 0
    endloop
  endfacet
  facet normal -0.793433 0.608657 0
    outer loop
      vertex 97.1856 3.4 1.7329
      vertex 96.9314 3.06863 0
      vertex 96.9314 3.06863 1.7329
    endloop
  endfacet
  facet normal -0.991451 0.130482 0
    outer loop
      vertex 97.3455 3.78589 0
      vertex 97.4 4.2 1.45038
      vertex 97.4 4.2 0
    endloop
  endfacet
  facet normal -0.991479 0.130267 6.2417e-05
    outer loop
      vertex 97.4 4.2 1.45038
      vertex 97.3455 3.78589 0
      vertex 97.3801 4.04852 1.49027
    endloop
  endfacet
  facet normal -0.991433 0.130616 0
    outer loop
      vertex 97.3801 4.04852 1.49027
      vertex 97.3455 3.78589 0
      vertex 97.3455 3.78589 1.62386
    endloop
  endfacet
  facet normal 0.923492 0.383617 0
    outer loop
      vertex 94.2736 3.73991 0.456722
      vertex 94.2545 3.78589 0
      vertex 94.2545 3.78589 0.443732
    endloop
  endfacet
  facet normal 0.923875 0.382694 -0
    outer loop
      vertex 94.4144 3.4 0
      vertex 94.2736 3.73991 0.456722
      vertex 94.4144 3.4 0.663674
    endloop
  endfacet
  facet normal 0.923829 0.382804 -9.59083e-05
    outer loop
      vertex 94.2736 3.73991 0.456722
      vertex 94.4144 3.4 0
      vertex 94.2545 3.78589 0
    endloop
  endfacet
  facet normal 0.794163 0.607704 0.000755168
    outer loop
      vertex 94.6686 3.06863 0
      vertex 94.4144 3.4 0.663674
      vertex 94.4284 3.38169 0.675311
    endloop
  endfacet
  facet normal 0.793377 0.608731 -0
    outer loop
      vertex 94.6686 3.06863 0
      vertex 94.4284 3.38169 0.675311
      vertex 94.6686 3.06863 0.874318
    endloop
  endfacet
  facet normal 0.793433 0.608657 0
    outer loop
      vertex 94.4144 3.4 0.663674
      vertex 94.6686 3.06863 0
      vertex 94.4144 3.4 0
    endloop
  endfacet
  facet normal -0.130556 0.991441 0
    outer loop
      vertex 96.2141 2.65452 0
      vertex 95.9515 2.61994 1.49027
      vertex 96.2141 2.65452 1.62386
    endloop
  endfacet
  facet normal -0.130495 0.991449 1.10202e-05
    outer loop
      vertex 96.2141 2.65452 0
      vertex 95.8 2.6 1.45038
      vertex 95.9515 2.61994 1.49027
    endloop
  endfacet
  facet normal -0.130533 0.991444 0
    outer loop
      vertex 95.8 2.6 1.45038
      vertex 96.2141 2.65452 0
      vertex 95.8 2.6 0
    endloop
  endfacet
  facet normal -0.923829 0.382804 0
    outer loop
      vertex 97.1856 3.4 0
      vertex 97.3455 3.78589 1.62386
      vertex 97.3455 3.78589 0
    endloop
  endfacet
  facet normal -0.923826 0.382813 -2.3954e-06
    outer loop
      vertex 97.3455 3.78589 1.62386
      vertex 97.1856 3.4 0
      vertex 97.2459 3.54553 1.69178
    endloop
  endfacet
  facet normal -0.923836 0.382789 0
    outer loop
      vertex 97.2459 3.54553 1.69178
      vertex 97.1856 3.4 0
      vertex 97.1856 3.4 1.7329
    endloop
  endfacet
  facet normal 0.608622 -0.79346 0
    outer loop
      vertex 94.6686 5.33137 0
      vertex 94.8085 5.43868 0.107183
      vertex 94.6686 5.33137 0.0948529
    endloop
  endfacet
  facet normal 0.608728 -0.793379 -0.000219762
    outer loop
      vertex 95 5.58564 0
      vertex 94.8085 5.43868 0.107183
      vertex 94.6686 5.33137 0
    endloop
  endfacet
  facet normal 0.60881 -0.793316 1.24608e-05
    outer loop
      vertex 94.8085 5.43868 0.107183
      vertex 95 5.58564 0
      vertex 94.8788 5.49263 0.113382
    endloop
  endfacet
  facet normal 0.608802 -0.793322 0
    outer loop
      vertex 94.8788 5.49263 0.113382
      vertex 95 5.58564 0
      vertex 95 5.58564 0.134028
    endloop
  endfacet
  facet normal 0.923791 -0.382896 0
    outer loop
      vertex 94.4057 4.97901 0.138369
      vertex 94.4144 5 0
      vertex 94.4144 5 0.134028
    endloop
  endfacet
  facet normal 0.923897 -0.382642 4.52105e-05
    outer loop
      vertex 94.3255 4.78537 0.178423
      vertex 94.4144 5 0
      vertex 94.4057 4.97901 0.138369
    endloop
  endfacet
  facet normal 0.923762 -0.382968 0
    outer loop
      vertex 94.2545 4.61411 0
      vertex 94.3255 4.78537 0.178423
      vertex 94.2545 4.61411 0.221811
    endloop
  endfacet
  facet normal 0.923829 -0.382804 -0.000184037
    outer loop
      vertex 94.3255 4.78537 0.178423
      vertex 94.2545 4.61411 0
      vertex 94.4144 5 0
    endloop
  endfacet
  facet normal 0.608766 0.79335 -0
    outer loop
      vertex 95 2.81436 0
      vertex 94.8157 2.95578 0.95065
      vertex 95 2.81436 1.06781
    endloop
  endfacet
  facet normal 0.608688 0.793409 -2.38525e-05
    outer loop
      vertex 95 2.81436 0
      vertex 94.6686 3.06863 0.874318
      vertex 94.8157 2.95578 0.95065
    endloop
  endfacet
  facet normal 0.608728 0.793379 0
    outer loop
      vertex 94.6686 3.06863 0.874318
      vertex 95 2.81436 0
      vertex 94.6686 3.06863 0
    endloop
  endfacet
  facet normal 0.382365 -0.924011 0
    outer loop
      vertex 95 5.58564 0
      vertex 95.021 5.59433 0.138369
      vertex 95 5.58564 0.134028
    endloop
  endfacet
  facet normal 0.382771 -0.923843 -7.21355e-05
    outer loop
      vertex 95 5.58564 0
      vertex 95.2146 5.67454 0.178423
      vertex 95.021 5.59433 0.138369
    endloop
  endfacet
  facet normal 0.382673 -0.923884 6.50242e-05
    outer loop
      vertex 95.3859 5.74548 0
      vertex 95.2146 5.67454 0.178423
      vertex 95 5.58564 0
    endloop
  endfacet
  facet normal 0.382615 -0.923908 0
    outer loop
      vertex 95.2146 5.67454 0.178423
      vertex 95.3859 5.74548 0
      vertex 95.3859 5.74548 0.221811
    endloop
  endfacet
  facet normal -0.382748 0.923853 0
    outer loop
      vertex 96.6 2.81436 0
      vertex 96.4545 2.75408 1.69178
      vertex 96.6 2.81436 1.7329
    endloop
  endfacet
  facet normal -0.382631 0.923901 1.18253e-05
    outer loop
      vertex 96.6 2.81436 0
      vertex 96.2141 2.65452 1.62386
      vertex 96.4545 2.75408 1.69178
    endloop
  endfacet
  facet normal -0.382673 0.923884 0
    outer loop
      vertex 96.2141 2.65452 1.62386
      vertex 96.6 2.81436 0
      vertex 96.2141 2.65452 0
    endloop
  endfacet
  facet normal -0.608728 0.793379 0
    outer loop
      vertex 96.9314 3.06863 0
      vertex 96.6 2.81436 1.7329
      vertex 96.9314 3.06863 1.7329
    endloop
  endfacet
  facet normal -0.608728 0.793379 0
    outer loop
      vertex 96.6 2.81436 1.7329
      vertex 96.9314 3.06863 0
      vertex 96.6 2.81436 0
    endloop
  endfacet
  facet normal -0.130533 -0.991444 0
    outer loop
      vertex 96.2141 5.74548 0
      vertex 95.8 5.8 0.330848
      vertex 95.8 5.8 0
    endloop
  endfacet
  facet normal -0.130533 -0.991444 0
    outer loop
      vertex 95.8 5.8 0.330848
      vertex 96.2141 5.74548 0
      vertex 96.2141 5.74548 0.443732
    endloop
  endfacet
  facet normal 0.130533 -0.991444 0
    outer loop
      vertex 95.8 5.8 0
      vertex 95.3859 5.74548 0.221811
      vertex 95.3859 5.74548 0
    endloop
  endfacet
  facet normal 0.130533 -0.991444 0
    outer loop
      vertex 95.3859 5.74548 0.221811
      vertex 95.8 5.8 0
      vertex 95.8 5.8 0.330848
    endloop
  endfacet
  facet normal -0.793433 -0.608657 0
    outer loop
      vertex 97.1856 5 0
      vertex 96.9314 5.33137 0.874318
      vertex 96.9314 5.33137 0
    endloop
  endfacet
  facet normal -0.793477 -0.6086 -3.43317e-05
    outer loop
      vertex 96.9314 5.33137 0.874318
      vertex 97.1856 5 0
      vertex 97.0442 5.1843 0.95065
    endloop
  endfacet
  facet normal -0.793392 -0.608712 0
    outer loop
      vertex 97.0442 5.1843 0.95065
      vertex 97.1856 5 0
      vertex 97.1856 5 1.06781
    endloop
  endfacet
  facet normal 0.130447 0.991455 -0
    outer loop
      vertex 95.8 2.6 0
      vertex 95.7319 2.60896 1.41575
      vertex 95.8 2.6 1.45038
    endloop
  endfacet
  facet normal 0.130546 0.991442 4.82471e-06
    outer loop
      vertex 95.7319 2.60896 1.41575
      vertex 95.8 2.6 0
      vertex 95.3862 2.65448 1.23988
    endloop
  endfacet
  facet normal 0.130533 0.991444 4.01649e-07
    outer loop
      vertex 95.3859 2.65452 0
      vertex 95.3862 2.65448 1.23988
      vertex 95.8 2.6 0
    endloop
  endfacet
  facet normal 0.132164 0.991228 0
    outer loop
      vertex 95.3862 2.65448 1.23988
      vertex 95.3859 2.65452 0
      vertex 95.3859 2.65452 1.2398
    endloop
  endfacet
  facet normal 0.382673 0.923884 -0
    outer loop
      vertex 95.3859 2.65452 0
      vertex 95 2.81436 1.06781
      vertex 95.3859 2.65452 1.2398
    endloop
  endfacet
  facet normal 0.382673 0.923884 0
    outer loop
      vertex 95 2.81436 1.06781
      vertex 95.3859 2.65452 0
      vertex 95 2.81436 0
    endloop
  endfacet
  facet normal 0.991451 -0.130482 0
    outer loop
      vertex 94.2 4.2 0
      vertex 94.2545 4.61411 0.221811
      vertex 94.2 4.2 0.330848
    endloop
  endfacet
  facet normal 0.991451 -0.130482 0
    outer loop
      vertex 94.2545 4.61411 0.221811
      vertex 94.2 4.2 0
      vertex 94.2545 4.61411 0
    endloop
  endfacet
  facet normal -0.923808 -0.382856 0
    outer loop
      vertex 97.1856 48.6 0
      vertex 97.2459 48.4545 1.69178
      vertex 97.1856 48.6 1.7329
    endloop
  endfacet
  facet normal -0.923833 -0.382796 -0
    outer loop
      vertex 97.3455 48.2141 1.62386
      vertex 97.1856 48.6 0
      vertex 97.3455 48.2141 0
    endloop
  endfacet
  facet normal -0.923847 -0.382761 9.5803e-06
    outer loop
      vertex 97.1856 48.6 0
      vertex 97.3455 48.2141 1.62386
      vertex 97.2459 48.4545 1.69178
    endloop
  endfacet
  facet normal -0.991431 -0.13063 0
    outer loop
      vertex 97.3455 48.2141 0
      vertex 97.3801 47.9515 1.49027
      vertex 97.3455 48.2141 1.62386
    endloop
  endfacet
  facet normal -0.99145 -0.130485 -0
    outer loop
      vertex 97.4 47.8 1.45038
      vertex 97.3455 48.2141 0
      vertex 97.4 47.8 0
    endloop
  endfacet
  facet normal -0.991481 -0.130252 6.78191e-05
    outer loop
      vertex 97.3455 48.2141 0
      vertex 97.4 47.8 1.45038
      vertex 97.3801 47.9515 1.49027
    endloop
  endfacet
  facet normal -0.79346 -0.608623 0
    outer loop
      vertex 97.1856 48.6 0
      vertex 96.9314 48.9314 1.7329
      vertex 96.9314 48.9314 0
    endloop
  endfacet
  facet normal -0.79346 -0.608623 0
    outer loop
      vertex 96.9314 48.9314 1.7329
      vertex 97.1856 48.6 0
      vertex 97.1856 48.6 1.7329
    endloop
  endfacet
  facet normal 0.99145 -0.130485 0
    outer loop
      vertex 94.2 47.8 0.330848
      vertex 94.2545 48.2141 0
      vertex 94.2545 48.2141 0.443732
    endloop
  endfacet
  facet normal 0.99145 -0.130485 0
    outer loop
      vertex 94.2545 48.2141 0
      vertex 94.2 47.8 0.330848
      vertex 94.2 47.8 0
    endloop
  endfacet
  facet normal -0.382704 0.923871 0
    outer loop
      vertex 96.6 46.4144 0
      vertex 96.2601 46.2736 0.456722
      vertex 96.6 46.4144 0.663674
    endloop
  endfacet
  facet normal -0.382796 0.923833 -8.01446e-05
    outer loop
      vertex 96.2141 46.2545 0
      vertex 96.2601 46.2736 0.456722
      vertex 96.6 46.4144 0
    endloop
  endfacet
  facet normal -0.383475 0.923551 0
    outer loop
      vertex 96.2601 46.2736 0.456722
      vertex 96.2141 46.2545 0
      vertex 96.2141 46.2545 0.443732
    endloop
  endfacet
  facet normal -0.608623 -0.79346 0
    outer loop
      vertex 96.6 49.1856 0
      vertex 96.9314 48.9314 1.7329
      vertex 96.6 49.1856 1.7329
    endloop
  endfacet
  facet normal -0.608623 -0.79346 -0
    outer loop
      vertex 96.9314 48.9314 1.7329
      vertex 96.6 49.1856 0
      vertex 96.9314 48.9314 0
    endloop
  endfacet
  facet normal 0.608623 -0.79346 0
    outer loop
      vertex 95 49.1856 0
      vertex 94.6686 48.9314 0.874318
      vertex 94.6686 48.9314 0
    endloop
  endfacet
  facet normal 0.608529 -0.793531 -5.61989e-05
    outer loop
      vertex 94.6686 48.9314 0.874318
      vertex 95 49.1856 0
      vertex 94.8157 49.0442 0.95065
    endloop
  endfacet
  facet normal 0.608712 -0.793392 0
    outer loop
      vertex 94.8157 49.0442 0.95065
      vertex 95 49.1856 0
      vertex 95 49.1856 1.06781
    endloop
  endfacet
  facet normal 0.923793 0.382892 0
    outer loop
      vertex 94.3255 47.2146 0.178423
      vertex 94.2545 47.3859 0
      vertex 94.2545 47.3859 0.221811
    endloop
  endfacet
  facet normal 0.923866 0.382716 4.27269e-06
    outer loop
      vertex 94.4144 47 0
      vertex 94.3255 47.2146 0.178423
      vertex 94.4057 47.021 0.138369
    endloop
  endfacet
  facet normal 0.923856 0.38274 -0
    outer loop
      vertex 94.4144 47 0
      vertex 94.4057 47.021 0.138369
      vertex 94.4144 47 0.134028
    endloop
  endfacet
  facet normal 0.923833 0.382796 -0.000107742
    outer loop
      vertex 94.3255 47.2146 0.178423
      vertex 94.4144 47 0
      vertex 94.2545 47.3859 0
    endloop
  endfacet
  facet normal -0.130485 0.99145 0
    outer loop
      vertex 96.2141 46.2545 0
      vertex 95.8 46.2 0.330848
      vertex 96.2141 46.2545 0.443732
    endloop
  endfacet
  facet normal -0.130485 0.99145 0
    outer loop
      vertex 95.8 46.2 0.330848
      vertex 96.2141 46.2545 0
      vertex 95.8 46.2 0
    endloop
  endfacet
  facet normal 0.130485 0.99145 -0
    outer loop
      vertex 95.8 46.2 0
      vertex 95.3859 46.2545 0.221811
      vertex 95.8 46.2 0.330848
    endloop
  endfacet
  facet normal 0.130485 0.99145 0
    outer loop
      vertex 95.3859 46.2545 0.221811
      vertex 95.8 46.2 0
      vertex 95.3859 46.2545 0
    endloop
  endfacet
  facet normal -0.99138 0.131019 0
    outer loop
      vertex 97.4 47.8 0
      vertex 97.391 47.7319 1.41575
      vertex 97.4 47.8 1.45038
    endloop
  endfacet
  facet normal -0.991448 0.130504 -2.52112e-05
    outer loop
      vertex 97.4 47.8 0
      vertex 97.3455 47.3862 1.23988
      vertex 97.391 47.7319 1.41575
    endloop
  endfacet
  facet normal -0.99145 0.130485 -3.15721e-05
    outer loop
      vertex 97.3455 47.3859 0
      vertex 97.3455 47.3862 1.23988
      vertex 97.4 47.8 0
    endloop
  endfacet
  facet normal -1 0 0
    outer loop
      vertex 97.3455 47.3862 1.23988
      vertex 97.3455 47.3859 0
      vertex 97.3455 47.3859 1.2398
    endloop
  endfacet
  facet normal -0.382796 -0.923833 0
    outer loop
      vertex 96.6 49.1856 0
      vertex 96.2141 49.3455 1.62386
      vertex 96.2141 49.3455 0
    endloop
  endfacet
  facet normal -0.382761 -0.923847 9.5803e-06
    outer loop
      vertex 96.2141 49.3455 1.62386
      vertex 96.6 49.1856 0
      vertex 96.4545 49.2459 1.69178
    endloop
  endfacet
  facet normal -0.382856 -0.923808 0
    outer loop
      vertex 96.4545 49.2459 1.69178
      vertex 96.6 49.1856 0
      vertex 96.6 49.1856 1.7329
    endloop
  endfacet
  facet normal -0.793392 0.608712 0
    outer loop
      vertex 97.1856 47 0
      vertex 97.0442 46.8157 0.95065
      vertex 97.1856 47 1.06781
    endloop
  endfacet
  facet normal -0.79346 0.608623 0
    outer loop
      vertex 96.9314 46.6686 0.874318
      vertex 97.1856 47 0
      vertex 96.9314 46.6686 0
    endloop
  endfacet
  facet normal -0.793531 0.608529 -5.61989e-05
    outer loop
      vertex 97.1856 47 0
      vertex 96.9314 46.6686 0.874318
      vertex 97.0442 46.8157 0.95065
    endloop
  endfacet
  facet normal 0.793415 -0.608682 0
    outer loop
      vertex 94.4284 48.6183 0.675311
      vertex 94.6686 48.9314 0
      vertex 94.6686 48.9314 0.874318
    endloop
  endfacet
  facet normal 0.794048 -0.607855 0.000608373
    outer loop
      vertex 94.4144 48.6 0.663674
      vertex 94.6686 48.9314 0
      vertex 94.4284 48.6183 0.675311
    endloop
  endfacet
  facet normal 0.79346 -0.608623 0
    outer loop
      vertex 94.6686 48.9314 0
      vertex 94.4144 48.6 0.663674
      vertex 94.4144 48.6 0
    endloop
  endfacet
  facet normal -0.923833 0.382796 0
    outer loop
      vertex 97.1856 47 1.06781
      vertex 97.3455 47.3859 0
      vertex 97.1856 47 0
    endloop
  endfacet
  facet normal -0.923833 0.382796 0
    outer loop
      vertex 97.3455 47.3859 0
      vertex 97.1856 47 1.06781
      vertex 97.3455 47.3859 1.2398
    endloop
  endfacet
  facet normal -0.130485 -0.99145 0
    outer loop
      vertex 96.2141 49.3455 0
      vertex 95.8 49.4 1.45038
      vertex 95.8 49.4 0
    endloop
  endfacet
  facet normal -0.130252 -0.991481 6.78191e-05
    outer loop
      vertex 95.8 49.4 1.45038
      vertex 96.2141 49.3455 0
      vertex 95.9515 49.3801 1.49027
    endloop
  endfacet
  facet normal -0.13063 -0.991431 0
    outer loop
      vertex 95.9515 49.3801 1.49027
      vertex 96.2141 49.3455 0
      vertex 96.2141 49.3455 1.62386
    endloop
  endfacet
  facet normal 0.99145 0.130485 0
    outer loop
      vertex 94.2545 47.3859 0.221811
      vertex 94.2 47.8 0
      vertex 94.2 47.8 0.330848
    endloop
  endfacet
  facet normal 0.99145 0.130485 0
    outer loop
      vertex 94.2 47.8 0
      vertex 94.2545 47.3859 0.221811
      vertex 94.2545 47.3859 0
    endloop
  endfacet
  facet normal 0.382796 -0.923833 0
    outer loop
      vertex 95.3859 49.3455 0
      vertex 95 49.1856 1.06781
      vertex 95 49.1856 0
    endloop
  endfacet
  facet normal 0.382796 -0.923833 0
    outer loop
      vertex 95 49.1856 1.06781
      vertex 95.3859 49.3455 0
      vertex 95.3859 49.3455 1.2398
    endloop
  endfacet
  facet normal 0.608482 0.793568 -0.000474936
    outer loop
      vertex 95 46.4144 0
      vertex 94.8085 46.5613 0.107183
      vertex 94.8788 46.5074 0.113382
    endloop
  endfacet
  facet normal 0.608761 0.793353 -0
    outer loop
      vertex 95 46.4144 0
      vertex 94.8788 46.5074 0.113382
      vertex 95 46.4144 0.134028
    endloop
  endfacet
  facet normal 0.608623 0.79346 -7.50561e-05
    outer loop
      vertex 94.8085 46.5613 0.107183
      vertex 95 46.4144 0
      vertex 94.6686 46.6686 0
    endloop
  endfacet
  facet normal 0.608586 0.793488 0
    outer loop
      vertex 94.8085 46.5613 0.107183
      vertex 94.6686 46.6686 0
      vertex 94.6686 46.6686 0.0948529
    endloop
  endfacet
  facet normal -0.608682 0.793415 0
    outer loop
      vertex 96.9314 46.6686 0
      vertex 96.6183 46.4284 0.675311
      vertex 96.9314 46.6686 0.874318
    endloop
  endfacet
  facet normal -0.607855 0.794048 0.000608373
    outer loop
      vertex 96.9314 46.6686 0
      vertex 96.6 46.4144 0.663674
      vertex 96.6183 46.4284 0.675311
    endloop
  endfacet
  facet normal -0.608623 0.79346 0
    outer loop
      vertex 96.6 46.4144 0.663674
      vertex 96.9314 46.6686 0
      vertex 96.6 46.4144 0
    endloop
  endfacet
  facet normal 0.793353 0.608761 0
    outer loop
      vertex 94.5074 46.8788 0.113382
      vertex 94.4144 47 0
      vertex 94.4144 47 0.134028
    endloop
  endfacet
  facet normal 0.793568 0.608482 -0.000474936
    outer loop
      vertex 94.5613 46.8085 0.107183
      vertex 94.4144 47 0
      vertex 94.5074 46.8788 0.113382
    endloop
  endfacet
  facet normal 0.793488 0.608586 -0
    outer loop
      vertex 94.6686 46.6686 0
      vertex 94.5613 46.8085 0.107183
      vertex 94.6686 46.6686 0.0948529
    endloop
  endfacet
  facet normal 0.79346 0.608623 -7.50561e-05
    outer loop
      vertex 94.5613 46.8085 0.107183
      vertex 94.6686 46.6686 0
      vertex 94.4144 47 0
    endloop
  endfacet
  facet normal 0.130504 -0.991448 -2.52112e-05
    outer loop
      vertex 95.8 49.4 0
      vertex 95.7319 49.391 1.41575
      vertex 95.3862 49.3455 1.23988
    endloop
  endfacet
  facet normal 0 -1 0
    outer loop
      vertex 95.3859 49.3455 0
      vertex 95.3862 49.3455 1.23988
      vertex 95.3859 49.3455 1.2398
    endloop
  endfacet
  facet normal 0.130485 -0.99145 -3.15721e-05
    outer loop
      vertex 95.8 49.4 0
      vertex 95.3862 49.3455 1.23988
      vertex 95.3859 49.3455 0
    endloop
  endfacet
  facet normal 0.131019 -0.99138 0
    outer loop
      vertex 95.7319 49.391 1.41575
      vertex 95.8 49.4 0
      vertex 95.8 49.4 1.45038
    endloop
  endfacet
  facet normal 0.382892 0.923793 -0
    outer loop
      vertex 95.3859 46.2545 0
      vertex 95.2146 46.3255 0.178423
      vertex 95.3859 46.2545 0.221811
    endloop
  endfacet
  facet normal 0.382796 0.923833 -0.000107742
    outer loop
      vertex 95 46.4144 0
      vertex 95.2146 46.3255 0.178423
      vertex 95.3859 46.2545 0
    endloop
  endfacet
  facet normal 0.382716 0.923866 4.27269e-06
    outer loop
      vertex 95.2146 46.3255 0.178423
      vertex 95 46.4144 0
      vertex 95.021 46.4057 0.138369
    endloop
  endfacet
  facet normal 0.38274 0.923856 0
    outer loop
      vertex 95.021 46.4057 0.138369
      vertex 95 46.4144 0
      vertex 95 46.4144 0.134028
    endloop
  endfacet
  facet normal 0.923871 -0.382704 0
    outer loop
      vertex 94.2736 48.2601 0.456722
      vertex 94.4144 48.6 0
      vertex 94.4144 48.6 0.663674
    endloop
  endfacet
  facet normal 0.923551 -0.383475 0
    outer loop
      vertex 94.2545 48.2141 0
      vertex 94.2736 48.2601 0.456722
      vertex 94.2545 48.2141 0.443732
    endloop
  endfacet
  facet normal 0.923833 -0.382796 -8.01446e-05
    outer loop
      vertex 94.2736 48.2601 0.456722
      vertex 94.2545 48.2141 0
      vertex 94.4144 48.6 0
    endloop
  endfacet
  facet normal -0.991442 -0.130548 0
    outer loop
      vertex 81 26 0
      vertex 80.8296 27.2941 0.0513306
      vertex 80.8296 27.2941 0
    endloop
  endfacet
  facet normal -0.991442 -0.130548 0
    outer loop
      vertex 80.8296 27.2941 0.0513306
      vertex 81 26 0
      vertex 81 26 0.0513306
    endloop
  endfacet
  facet normal -0.991442 -0.130548 0
    outer loop
      vertex 81 26 2.03422
      vertex 80.8296 27.2941 3
      vertex 80.8296 27.2941 2.03422
    endloop
  endfacet
  facet normal -0.991442 -0.130548 0
    outer loop
      vertex 80.8296 27.2941 3
      vertex 81 26 2.03422
      vertex 81 26 3
    endloop
  endfacet
  facet normal -0.608777 0.793341 0
    outer loop
      vertex 79.5355 22.4645 0
      vertex 78.5 21.6699 0.0513306
      vertex 79.5355 22.4645 0.0513306
    endloop
  endfacet
  facet normal -0.608777 0.793341 0
    outer loop
      vertex 78.5 21.6699 0.0513306
      vertex 79.5355 22.4645 0
      vertex 78.5 21.6699 0
    endloop
  endfacet
  facet normal -0.608777 0.793341 0
    outer loop
      vertex 79.5355 22.4645 2.03422
      vertex 78.5 21.6699 3
      vertex 79.5355 22.4645 3
    endloop
  endfacet
  facet normal -0.608777 0.793341 0
    outer loop
      vertex 78.5 21.6699 3
      vertex 79.5355 22.4645 2.03422
      vertex 78.5 21.6699 2.03422
    endloop
  endfacet
  facet normal 0.793341 -0.608777 0
    outer loop
      vertex 19.6699 28.5 0.0513306
      vertex 20.4645 29.5355 0
      vertex 20.4645 29.5355 0.0513306
    endloop
  endfacet
  facet normal 0.793341 -0.608777 0
    outer loop
      vertex 20.4645 29.5355 0
      vertex 19.6699 28.5 0.0513306
      vertex 19.6699 28.5 0
    endloop
  endfacet
  facet normal 0.793341 -0.608777 0
    outer loop
      vertex 19.6699 28.5 3
      vertex 20.4645 29.5355 2.03422
      vertex 20.4645 29.5355 3
    endloop
  endfacet
  facet normal 0.793341 -0.608777 0
    outer loop
      vertex 20.4645 29.5355 2.03422
      vertex 19.6699 28.5 3
      vertex 19.6699 28.5 2.03422
    endloop
  endfacet
  facet normal -0.382683 0.92388 0
    outer loop
      vertex 78.5 21.6699 0
      vertex 77.2941 21.1704 0.0513306
      vertex 78.5 21.6699 0.0513306
    endloop
  endfacet
  facet normal -0.382683 0.92388 0
    outer loop
      vertex 77.2941 21.1704 0.0513306
      vertex 78.5 21.6699 0
      vertex 77.2941 21.1704 0
    endloop
  endfacet
  facet normal -0.382683 0.92388 0
    outer loop
      vertex 78.5 21.6699 2.03422
      vertex 77.2941 21.1704 3
      vertex 78.5 21.6699 3
    endloop
  endfacet
  facet normal -0.382683 0.92388 0
    outer loop
      vertex 77.2941 21.1704 3
      vertex 78.5 21.6699 2.03422
      vertex 77.2941 21.1704 2.03422
    endloop
  endfacet
  facet normal -0.92388 -0.382683 0
    outer loop
      vertex 80.8296 27.2941 0
      vertex 80.3301 28.5 0.0513306
      vertex 80.3301 28.5 0
    endloop
  endfacet
  facet normal -0.92388 -0.382683 0
    outer loop
      vertex 80.3301 28.5 0.0513306
      vertex 80.8296 27.2941 0
      vertex 80.8296 27.2941 0.0513306
    endloop
  endfacet
  facet normal -0.92388 -0.382683 0
    outer loop
      vertex 80.8296 27.2941 2.03422
      vertex 80.3301 28.5 3
      vertex 80.3301 28.5 2.03422
    endloop
  endfacet
  facet normal -0.92388 -0.382683 0
    outer loop
      vertex 80.3301 28.5 3
      vertex 80.8296 27.2941 2.03422
      vertex 80.8296 27.2941 3
    endloop
  endfacet
  facet normal 0.608777 -0.793341 0
    outer loop
      vertex 20.4645 29.5355 0
      vertex 21.5 30.3301 0.0513306
      vertex 20.4645 29.5355 0.0513306
    endloop
  endfacet
  facet normal 0.608777 -0.793341 0
    outer loop
      vertex 21.5 30.3301 0.0513306
      vertex 20.4645 29.5355 0
      vertex 21.5 30.3301 0
    endloop
  endfacet
  facet normal 0.608777 -0.793341 0
    outer loop
      vertex 20.4645 29.5355 2.03422
      vertex 21.5 30.3301 3
      vertex 20.4645 29.5355 3
    endloop
  endfacet
  facet normal 0.608777 -0.793341 0
    outer loop
      vertex 21.5 30.3301 3
      vertex 20.4645 29.5355 2.03422
      vertex 21.5 30.3301 2.03422
    endloop
  endfacet
  facet normal 0.793341 0.608777 0
    outer loop
      vertex 20.4645 22.4645 0.0513306
      vertex 19.6699 23.5 0
      vertex 19.6699 23.5 0.0513306
    endloop
  endfacet
  facet normal 0.793341 0.608777 0
    outer loop
      vertex 19.6699 23.5 0
      vertex 20.4645 22.4645 0.0513306
      vertex 20.4645 22.4645 0
    endloop
  endfacet
  facet normal 0.793341 0.608777 0
    outer loop
      vertex 20.4645 22.4645 3
      vertex 19.6699 23.5 2.03422
      vertex 19.6699 23.5 3
    endloop
  endfacet
  facet normal 0.793341 0.608777 0
    outer loop
      vertex 19.6699 23.5 2.03422
      vertex 20.4645 22.4645 3
      vertex 20.4645 22.4645 2.03422
    endloop
  endfacet
  facet normal -0.793341 -0.608777 0
    outer loop
      vertex 80.3301 28.5 0
      vertex 79.5355 29.5355 0.0513306
      vertex 79.5355 29.5355 0
    endloop
  endfacet
  facet normal -0.793341 -0.608777 0
    outer loop
      vertex 79.5355 29.5355 0.0513306
      vertex 80.3301 28.5 0
      vertex 80.3301 28.5 0.0513306
    endloop
  endfacet
  facet normal -0.793341 -0.608777 0
    outer loop
      vertex 80.3301 28.5 2.03422
      vertex 79.5355 29.5355 3
      vertex 79.5355 29.5355 2.03422
    endloop
  endfacet
  facet normal -0.793341 -0.608777 0
    outer loop
      vertex 79.5355 29.5355 3
      vertex 80.3301 28.5 2.03422
      vertex 80.3301 28.5 3
    endloop
  endfacet
  facet normal 0.92388 0.382683 0
    outer loop
      vertex 19.6699 23.5 0.0513306
      vertex 19.1704 24.7059 0
      vertex 19.1704 24.7059 0.0513306
    endloop
  endfacet
  facet normal 0.92388 0.382683 0
    outer loop
      vertex 19.1704 24.7059 0
      vertex 19.6699 23.5 0.0513306
      vertex 19.6699 23.5 0
    endloop
  endfacet
  facet normal 0.92388 0.382683 0
    outer loop
      vertex 19.6699 23.5 3
      vertex 19.1704 24.7059 2.03422
      vertex 19.1704 24.7059 3
    endloop
  endfacet
  facet normal 0.92388 0.382683 0
    outer loop
      vertex 19.1704 24.7059 2.03422
      vertex 19.6699 23.5 3
      vertex 19.6699 23.5 2.03422
    endloop
  endfacet
  facet normal 0.991442 -0.130548 0
    outer loop
      vertex 19 26 0.0513306
      vertex 19.1704 27.2941 0
      vertex 19.1704 27.2941 0.0513306
    endloop
  endfacet
  facet normal 0.991442 -0.130548 0
    outer loop
      vertex 19.1704 27.2941 0
      vertex 19 26 0.0513306
      vertex 19 26 0
    endloop
  endfacet
  facet normal 0.991442 -0.130548 0
    outer loop
      vertex 19 26 3
      vertex 19.1704 27.2941 2.03422
      vertex 19.1704 27.2941 3
    endloop
  endfacet
  facet normal 0.991442 -0.130548 0
    outer loop
      vertex 19.1704 27.2941 2.03422
      vertex 19 26 3
      vertex 19 26 2.03422
    endloop
  endfacet
  facet normal 0.130572 0.991439 -0
    outer loop
      vertex 24 21 3
      vertex 23 21.1317 3.1
      vertex 24 21 3.1
    endloop
  endfacet
  facet normal 0.130572 0.991439 0
    outer loop
      vertex 24 21 3
      vertex 23 21.1317 3
      vertex 23 21.1317 3.1
    endloop
  endfacet
  facet normal 0.130572 0.991439 -0
    outer loop
      vertex 24 21 2.03422
      vertex 23 21.1317 3
      vertex 24 21 3
    endloop
  endfacet
  facet normal 0.130548 0.991442 -2.61541e-05
    outer loop
      vertex 22.7059 21.1704 2.03422
      vertex 23 21.1317 3
      vertex 24 21 2.03422
    endloop
  endfacet
  facet normal 0.130463 0.991453 0
    outer loop
      vertex 23 21.1317 3
      vertex 22.7059 21.1704 2.03422
      vertex 22.7059 21.1704 3
    endloop
  endfacet
  facet normal 0.130548 0.991442 -0
    outer loop
      vertex 24 21 0
      vertex 22.7059 21.1704 0.0513306
      vertex 24 21 0.0513306
    endloop
  endfacet
  facet normal 0.130548 0.991442 0
    outer loop
      vertex 22.7059 21.1704 0.0513306
      vertex 24 21 0
      vertex 22.7059 21.1704 0
    endloop
  endfacet
  facet normal 0 0 -1
    outer loop
      vertex 77 29.5 3.1
      vertex 76 31 3.1
      vertex 77 30.8683 3.1
    endloop
  endfacet
  facet normal 0 0 -1
    outer loop
      vertex 77 29.5 3.1
      vertex 24 31 3.1
      vertex 76 31 3.1
    endloop
  endfacet
  facet normal 0 0 -1
    outer loop
      vertex 23 29.5 3.1
      vertex 24 31 3.1
      vertex 77 29.5 3.1
    endloop
  endfacet
  facet normal 0 0 -1
    outer loop
      vertex 24 31 3.1
      vertex 23 29.5 3.1
      vertex 23 30.8683 3.1
    endloop
  endfacet
  facet normal 0 0 -1
    outer loop
      vertex 76 21 3.1
      vertex 77 22.5 3.1
      vertex 77 21.1317 3.1
    endloop
  endfacet
  facet normal 0 0 -1
    outer loop
      vertex 24 21 3.1
      vertex 77 22.5 3.1
      vertex 76 21 3.1
    endloop
  endfacet
  facet normal 0 0 -1
    outer loop
      vertex 23 22.5 3.1
      vertex 24 21 3.1
      vertex 23 21.1317 3.1
    endloop
  endfacet
  facet normal 0 0 -1
    outer loop
      vertex 24 21 3.1
      vertex 23 22.5 3.1
      vertex 77 22.5 3.1
    endloop
  endfacet
  facet normal 0.130463 -0.991453 0
    outer loop
      vertex 22.7059 30.8296 2.03422
      vertex 23 30.8683 3
      vertex 22.7059 30.8296 3
    endloop
  endfacet
  facet normal 0.130548 -0.991442 -2.61541e-05
    outer loop
      vertex 24 31 2.03422
      vertex 23 30.8683 3
      vertex 22.7059 30.8296 2.03422
    endloop
  endfacet
  facet normal 0.130572 -0.991439 0
    outer loop
      vertex 23 30.8683 3
      vertex 24 31 2.03422
      vertex 24 31 3
    endloop
  endfacet
  facet normal 0.130572 -0.991439 0
    outer loop
      vertex 23 30.8683 3
      vertex 24 31 3.1
      vertex 23 30.8683 3.1
    endloop
  endfacet
  facet normal 0.130572 -0.991439 0
    outer loop
      vertex 24 31 3.1
      vertex 23 30.8683 3
      vertex 24 31 3
    endloop
  endfacet
  facet normal 0.130548 -0.991442 0
    outer loop
      vertex 22.7059 30.8296 0
      vertex 24 31 0.0513306
      vertex 22.7059 30.8296 0.0513306
    endloop
  endfacet
  facet normal 0.130548 -0.991442 0
    outer loop
      vertex 24 31 0.0513306
      vertex 22.7059 30.8296 0
      vertex 24 31 0
    endloop
  endfacet
  facet normal 0.92388 -0.382683 0
    outer loop
      vertex 19.1704 27.2941 0.0513306
      vertex 19.6699 28.5 0
      vertex 19.6699 28.5 0.0513306
    endloop
  endfacet
  facet normal 0.92388 -0.382683 0
    outer loop
      vertex 19.6699 28.5 0
      vertex 19.1704 27.2941 0.0513306
      vertex 19.1704 27.2941 0
    endloop
  endfacet
  facet normal 0.92388 -0.382683 0
    outer loop
      vertex 19.1704 27.2941 3
      vertex 19.6699 28.5 2.03422
      vertex 19.6699 28.5 3
    endloop
  endfacet
  facet normal 0.92388 -0.382683 0
    outer loop
      vertex 19.6699 28.5 2.03422
      vertex 19.1704 27.2941 3
      vertex 19.1704 27.2941 2.03422
    endloop
  endfacet
  facet normal -0.793341 0.608777 0
    outer loop
      vertex 79.5355 22.4645 0
      vertex 80.3301 23.5 0.0513306
      vertex 80.3301 23.5 0
    endloop
  endfacet
  facet normal -0.793341 0.608777 0
    outer loop
      vertex 80.3301 23.5 0.0513306
      vertex 79.5355 22.4645 0
      vertex 79.5355 22.4645 0.0513306
    endloop
  endfacet
  facet normal -0.793341 0.608777 0
    outer loop
      vertex 79.5355 22.4645 2.03422
      vertex 80.3301 23.5 3
      vertex 80.3301 23.5 2.03422
    endloop
  endfacet
  facet normal -0.793341 0.608777 0
    outer loop
      vertex 80.3301 23.5 3
      vertex 79.5355 22.4645 2.03422
      vertex 79.5355 22.4645 3
    endloop
  endfacet
  facet normal 0.382683 -0.92388 0
    outer loop
      vertex 21.5 30.3301 0
      vertex 22.7059 30.8296 0.0513306
      vertex 21.5 30.3301 0.0513306
    endloop
  endfacet
  facet normal 0.382683 -0.92388 0
    outer loop
      vertex 22.7059 30.8296 0.0513306
      vertex 21.5 30.3301 0
      vertex 22.7059 30.8296 0
    endloop
  endfacet
  facet normal 0.382683 -0.92388 0
    outer loop
      vertex 21.5 30.3301 2.03422
      vertex 22.7059 30.8296 3
      vertex 21.5 30.3301 3
    endloop
  endfacet
  facet normal 0.382683 -0.92388 0
    outer loop
      vertex 22.7059 30.8296 3
      vertex 21.5 30.3301 2.03422
      vertex 22.7059 30.8296 2.03422
    endloop
  endfacet
  facet normal 0.382683 0.92388 -0
    outer loop
      vertex 22.7059 21.1704 0
      vertex 21.5 21.6699 0.0513306
      vertex 22.7059 21.1704 0.0513306
    endloop
  endfacet
  facet normal 0.382683 0.92388 0
    outer loop
      vertex 21.5 21.6699 0.0513306
      vertex 22.7059 21.1704 0
      vertex 21.5 21.6699 0
    endloop
  endfacet
  facet normal 0.382683 0.92388 -0
    outer loop
      vertex 22.7059 21.1704 2.03422
      vertex 21.5 21.6699 3
      vertex 22.7059 21.1704 3
    endloop
  endfacet
  facet normal 0.382683 0.92388 0
    outer loop
      vertex 21.5 21.6699 3
      vertex 22.7059 21.1704 2.03422
      vertex 21.5 21.6699 2.03422
    endloop
  endfacet
  facet normal -0.130572 -0.991439 0
    outer loop
      vertex 76 31 3
      vertex 77 30.8683 3.1
      vertex 76 31 3.1
    endloop
  endfacet
  facet normal -0.130572 -0.991439 0
    outer loop
      vertex 76 31 3
      vertex 77 30.8683 3
      vertex 77 30.8683 3.1
    endloop
  endfacet
  facet normal -0.130572 -0.991439 0
    outer loop
      vertex 76 31 2.03422
      vertex 77 30.8683 3
      vertex 76 31 3
    endloop
  endfacet
  facet normal -0.130548 -0.991442 -2.61541e-05
    outer loop
      vertex 77.2941 30.8296 2.03422
      vertex 77 30.8683 3
      vertex 76 31 2.03422
    endloop
  endfacet
  facet normal -0.130463 -0.991453 0
    outer loop
      vertex 77 30.8683 3
      vertex 77.2941 30.8296 2.03422
      vertex 77.2941 30.8296 3
    endloop
  endfacet
  facet normal -0.130548 -0.991442 0
    outer loop
      vertex 76 31 0
      vertex 77.2941 30.8296 0.0513306
      vertex 76 31 0.0513306
    endloop
  endfacet
  facet normal -0.130548 -0.991442 -0
    outer loop
      vertex 77.2941 30.8296 0.0513306
      vertex 76 31 0
      vertex 77.2941 30.8296 0
    endloop
  endfacet
  facet normal 0.608777 0.793341 -0
    outer loop
      vertex 21.5 21.6699 0
      vertex 20.4645 22.4645 0.0513306
      vertex 21.5 21.6699 0.0513306
    endloop
  endfacet
  facet normal 0.608777 0.793341 0
    outer loop
      vertex 20.4645 22.4645 0.0513306
      vertex 21.5 21.6699 0
      vertex 20.4645 22.4645 0
    endloop
  endfacet
  facet normal 0.608777 0.793341 -0
    outer loop
      vertex 21.5 21.6699 2.03422
      vertex 20.4645 22.4645 3
      vertex 21.5 21.6699 3
    endloop
  endfacet
  facet normal 0.608777 0.793341 0
    outer loop
      vertex 20.4645 22.4645 3
      vertex 21.5 21.6699 2.03422
      vertex 20.4645 22.4645 2.03422
    endloop
  endfacet
  facet normal -0.608777 -0.793341 0
    outer loop
      vertex 78.5 30.3301 0
      vertex 79.5355 29.5355 0.0513306
      vertex 78.5 30.3301 0.0513306
    endloop
  endfacet
  facet normal -0.608777 -0.793341 -0
    outer loop
      vertex 79.5355 29.5355 0.0513306
      vertex 78.5 30.3301 0
      vertex 79.5355 29.5355 0
    endloop
  endfacet
  facet normal -0.608777 -0.793341 0
    outer loop
      vertex 78.5 30.3301 2.03422
      vertex 79.5355 29.5355 3
      vertex 78.5 30.3301 3
    endloop
  endfacet
  facet normal -0.608777 -0.793341 -0
    outer loop
      vertex 79.5355 29.5355 3
      vertex 78.5 30.3301 2.03422
      vertex 79.5355 29.5355 2.03422
    endloop
  endfacet
  facet normal -0.382683 -0.92388 0
    outer loop
      vertex 77.2941 30.8296 0
      vertex 78.5 30.3301 0.0513306
      vertex 77.2941 30.8296 0.0513306
    endloop
  endfacet
  facet normal -0.382683 -0.92388 -0
    outer loop
      vertex 78.5 30.3301 0.0513306
      vertex 77.2941 30.8296 0
      vertex 78.5 30.3301 0
    endloop
  endfacet
  facet normal -0.382683 -0.92388 0
    outer loop
      vertex 77.2941 30.8296 2.03422
      vertex 78.5 30.3301 3
      vertex 77.2941 30.8296 3
    endloop
  endfacet
  facet normal -0.382683 -0.92388 -0
    outer loop
      vertex 78.5 30.3301 3
      vertex 77.2941 30.8296 2.03422
      vertex 78.5 30.3301 2.03422
    endloop
  endfacet
  facet normal -0.92388 0.382683 0
    outer loop
      vertex 80.3301 23.5 0
      vertex 80.8296 24.7059 0.0513306
      vertex 80.8296 24.7059 0
    endloop
  endfacet
  facet normal -0.92388 0.382683 0
    outer loop
      vertex 80.8296 24.7059 0.0513306
      vertex 80.3301 23.5 0
      vertex 80.3301 23.5 0.0513306
    endloop
  endfacet
  facet normal -0.92388 0.382683 0
    outer loop
      vertex 80.3301 23.5 2.03422
      vertex 80.8296 24.7059 3
      vertex 80.8296 24.7059 2.03422
    endloop
  endfacet
  facet normal -0.92388 0.382683 0
    outer loop
      vertex 80.8296 24.7059 3
      vertex 80.3301 23.5 2.03422
      vertex 80.3301 23.5 3
    endloop
  endfacet
  facet normal -0.130463 0.991453 0
    outer loop
      vertex 77.2941 21.1704 2.03422
      vertex 77 21.1317 3
      vertex 77.2941 21.1704 3
    endloop
  endfacet
  facet normal -0.130548 0.991442 -2.61541e-05
    outer loop
      vertex 76 21 2.03422
      vertex 77 21.1317 3
      vertex 77.2941 21.1704 2.03422
    endloop
  endfacet
  facet normal -0.130572 0.991439 0
    outer loop
      vertex 77 21.1317 3
      vertex 76 21 2.03422
      vertex 76 21 3
    endloop
  endfacet
  facet normal -0.130572 0.991439 0
    outer loop
      vertex 77 21.1317 3
      vertex 76 21 3.1
      vertex 77 21.1317 3.1
    endloop
  endfacet
  facet normal -0.130572 0.991439 0
    outer loop
      vertex 76 21 3.1
      vertex 77 21.1317 3
      vertex 76 21 3
    endloop
  endfacet
  facet normal -0.130548 0.991442 0
    outer loop
      vertex 77.2941 21.1704 0
      vertex 76 21 0.0513306
      vertex 77.2941 21.1704 0.0513306
    endloop
  endfacet
  facet normal -0.130548 0.991442 0
    outer loop
      vertex 76 21 0.0513306
      vertex 77.2941 21.1704 0
      vertex 76 21 0
    endloop
  endfacet
  facet normal 0.991442 0.130548 0
    outer loop
      vertex 19.1704 24.7059 0.0513306
      vertex 19 26 0
      vertex 19 26 0.0513306
    endloop
  endfacet
  facet normal 0.991442 0.130548 0
    outer loop
      vertex 19 26 0
      vertex 19.1704 24.7059 0.0513306
      vertex 19.1704 24.7059 0
    endloop
  endfacet
  facet normal 0.991442 0.130548 0
    outer loop
      vertex 19.1704 24.7059 3
      vertex 19 26 2.03422
      vertex 19 26 3
    endloop
  endfacet
  facet normal 0.991442 0.130548 0
    outer loop
      vertex 19 26 2.03422
      vertex 19.1704 24.7059 3
      vertex 19.1704 24.7059 2.03422
    endloop
  endfacet
  facet normal -0.991442 0.130548 0
    outer loop
      vertex 80.8296 24.7059 0
      vertex 81 26 0.0513306
      vertex 81 26 0
    endloop
  endfacet
  facet normal -0.991442 0.130548 0
    outer loop
      vertex 81 26 0.0513306
      vertex 80.8296 24.7059 0
      vertex 80.8296 24.7059 0.0513306
    endloop
  endfacet
  facet normal -0.991442 0.130548 0
    outer loop
      vertex 80.8296 24.7059 2.03422
      vertex 81 26 3
      vertex 81 26 2.03422
    endloop
  endfacet
  facet normal -0.991442 0.130548 0
    outer loop
      vertex 81 26 3
      vertex 80.8296 24.7059 2.03422
      vertex 80.8296 24.7059 3
    endloop
  endfacet
  facet normal -0.923883 -0.382676 0
    outer loop
      vertex 10.4063 26.7118 0
      vertex 10.1316 27.375 0.0513306
      vertex 10.1316 27.375 0
    endloop
  endfacet
  facet normal -0.923883 -0.382676 0
    outer loop
      vertex 10.1316 27.375 0.0513306
      vertex 10.4063 26.7118 0
      vertex 10.4063 26.7118 0.0513306
    endloop
  endfacet
  facet normal -0.923883 -0.382676 0
    outer loop
      vertex 10.4063 26.7118 2.03422
      vertex 10.1316 27.375 3
      vertex 10.1316 27.375 2.03422
    endloop
  endfacet
  facet normal -0.923883 -0.382676 0
    outer loop
      vertex 10.1316 27.375 3
      vertex 10.4063 26.7118 2.03422
      vertex 10.4063 26.7118 3
    endloop
  endfacet
  facet normal -0.991447 -0.130512 0
    outer loop
      vertex 10.5 26 0
      vertex 10.4063 26.7118 0.0513306
      vertex 10.4063 26.7118 0
    endloop
  endfacet
  facet normal -0.991447 -0.130512 0
    outer loop
      vertex 10.4063 26.7118 0.0513306
      vertex 10.5 26 0
      vertex 10.5 26 0.0513306
    endloop
  endfacet
  facet normal -0.991447 -0.130512 0
    outer loop
      vertex 10.5 26 2.03422
      vertex 10.4063 26.7118 3
      vertex 10.4063 26.7118 2.03422
    endloop
  endfacet
  facet normal -0.991447 -0.130512 0
    outer loop
      vertex 10.4063 26.7118 3
      vertex 10.5 26 2.03422
      vertex 10.5 26 3
    endloop
  endfacet
  facet normal -0.991447 0.130512 0
    outer loop
      vertex 10.4063 25.2882 0
      vertex 10.5 26 0.0513306
      vertex 10.5 26 0
    endloop
  endfacet
  facet normal -0.991447 0.130512 0
    outer loop
      vertex 10.5 26 0.0513306
      vertex 10.4063 25.2882 0
      vertex 10.4063 25.2882 0.0513306
    endloop
  endfacet
  facet normal -0.991447 0.130512 0
    outer loop
      vertex 10.4063 25.2882 2.03422
      vertex 10.5 26 3
      vertex 10.5 26 2.03422
    endloop
  endfacet
  facet normal -0.991447 0.130512 0
    outer loop
      vertex 10.5 26 3
      vertex 10.4063 25.2882 2.03422
      vertex 10.4063 25.2882 3
    endloop
  endfacet
  facet normal 0.991447 -0.130512 0
    outer loop
      vertex 5 26 0
      vertex 5.0937 26.7118 0.0843256
      vertex 5 26 0.109433
    endloop
  endfacet
  facet normal 0.991447 -0.130512 0
    outer loop
      vertex 5.0937 26.7118 0.0843256
      vertex 5 26 0
      vertex 5.0937 26.7118 0
    endloop
  endfacet
  facet normal 0.991447 -0.130512 0
    outer loop
      vertex 5 26 2.16227
      vertex 5.0937 26.7118 3
      vertex 5 26 3
    endloop
  endfacet
  facet normal 0.991447 -0.130512 0
    outer loop
      vertex 5.0937 26.7118 3
      vertex 5 26 2.16227
      vertex 5.0937 26.7118 2.13716
    endloop
  endfacet
  facet normal 0.130521 -0.991446 0
    outer loop
      vertex 7.03825 28.6563 0
      vertex 7.75 28.75 0.0513306
      vertex 7.03825 28.6563 0.0513306
    endloop
  endfacet
  facet normal 0.130521 -0.991446 0
    outer loop
      vertex 7.75 28.75 0.0513306
      vertex 7.03825 28.6563 0
      vertex 7.75 28.75 0
    endloop
  endfacet
  facet normal 0.130521 -0.991446 0
    outer loop
      vertex 7.03825 28.6563 2.03422
      vertex 7.75 28.75 3
      vertex 7.03825 28.6563 3
    endloop
  endfacet
  facet normal 0.130521 -0.991446 0
    outer loop
      vertex 7.75 28.75 3
      vertex 7.03825 28.6563 2.03422
      vertex 7.75 28.75 2.03422
    endloop
  endfacet
  facet normal -0.923883 0.382676 0
    outer loop
      vertex 10.1316 24.625 0
      vertex 10.4063 25.2882 0.0513306
      vertex 10.4063 25.2882 0
    endloop
  endfacet
  facet normal -0.923883 0.382676 0
    outer loop
      vertex 10.4063 25.2882 0.0513306
      vertex 10.1316 24.625 0
      vertex 10.1316 24.625 0.0513306
    endloop
  endfacet
  facet normal -0.923883 0.382676 0
    outer loop
      vertex 10.1316 24.625 2.03422
      vertex 10.4063 25.2882 3
      vertex 10.4063 25.2882 2.03422
    endloop
  endfacet
  facet normal -0.923883 0.382676 0
    outer loop
      vertex 10.4063 25.2882 3
      vertex 10.1316 24.625 2.03422
      vertex 10.1316 24.625 3
    endloop
  endfacet
  facet normal 0.382651 -0.923893 0
    outer loop
      vertex 6.375 28.3816 0
      vertex 7.03825 28.6563 0.0513306
      vertex 6.375 28.3816 0.0513306
    endloop
  endfacet
  facet normal 0.382651 -0.923893 0
    outer loop
      vertex 7.03825 28.6563 0.0513306
      vertex 6.375 28.3816 0
      vertex 7.03825 28.6563 0
    endloop
  endfacet
  facet normal 0.382651 -0.923893 0
    outer loop
      vertex 6.375 28.3816 2.03422
      vertex 7.03825 28.6563 3
      vertex 6.375 28.3816 3
    endloop
  endfacet
  facet normal 0.382651 -0.923893 0
    outer loop
      vertex 7.03825 28.6563 3
      vertex 6.375 28.3816 2.03422
      vertex 7.03825 28.6563 2.03422
    endloop
  endfacet
  facet normal 0.793328 -0.608794 0
    outer loop
      vertex 5.36843 27.375 0.0513306
      vertex 5.80546 27.9445 0
      vertex 5.80546 27.9445 0.0513306
    endloop
  endfacet
  facet normal 0.793328 -0.608794 0
    outer loop
      vertex 5.80546 27.9445 0
      vertex 5.36843 27.375 0.0513306
      vertex 5.36843 27.375 0
    endloop
  endfacet
  facet normal 0.793286 -0.608849 0
    outer loop
      vertex 5.80546 27.9445 3
      vertex 5.47789 27.5177 2.03422
      vertex 5.80546 27.9445 2.03422
    endloop
  endfacet
  facet normal 0.793328 -0.608794 -3.85275e-05
    outer loop
      vertex 5.36843 27.375 3
      vertex 5.47789 27.5177 2.03422
      vertex 5.80546 27.9445 3
    endloop
  endfacet
  facet normal 0.793454 -0.60863 0
    outer loop
      vertex 5.47789 27.5177 2.03422
      vertex 5.36843 27.375 3
      vertex 5.36843 27.375 2.06355
    endloop
  endfacet
  facet normal 0.608829 -0.793302 0
    outer loop
      vertex 5.80546 27.9445 0
      vertex 6.375 28.3816 0.0513306
      vertex 5.80546 27.9445 0.0513306
    endloop
  endfacet
  facet normal 0.608829 -0.793302 0
    outer loop
      vertex 6.375 28.3816 0.0513306
      vertex 5.80546 27.9445 0
      vertex 6.375 28.3816 0
    endloop
  endfacet
  facet normal 0.608829 -0.793302 0
    outer loop
      vertex 5.80546 27.9445 2.03422
      vertex 6.375 28.3816 3
      vertex 5.80546 27.9445 3
    endloop
  endfacet
  facet normal 0.608829 -0.793302 0
    outer loop
      vertex 6.375 28.3816 3
      vertex 5.80546 27.9445 2.03422
      vertex 6.375 28.3816 2.03422
    endloop
  endfacet
  facet normal 0.382651 0.923893 -0
    outer loop
      vertex 7.03825 23.3437 0
      vertex 6.375 23.6184 0.0513306
      vertex 7.03825 23.3437 0.0513306
    endloop
  endfacet
  facet normal 0.382651 0.923893 0
    outer loop
      vertex 6.375 23.6184 0.0513306
      vertex 7.03825 23.3437 0
      vertex 6.375 23.6184 0
    endloop
  endfacet
  facet normal 0.382651 0.923893 -0
    outer loop
      vertex 7.03825 23.3437 2.03422
      vertex 6.375 23.6184 3
      vertex 7.03825 23.3437 3
    endloop
  endfacet
  facet normal 0.382651 0.923893 0
    outer loop
      vertex 6.375 23.6184 3
      vertex 7.03825 23.3437 2.03422
      vertex 6.375 23.6184 2.03422
    endloop
  endfacet
  facet normal -0.382651 0.923893 0
    outer loop
      vertex 9.125 23.6184 0
      vertex 8.46175 23.3437 0.0513306
      vertex 9.125 23.6184 0.0513306
    endloop
  endfacet
  facet normal -0.382651 0.923893 0
    outer loop
      vertex 8.46175 23.3437 0.0513306
      vertex 9.125 23.6184 0
      vertex 8.46175 23.3437 0
    endloop
  endfacet
  facet normal -0.382651 0.923893 0
    outer loop
      vertex 9.125 23.6184 2.03422
      vertex 8.46175 23.3437 3
      vertex 9.125 23.6184 3
    endloop
  endfacet
  facet normal -0.382651 0.923893 0
    outer loop
      vertex 8.46175 23.3437 3
      vertex 9.125 23.6184 2.03422
      vertex 8.46175 23.3437 2.03422
    endloop
  endfacet
  facet normal 0.991447 0.130512 0
    outer loop
      vertex 5.0937 25.2882 0.0843256
      vertex 5 26 0
      vertex 5 26 0.109433
    endloop
  endfacet
  facet normal 0.991447 0.130512 0
    outer loop
      vertex 5 26 0
      vertex 5.0937 25.2882 0.0843256
      vertex 5.0937 25.2882 0
    endloop
  endfacet
  facet normal 0.991447 0.130512 0
    outer loop
      vertex 5.0937 25.2882 3
      vertex 5 26 2.16227
      vertex 5 26 3
    endloop
  endfacet
  facet normal 0.991447 0.130512 0
    outer loop
      vertex 5 26 2.16227
      vertex 5.0937 25.2882 3
      vertex 5.0937 25.2882 2.13716
    endloop
  endfacet
  facet normal 0.793328 0.608794 0
    outer loop
      vertex 5.80546 24.0555 0.0513306
      vertex 5.36843 24.625 0
      vertex 5.36843 24.625 0.0513306
    endloop
  endfacet
  facet normal 0.793328 0.608794 0
    outer loop
      vertex 5.36843 24.625 0
      vertex 5.80546 24.0555 0.0513306
      vertex 5.80546 24.0555 0
    endloop
  endfacet
  facet normal 0.793454 0.60863 0
    outer loop
      vertex 5.36843 24.625 3
      vertex 5.47789 24.4823 2.03422
      vertex 5.36843 24.625 2.06355
    endloop
  endfacet
  facet normal 0.793328 0.608794 -3.85275e-05
    outer loop
      vertex 5.80546 24.0555 3
      vertex 5.47789 24.4823 2.03422
      vertex 5.36843 24.625 3
    endloop
  endfacet
  facet normal 0.793286 0.608849 0
    outer loop
      vertex 5.47789 24.4823 2.03422
      vertex 5.80546 24.0555 3
      vertex 5.80546 24.0555 2.03422
    endloop
  endfacet
  facet normal 0.608829 0.793302 -0
    outer loop
      vertex 6.375 23.6184 0
      vertex 5.80546 24.0555 0.0513306
      vertex 6.375 23.6184 0.0513306
    endloop
  endfacet
  facet normal 0.608829 0.793302 0
    outer loop
      vertex 5.80546 24.0555 0.0513306
      vertex 6.375 23.6184 0
      vertex 5.80546 24.0555 0
    endloop
  endfacet
  facet normal 0.608829 0.793302 -0
    outer loop
      vertex 6.375 23.6184 2.03422
      vertex 5.80546 24.0555 3
      vertex 6.375 23.6184 3
    endloop
  endfacet
  facet normal 0.608829 0.793302 0
    outer loop
      vertex 5.80546 24.0555 3
      vertex 6.375 23.6184 2.03422
      vertex 5.80546 24.0555 2.03422
    endloop
  endfacet
  facet normal -0.382651 -0.923893 0
    outer loop
      vertex 8.46175 28.6563 0
      vertex 9.125 28.3816 0.0513306
      vertex 8.46175 28.6563 0.0513306
    endloop
  endfacet
  facet normal -0.382651 -0.923893 -0
    outer loop
      vertex 9.125 28.3816 0.0513306
      vertex 8.46175 28.6563 0
      vertex 9.125 28.3816 0
    endloop
  endfacet
  facet normal -0.382651 -0.923893 0
    outer loop
      vertex 8.46175 28.6563 2.03422
      vertex 9.125 28.3816 3
      vertex 8.46175 28.6563 3
    endloop
  endfacet
  facet normal -0.382651 -0.923893 -0
    outer loop
      vertex 9.125 28.3816 3
      vertex 8.46175 28.6563 2.03422
      vertex 9.125 28.3816 2.03422
    endloop
  endfacet
  facet normal 0.92389 -0.382657 0
    outer loop
      vertex 5.21684 27.009 0.0513306
      vertex 5.36843 27.375 0
      vertex 5.36843 27.375 0.0513306
    endloop
  endfacet
  facet normal 0.92384 -0.382778 0
    outer loop
      vertex 5.0937 26.7118 0
      vertex 5.21684 27.009 0.0513306
      vertex 5.0937 26.7118 0.0843256
    endloop
  endfacet
  facet normal 0.923868 -0.382711 -0.000452999
    outer loop
      vertex 5.21684 27.009 0.0513306
      vertex 5.0937 26.7118 0
      vertex 5.36843 27.375 0
    endloop
  endfacet
  facet normal 0.923868 -0.382711 0
    outer loop
      vertex 5.0937 26.7118 2.13716
      vertex 5.36843 27.375 3
      vertex 5.0937 26.7118 3
    endloop
  endfacet
  facet normal 0.923868 -0.382711 0
    outer loop
      vertex 5.36843 27.375 3
      vertex 5.0937 26.7118 2.13716
      vertex 5.36843 27.375 2.06355
    endloop
  endfacet
  facet normal -0.793308 0.60882 0
    outer loop
      vertex 9.69454 24.0555 0
      vertex 10.1316 24.625 0.0513306
      vertex 10.1316 24.625 0
    endloop
  endfacet
  facet normal -0.793308 0.60882 0
    outer loop
      vertex 10.1316 24.625 0.0513306
      vertex 9.69454 24.0555 0
      vertex 9.69454 24.0555 0.0513306
    endloop
  endfacet
  facet normal -0.793308 0.60882 0
    outer loop
      vertex 9.69454 24.0555 2.03422
      vertex 10.1316 24.625 3
      vertex 10.1316 24.625 2.03422
    endloop
  endfacet
  facet normal -0.793308 0.60882 0
    outer loop
      vertex 10.1316 24.625 3
      vertex 9.69454 24.0555 2.03422
      vertex 9.69454 24.0555 3
    endloop
  endfacet
  facet normal 0.130521 0.991446 -0
    outer loop
      vertex 7.75 23.25 0
      vertex 7.03825 23.3437 0.0513306
      vertex 7.75 23.25 0.0513306
    endloop
  endfacet
  facet normal 0.130521 0.991446 0
    outer loop
      vertex 7.03825 23.3437 0.0513306
      vertex 7.75 23.25 0
      vertex 7.03825 23.3437 0
    endloop
  endfacet
  facet normal 0.130521 0.991446 -0
    outer loop
      vertex 7.75 23.25 2.03422
      vertex 7.03825 23.3437 3
      vertex 7.75 23.25 3
    endloop
  endfacet
  facet normal 0.130521 0.991446 0
    outer loop
      vertex 7.03825 23.3437 3
      vertex 7.75 23.25 2.03422
      vertex 7.03825 23.3437 2.03422
    endloop
  endfacet
  facet normal -0.608829 -0.793302 0
    outer loop
      vertex 9.125 28.3816 0
      vertex 9.69454 27.9445 0.0513306
      vertex 9.125 28.3816 0.0513306
    endloop
  endfacet
  facet normal -0.608829 -0.793302 -0
    outer loop
      vertex 9.69454 27.9445 0.0513306
      vertex 9.125 28.3816 0
      vertex 9.69454 27.9445 0
    endloop
  endfacet
  facet normal -0.608829 -0.793302 0
    outer loop
      vertex 9.125 28.3816 2.03422
      vertex 9.69454 27.9445 3
      vertex 9.125 28.3816 3
    endloop
  endfacet
  facet normal -0.608829 -0.793302 -0
    outer loop
      vertex 9.69454 27.9445 3
      vertex 9.125 28.3816 2.03422
      vertex 9.69454 27.9445 2.03422
    endloop
  endfacet
  facet normal -0.130521 -0.991446 0
    outer loop
      vertex 7.75 28.75 0
      vertex 8.46175 28.6563 0.0513306
      vertex 7.75 28.75 0.0513306
    endloop
  endfacet
  facet normal -0.130521 -0.991446 -0
    outer loop
      vertex 8.46175 28.6563 0.0513306
      vertex 7.75 28.75 0
      vertex 8.46175 28.6563 0
    endloop
  endfacet
  facet normal -0.130521 -0.991446 0
    outer loop
      vertex 7.75 28.75 2.03422
      vertex 8.46175 28.6563 3
      vertex 7.75 28.75 3
    endloop
  endfacet
  facet normal -0.130521 -0.991446 -0
    outer loop
      vertex 8.46175 28.6563 3
      vertex 7.75 28.75 2.03422
      vertex 8.46175 28.6563 2.03422
    endloop
  endfacet
  facet normal 0.92384 0.382778 0
    outer loop
      vertex 5.21684 24.991 0.0513306
      vertex 5.0937 25.2882 0
      vertex 5.0937 25.2882 0.0843256
    endloop
  endfacet
  facet normal 0.92389 0.382657 -0
    outer loop
      vertex 5.36843 24.625 0
      vertex 5.21684 24.991 0.0513306
      vertex 5.36843 24.625 0.0513306
    endloop
  endfacet
  facet normal 0.923868 0.382711 -0.000452999
    outer loop
      vertex 5.21684 24.991 0.0513306
      vertex 5.36843 24.625 0
      vertex 5.0937 25.2882 0
    endloop
  endfacet
  facet normal 0.923868 0.382711 0
    outer loop
      vertex 5.36843 24.625 3
      vertex 5.0937 25.2882 2.13716
      vertex 5.0937 25.2882 3
    endloop
  endfacet
  facet normal 0.923868 0.382711 0
    outer loop
      vertex 5.0937 25.2882 2.13716
      vertex 5.36843 24.625 3
      vertex 5.36843 24.625 2.06355
    endloop
  endfacet
  facet normal -0.793308 -0.60882 0
    outer loop
      vertex 10.1316 27.375 0
      vertex 9.69454 27.9445 0.0513306
      vertex 9.69454 27.9445 0
    endloop
  endfacet
  facet normal -0.793308 -0.60882 0
    outer loop
      vertex 9.69454 27.9445 0.0513306
      vertex 10.1316 27.375 0
      vertex 10.1316 27.375 0.0513306
    endloop
  endfacet
  facet normal -0.793308 -0.60882 0
    outer loop
      vertex 10.1316 27.375 2.03422
      vertex 9.69454 27.9445 3
      vertex 9.69454 27.9445 2.03422
    endloop
  endfacet
  facet normal -0.793308 -0.60882 0
    outer loop
      vertex 9.69454 27.9445 3
      vertex 10.1316 27.375 2.03422
      vertex 10.1316 27.375 3
    endloop
  endfacet
  facet normal -0.608829 0.793302 0
    outer loop
      vertex 9.69454 24.0555 0
      vertex 9.125 23.6184 0.0513306
      vertex 9.69454 24.0555 0.0513306
    endloop
  endfacet
  facet normal -0.608829 0.793302 0
    outer loop
      vertex 9.125 23.6184 0.0513306
      vertex 9.69454 24.0555 0
      vertex 9.125 23.6184 0
    endloop
  endfacet
  facet normal -0.608829 0.793302 0
    outer loop
      vertex 9.69454 24.0555 2.03422
      vertex 9.125 23.6184 3
      vertex 9.69454 24.0555 3
    endloop
  endfacet
  facet normal -0.608829 0.793302 0
    outer loop
      vertex 9.125 23.6184 3
      vertex 9.69454 24.0555 2.03422
      vertex 9.125 23.6184 2.03422
    endloop
  endfacet
  facet normal -0.130521 0.991446 0
    outer loop
      vertex 8.46175 23.3437 0
      vertex 7.75 23.25 0.0513306
      vertex 8.46175 23.3437 0.0513306
    endloop
  endfacet
  facet normal -0.130521 0.991446 0
    outer loop
      vertex 7.75 23.25 0.0513306
      vertex 8.46175 23.3437 0
      vertex 7.75 23.25 0
    endloop
  endfacet
  facet normal -0.130521 0.991446 0
    outer loop
      vertex 8.46175 23.3437 2.03422
      vertex 7.75 23.25 3
      vertex 8.46175 23.3437 3
    endloop
  endfacet
  facet normal -0.130521 0.991446 0
    outer loop
      vertex 7.75 23.25 3
      vertex 8.46175 23.3437 2.03422
      vertex 7.75 23.25 2.03422
    endloop
  endfacet
  facet normal 0.035162 -0.2671 -0.963027
    outer loop
      vertex 94 72.6789 0.2
      vertex 94 73.4 0
      vertex 95.3772 72.8602 0.2
    endloop
  endfacet
  facet normal 0.213654 0.163944 -0.963055
    outer loop
      vertex 97.9837 120.3 0
      vertex 97.7626 121.763 0.2
      vertex 98.6082 120.661 0.2
    endloop
  endfacet
  facet normal 0.248814 0.103116 -0.963047
    outer loop
      vertex 98.4433 119.191 0
      vertex 97.9837 120.3 0
      vertex 98.6082 120.661 0.2
    endloop
  endfacet
  facet normal -0.267261 0 -0.963624
    outer loop
      vertex 0.678889 78 0.2
      vertex 1.4 118 0
      vertex 1.4 78 0
    endloop
  endfacet
  facet normal -0.267261 0 -0.963624
    outer loop
      vertex 1.4 118 0
      vertex 0.678889 78 0.2
      vertex 0.678889 118 0.2
    endloop
  endfacet
  facet normal 0.103117 0.24874 -0.963066
    outer loop
      vertex 96.6605 122.608 0.2
      vertex 95.1906 122.443 0
      vertex 95.3772 123.14 0.2
    endloop
  endfacet
  facet normal 0.267144 0.0351481 -0.963016
    outer loop
      vertex 98.6 118 0
      vertex 98.4433 119.191 0
      vertex 99.1398 119.377 0.2
    endloop
  endfacet
  facet normal -0.248896 -0.103097 -0.963027
    outer loop
      vertex 2.01627 75.7 0
      vertex 0.860194 76.6228 0.2
      vertex 1.55674 76.8094 0
    endloop
  endfacet
  facet normal -0.0351616 -0.2671 -0.963027
    outer loop
      vertex 6 72.6789 0.2
      vertex 4.62278 72.8602 0.2
      vertex 5.99999 73.4 0
    endloop
  endfacet
  facet normal -0.267126 0.0351547 -0.96302
    outer loop
      vertex 1.4 118 0
      vertex 0.860194 119.377 0.2
      vertex 1.55674 119.191 0
    endloop
  endfacet
  facet normal -0.213741 0.163957 -0.963033
    outer loop
      vertex 2.7473 121.253 0
      vertex 2.01627 120.3 0
      vertex 2.23739 121.763 0.2
    endloop
  endfacet
  facet normal 0.267114 -0.035156 -0.963024
    outer loop
      vertex 99.1398 76.6228 0.2
      vertex 98.4433 76.8094 0
      vertex 98.6 78 0
    endloop
  endfacet
  facet normal -0.102929 0.248786 -0.963074
    outer loop
      vertex 4.80942 122.443 0
      vertex 3.69999 121.984 0
      vertex 4.62278 123.14 0.2
    endloop
  endfacet
  facet normal -0.267096 0.0351676 -0.963028
    outer loop
      vertex 1.4 118 0
      vertex 0.678889 118 0.2
      vertex 0.860194 119.377 0.2
    endloop
  endfacet
  facet normal 0.0351984 0.266925 -0.963074
    outer loop
      vertex 95.1906 122.443 0
      vertex 94 122.6 0
      vertex 95.3772 123.14 0.2
    endloop
  endfacet
  facet normal 0.267265 0 -0.963623
    outer loop
      vertex 98.6 78 0
      vertex 99.3211 118 0.2
      vertex 99.3211 78 0.2
    endloop
  endfacet
  facet normal 0.267265 0 -0.963623
    outer loop
      vertex 99.3211 118 0.2
      vertex 98.6 78 0
      vertex 98.6 118 0
    endloop
  endfacet
  facet normal 0.248996 0.103089 -0.963002
    outer loop
      vertex 99.1398 119.377 0.2
      vertex 98.4433 119.191 0
      vertex 98.6082 120.661 0.2
    endloop
  endfacet
  facet normal -0.16398 0.21371 -0.963036
    outer loop
      vertex 2.7473 121.253 0
      vertex 2.23739 121.763 0.2
      vertex 3.69999 121.984 0
    endloop
  endfacet
  facet normal 0.103116 -0.248906 -0.963023
    outer loop
      vertex 95.3772 72.8602 0.2
      vertex 95.1906 73.5567 0
      vertex 96.3 74.0163 0
    endloop
  endfacet
  facet normal -0.103099 -0.248892 -0.963028
    outer loop
      vertex 4.62278 72.8602 0.2
      vertex 3.33944 73.3918 0.2
      vertex 3.69999 74.0163 0
    endloop
  endfacet
  facet normal 0.213747 0.163955 -0.963032
    outer loop
      vertex 97.9837 120.3 0
      vertex 97.2527 121.253 0
      vertex 97.7626 121.763 0.2
    endloop
  endfacet
  facet normal 0.267099 0.0351671 -0.963027
    outer loop
      vertex 99.3211 118 0.2
      vertex 98.6 118 0
      vertex 99.1398 119.377 0.2
    endloop
  endfacet
  facet normal 0.103104 -0.248897 -0.963026
    outer loop
      vertex 96.6605 73.3918 0.2
      vertex 95.3772 72.8602 0.2
      vertex 96.3 74.0163 0
    endloop
  endfacet
  facet normal -0.267096 -0.0351626 -0.963028
    outer loop
      vertex 1.55674 76.8094 0
      vertex 0.860194 76.6228 0.2
      vertex 1.4 78 0
    endloop
  endfacet
  facet normal -0.213729 -0.163999 -0.963029
    outer loop
      vertex 2.23739 74.2374 0.2
      vertex 2.01627 75.7 0
      vertex 2.7473 74.7473 0
    endloop
  endfacet
  facet normal -0.035199 0.266923 -0.963075
    outer loop
      vertex 4.80942 122.443 0
      vertex 4.62278 123.14 0.2
      vertex 5.99999 122.6 0
    endloop
  endfacet
  facet normal -0.0351566 -0.267112 -0.963024
    outer loop
      vertex 5.99999 73.4 0
      vertex 4.62278 72.8602 0.2
      vertex 4.80942 73.5567 0
    endloop
  endfacet
  facet normal 0.213722 -0.163996 -0.963031
    outer loop
      vertex 98.6082 75.3394 0.2
      vertex 97.7626 74.2374 0.2
      vertex 97.9837 75.7 0
    endloop
  endfacet
  facet normal -0.035108 0.267135 -0.963019
    outer loop
      vertex 5.99999 122.6 0
      vertex 4.62278 123.14 0.2
      vertex 6 123.321 0.2
    endloop
  endfacet
  facet normal 0.103064 0.249104 -0.962977
    outer loop
      vertex 96.3 121.984 0
      vertex 95.1906 122.443 0
      vertex 96.6605 122.608 0.2
    endloop
  endfacet
  facet normal 0.248888 -0.103093 -0.96303
    outer loop
      vertex 98.6082 75.3394 0.2
      vertex 97.9837 75.7 0
      vertex 99.1398 76.6228 0.2
    endloop
  endfacet
  facet normal 0.164003 0.213902 -0.96299
    outer loop
      vertex 97.7626 121.763 0.2
      vertex 96.3 121.984 0
      vertex 96.6605 122.608 0.2
    endloop
  endfacet
  facet normal 0 -0.267265 -0.963623
    outer loop
      vertex 6 72.6789 0.2
      vertex 94 73.4 0
      vertex 94 72.6789 0.2
    endloop
  endfacet
  facet normal -0 -0.267265 -0.963623
    outer loop
      vertex 94 73.4 0
      vertex 6 72.6789 0.2
      vertex 5.99999 73.4 0
    endloop
  endfacet
  facet normal 0.163997 -0.213735 -0.963028
    outer loop
      vertex 97.7626 74.2374 0.2
      vertex 96.3 74.0163 0
      vertex 97.2527 74.7473 0
    endloop
  endfacet
  facet normal -0.248893 -0.103092 -0.963029
    outer loop
      vertex 1.39178 75.3394 0.2
      vertex 0.860194 76.6228 0.2
      vertex 2.01627 75.7 0
    endloop
  endfacet
  facet normal -0.213723 -0.163999 -0.96303
    outer loop
      vertex 2.23739 74.2374 0.2
      vertex 1.39178 75.3394 0.2
      vertex 2.01627 75.7 0
    endloop
  endfacet
  facet normal 0 0 -1
    outer loop
      vertex 22.7059 102.83 0
      vertex 5.74548 119.386 0
      vertex 5.8 119.8 0
    endloop
  endfacet
  facet normal 0 0 -1
    outer loop
      vertex 6.375 100.382 0
      vertex 5.58564 119 0
      vertex 5.74548 119.386 0
    endloop
  endfacet
  facet normal 0 0 -1
    outer loop
      vertex 3.06863 118.669 0
      vertex 5.80546 99.9445 0
      vertex 5.36843 99.375 0
    endloop
  endfacet
  facet normal 0 0 -1
    outer loop
      vertex 6.375 100.382 0
      vertex 5.33137 118.669 0
      vertex 5.58564 119 0
    endloop
  endfacet
  facet normal 0 0 -1
    outer loop
      vertex 2.81436 119 0
      vertex 5.36843 99.375 0
      vertex 5.0937 98.7118 0
    endloop
  endfacet
  facet normal 0 0 -1
    outer loop
      vertex 1.4 118 0
      vertex 5.0937 98.7118 0
      vertex 5 98 0
    endloop
  endfacet
  facet normal 0 0 -1
    outer loop
      vertex 6.375 100.382 0
      vertex 5 118.414 0
      vertex 5.33137 118.669 0
    endloop
  endfacet
  facet normal -0 0 -1
    outer loop
      vertex 94.6686 118.669 0
      vertex 78.5 102.33 0
      vertex 94.4144 119 0
    endloop
  endfacet
  facet normal 0 0 -1
    outer loop
      vertex 77.2941 102.83 0
      vertex 94.4144 119 0
      vertex 78.5 102.33 0
    endloop
  endfacet
  facet normal -0 0 -1
    outer loop
      vertex 94.4144 119 0
      vertex 77.2941 102.83 0
      vertex 94.2545 119.386 0
    endloop
  endfacet
  facet normal -0 0 -1
    outer loop
      vertex 94.2545 119.386 0
      vertex 77.2941 102.83 0
      vertex 94.2 119.8 0
    endloop
  endfacet
  facet normal 0 0 -1
    outer loop
      vertex 76 103 0
      vertex 94.2 119.8 0
      vertex 77.2941 102.83 0
    endloop
  endfacet
  facet normal -0 0 -1
    outer loop
      vertex 94.2 119.8 0
      vertex 76 103 0
      vertex 94 122.6 0
    endloop
  endfacet
  facet normal 0 0 -1
    outer loop
      vertex 24 103 0
      vertex 94 122.6 0
      vertex 76 103 0
    endloop
  endfacet
  facet normal 0 0 -1
    outer loop
      vertex 5.8 119.8 0
      vertex 24 103 0
      vertex 22.7059 102.83 0
    endloop
  endfacet
  facet normal 0 0 -1
    outer loop
      vertex 10.4063 98.7118 0
      vertex 19 98 0
      vertex 10.5 98 0
    endloop
  endfacet
  facet normal 0 0 -1
    outer loop
      vertex 19 98 0
      vertex 10.4063 98.7118 0
      vertex 19.1704 99.2941 0
    endloop
  endfacet
  facet normal 0 0 -1
    outer loop
      vertex 10.1316 99.375 0
      vertex 19.1704 99.2941 0
      vertex 10.4063 98.7118 0
    endloop
  endfacet
  facet normal 0 0 -1
    outer loop
      vertex 19.1704 99.2941 0
      vertex 10.1316 99.375 0
      vertex 19.6699 100.5 0
    endloop
  endfacet
  facet normal 0 0 -1
    outer loop
      vertex 9.69454 99.9445 0
      vertex 19.6699 100.5 0
      vertex 10.1316 99.375 0
    endloop
  endfacet
  facet normal -0 0 -1
    outer loop
      vertex 19.6699 100.5 0
      vertex 9.69454 99.9445 0
      vertex 20.4645 101.536 0
    endloop
  endfacet
  facet normal 0 0 -1
    outer loop
      vertex 9.125 100.382 0
      vertex 20.4645 101.536 0
      vertex 9.69454 99.9445 0
    endloop
  endfacet
  facet normal 0 0 -1
    outer loop
      vertex 5.74548 119.386 0
      vertex 20.4645 101.536 0
      vertex 9.125 100.382 0
    endloop
  endfacet
  facet normal 0 0 -1
    outer loop
      vertex 20.4645 101.536 0
      vertex 5.74548 119.386 0
      vertex 21.5 102.33 0
    endloop
  endfacet
  facet normal 0 0 -1
    outer loop
      vertex 5.74548 119.386 0
      vertex 22.7059 102.83 0
      vertex 21.5 102.33 0
    endloop
  endfacet
  facet normal 0 0 -1
    outer loop
      vertex 5.74548 119.386 0
      vertex 9.125 100.382 0
      vertex 8.46175 100.656 0
    endloop
  endfacet
  facet normal 0 0 -1
    outer loop
      vertex 5.74548 119.386 0
      vertex 8.46175 100.656 0
      vertex 7.75 100.75 0
    endloop
  endfacet
  facet normal 0 0 -1
    outer loop
      vertex 5.74548 119.386 0
      vertex 7.75 100.75 0
      vertex 7.03825 100.656 0
    endloop
  endfacet
  facet normal 0 0 -1
    outer loop
      vertex 24 103 0
      vertex 5.8 119.8 0
      vertex 5.99999 122.6 0
    endloop
  endfacet
  facet normal 0 0 -1
    outer loop
      vertex 5.74548 119.386 0
      vertex 7.03825 100.656 0
      vertex 6.375 100.382 0
    endloop
  endfacet
  facet normal 0 0 -1
    outer loop
      vertex 3.78589 118.255 0
      vertex 6.375 100.382 0
      vertex 5.80546 99.9445 0
    endloop
  endfacet
  facet normal 0 0 -1
    outer loop
      vertex 24 103 0
      vertex 5.99999 122.6 0
      vertex 94 122.6 0
    endloop
  endfacet
  facet normal 0 0 -1
    outer loop
      vertex 5.74548 120.214 0
      vertex 5.99999 122.6 0
      vertex 5.8 119.8 0
    endloop
  endfacet
  facet normal 0 0 -1
    outer loop
      vertex 5.58564 120.6 0
      vertex 5.99999 122.6 0
      vertex 5.74548 120.214 0
    endloop
  endfacet
  facet normal 0 0 -1
    outer loop
      vertex 5.33137 120.931 0
      vertex 5.99999 122.6 0
      vertex 5.58564 120.6 0
    endloop
  endfacet
  facet normal 0 0 -1
    outer loop
      vertex 5 121.186 0
      vertex 5.99999 122.6 0
      vertex 5.33137 120.931 0
    endloop
  endfacet
  facet normal 0 0 -1
    outer loop
      vertex 5 121.186 0
      vertex 4.80942 122.443 0
      vertex 5.99999 122.6 0
    endloop
  endfacet
  facet normal 0 0 -1
    outer loop
      vertex 4.61411 121.345 0
      vertex 4.80942 122.443 0
      vertex 5 121.186 0
    endloop
  endfacet
  facet normal 0 0 -1
    outer loop
      vertex 4.2 121.4 0
      vertex 4.80942 122.443 0
      vertex 4.61411 121.345 0
    endloop
  endfacet
  facet normal 0 0 -1
    outer loop
      vertex 3.69999 121.984 0
      vertex 4.2 121.4 0
      vertex 3.78589 121.345 0
    endloop
  endfacet
  facet normal 0 0 -1
    outer loop
      vertex 4.2 121.4 0
      vertex 3.69999 121.984 0
      vertex 4.80942 122.443 0
    endloop
  endfacet
  facet normal 0 0 -1
    outer loop
      vertex 3.4 121.186 0
      vertex 3.69999 121.984 0
      vertex 3.78589 121.345 0
    endloop
  endfacet
  facet normal 0 0 -1
    outer loop
      vertex 2.7473 121.253 0
      vertex 3.4 121.186 0
      vertex 3.06863 120.931 0
    endloop
  endfacet
  facet normal 0 0 -1
    outer loop
      vertex 2.7473 121.253 0
      vertex 3.06863 120.931 0
      vertex 2.81436 120.6 0
    endloop
  endfacet
  facet normal 0 0 -1
    outer loop
      vertex 3.4 121.186 0
      vertex 2.7473 121.253 0
      vertex 3.69999 121.984 0
    endloop
  endfacet
  facet normal 0 0 -1
    outer loop
      vertex 2.01627 120.3 0
      vertex 2.81436 120.6 0
      vertex 2.65452 120.214 0
    endloop
  endfacet
  facet normal 0 0 -1
    outer loop
      vertex 2.01627 120.3 0
      vertex 2.65452 120.214 0
      vertex 2.6 119.8 0
    endloop
  endfacet
  facet normal -0 0 -1
    outer loop
      vertex 2.81436 120.6 0
      vertex 2.01627 120.3 0
      vertex 2.7473 121.253 0
    endloop
  endfacet
  facet normal 0 0 -1
    outer loop
      vertex 2.65452 119.386 0
      vertex 2.01627 120.3 0
      vertex 2.6 119.8 0
    endloop
  endfacet
  facet normal 0 0 -1
    outer loop
      vertex 1.4 78 0
      vertex 2.01627 75.7 0
      vertex 1.55674 76.8094 0
    endloop
  endfacet
  facet normal 0 0 -1
    outer loop
      vertex 1.4 118 0
      vertex 5 98 0
      vertex 1.4 78 0
    endloop
  endfacet
  facet normal 0 0 -1
    outer loop
      vertex 5.0937 98.7118 0
      vertex 1.4 118 0
      vertex 2.01627 120.3 0
    endloop
  endfacet
  facet normal 0 0 -1
    outer loop
      vertex 2.01627 120.3 0
      vertex 1.4 118 0
      vertex 1.55674 119.191 0
    endloop
  endfacet
  facet normal 0 0 -1
    outer loop
      vertex 8.46175 95.3437 0
      vertex 5 77.5856 0
      vertex 7.75 95.25 0
    endloop
  endfacet
  facet normal 0 0 -1
    outer loop
      vertex 4.61411 77.7455 0
      vertex 7.75 95.25 0
      vertex 5 77.5856 0
    endloop
  endfacet
  facet normal -0 0 -1
    outer loop
      vertex 7.75 95.25 0
      vertex 4.61411 77.7455 0
      vertex 7.03825 95.3437 0
    endloop
  endfacet
  facet normal 0 0 -1
    outer loop
      vertex 4.2 77.8 0
      vertex 7.03825 95.3437 0
      vertex 4.61411 77.7455 0
    endloop
  endfacet
  facet normal 0 0 -1
    outer loop
      vertex 1.4 78 0
      vertex 7.03825 95.3437 0
      vertex 4.2 77.8 0
    endloop
  endfacet
  facet normal 0 0 -1
    outer loop
      vertex 1.4 78 0
      vertex 4.2 77.8 0
      vertex 3.78589 77.7455 0
    endloop
  endfacet
  facet normal -0 0 -1
    outer loop
      vertex 7.03825 95.3437 0
      vertex 1.4 78 0
      vertex 6.375 95.6184 0
    endloop
  endfacet
  facet normal 0 0 -1
    outer loop
      vertex 1.4 78 0
      vertex 3.78589 77.7455 0
      vertex 3.4 77.5856 0
    endloop
  endfacet
  facet normal 0 0 -1
    outer loop
      vertex 1.4 78 0
      vertex 3.4 77.5856 0
      vertex 3.06863 77.3314 0
    endloop
  endfacet
  facet normal 0 0 -1
    outer loop
      vertex 6.375 100.382 0
      vertex 4.61411 118.255 0
      vertex 5 118.414 0
    endloop
  endfacet
  facet normal -0 0 -1
    outer loop
      vertex 6.375 95.6184 0
      vertex 1.4 78 0
      vertex 5.80546 96.0555 0
    endloop
  endfacet
  facet normal 0 0 -1
    outer loop
      vertex 6.375 100.382 0
      vertex 4.2 118.2 0
      vertex 4.61411 118.255 0
    endloop
  endfacet
  facet normal 0 0 -1
    outer loop
      vertex 1.4 78 0
      vertex 3.06863 77.3314 0
      vertex 2.81436 77 0
    endloop
  endfacet
  facet normal 0 0 -1
    outer loop
      vertex 6.375 100.382 0
      vertex 3.78589 118.255 0
      vertex 4.2 118.2 0
    endloop
  endfacet
  facet normal -0 0 -1
    outer loop
      vertex 5.80546 96.0555 0
      vertex 1.4 78 0
      vertex 5.36843 96.625 0
    endloop
  endfacet
  facet normal 0 0 -1
    outer loop
      vertex 5.80546 99.9445 0
      vertex 3.4 118.414 0
      vertex 3.78589 118.255 0
    endloop
  endfacet
  facet normal 0 0 -1
    outer loop
      vertex 2.65452 76.6141 0
      vertex 1.4 78 0
      vertex 2.81436 77 0
    endloop
  endfacet
  facet normal 0 0 -1
    outer loop
      vertex 5.80546 99.9445 0
      vertex 3.06863 118.669 0
      vertex 3.4 118.414 0
    endloop
  endfacet
  facet normal -0 0 -1
    outer loop
      vertex 5.36843 96.625 0
      vertex 1.4 78 0
      vertex 5.0937 97.2882 0
    endloop
  endfacet
  facet normal 0 0 -1
    outer loop
      vertex 5.36843 99.375 0
      vertex 2.81436 119 0
      vertex 3.06863 118.669 0
    endloop
  endfacet
  facet normal 0 0 -1
    outer loop
      vertex 1.4 78 0
      vertex 2.65452 76.6141 0
      vertex 2.01627 75.7 0
    endloop
  endfacet
  facet normal -0 0 -1
    outer loop
      vertex 5.0937 97.2882 0
      vertex 1.4 78 0
      vertex 5 98 0
    endloop
  endfacet
  facet normal 0 0 -1
    outer loop
      vertex 2.01627 75.7 0
      vertex 2.65452 76.6141 0
      vertex 2.6 76.2 0
    endloop
  endfacet
  facet normal 0 0 -1
    outer loop
      vertex 5.0937 98.7118 0
      vertex 2.01627 120.3 0
      vertex 2.81436 119 0
    endloop
  endfacet
  facet normal 0 0 -1
    outer loop
      vertex 96.9314 77.3314 0
      vertex 98.6 78 0
      vertex 97.1856 77 0
    endloop
  endfacet
  facet normal 0 0 -1
    outer loop
      vertex 98.6 118 0
      vertex 97.3455 119.386 0
      vertex 97.4 119.8 0
    endloop
  endfacet
  facet normal 0 0 -1
    outer loop
      vertex 96.6 77.5856 0
      vertex 98.6 78 0
      vertex 96.9314 77.3314 0
    endloop
  endfacet
  facet normal 0 0 -1
    outer loop
      vertex 98.6 118 0
      vertex 97.1856 119 0
      vertex 97.3455 119.386 0
    endloop
  endfacet
  facet normal 0 0 -1
    outer loop
      vertex 96.2141 77.7455 0
      vertex 98.6 78 0
      vertex 96.6 77.5856 0
    endloop
  endfacet
  facet normal 0 0 -1
    outer loop
      vertex 98.6 118 0
      vertex 96.9314 118.669 0
      vertex 97.1856 119 0
    endloop
  endfacet
  facet normal 0 0 -1
    outer loop
      vertex 95.8 77.8 0
      vertex 98.6 78 0
      vertex 96.2141 77.7455 0
    endloop
  endfacet
  facet normal 0 0 -1
    outer loop
      vertex 98.6 118 0
      vertex 96.6 118.414 0
      vertex 96.9314 118.669 0
    endloop
  endfacet
  facet normal 0 0 -1
    outer loop
      vertex 98.6 78 0
      vertex 81 98 0
      vertex 98.6 118 0
    endloop
  endfacet
  facet normal 0 0 -1
    outer loop
      vertex 98.6 118 0
      vertex 96.2141 118.255 0
      vertex 96.6 118.414 0
    endloop
  endfacet
  facet normal 0 0 -1
    outer loop
      vertex 80.8296 96.7059 0
      vertex 98.6 78 0
      vertex 95.8 77.8 0
    endloop
  endfacet
  facet normal 0 0 -1
    outer loop
      vertex 80.8296 99.2941 0
      vertex 98.6 118 0
      vertex 81 98 0
    endloop
  endfacet
  facet normal 0 0 -1
    outer loop
      vertex 80.8296 96.7059 0
      vertex 95.8 77.8 0
      vertex 95.3859 77.7455 0
    endloop
  endfacet
  facet normal 0 0 -1
    outer loop
      vertex 98.6 118 0
      vertex 95.8 118.2 0
      vertex 96.2141 118.255 0
    endloop
  endfacet
  facet normal 0 0 -1
    outer loop
      vertex 80.3301 95.5 0
      vertex 95.3859 77.7455 0
      vertex 95 77.5856 0
    endloop
  endfacet
  facet normal -0 0 -1
    outer loop
      vertex 98.6 118 0
      vertex 80.8296 99.2941 0
      vertex 95.8 118.2 0
    endloop
  endfacet
  facet normal 0 0 -1
    outer loop
      vertex 79.5355 94.4645 0
      vertex 95 77.5856 0
      vertex 94.6686 77.3314 0
    endloop
  endfacet
  facet normal -0 0 -1
    outer loop
      vertex 95.8 118.2 0
      vertex 80.8296 99.2941 0
      vertex 95.3859 118.255 0
    endloop
  endfacet
  facet normal 0 0 -1
    outer loop
      vertex 78.5 93.6699 0
      vertex 94.6686 77.3314 0
      vertex 94.4144 77 0
    endloop
  endfacet
  facet normal 0 0 -1
    outer loop
      vertex 80.3301 100.5 0
      vertex 95.3859 118.255 0
      vertex 80.8296 99.2941 0
    endloop
  endfacet
  facet normal 0 0 -1
    outer loop
      vertex 77.2941 93.1704 0
      vertex 94.4144 77 0
      vertex 94.2545 76.6141 0
    endloop
  endfacet
  facet normal -0 0 -1
    outer loop
      vertex 95.3859 118.255 0
      vertex 80.3301 100.5 0
      vertex 95 118.414 0
    endloop
  endfacet
  facet normal 0 0 -1
    outer loop
      vertex 77.2941 93.1704 0
      vertex 94.2545 76.6141 0
      vertex 94.2 76.2 0
    endloop
  endfacet
  facet normal 0 0 -1
    outer loop
      vertex 79.5355 101.536 0
      vertex 95 118.414 0
      vertex 80.3301 100.5 0
    endloop
  endfacet
  facet normal 0 0 -1
    outer loop
      vertex 97.3455 76.6141 0
      vertex 98.4433 76.8094 0
      vertex 97.4 76.2 0
    endloop
  endfacet
  facet normal 0 0 -1
    outer loop
      vertex 97.1856 77 0
      vertex 98.4433 76.8094 0
      vertex 97.3455 76.6141 0
    endloop
  endfacet
  facet normal 0 0 -1
    outer loop
      vertex 97.4 76.2 0
      vertex 98.4433 76.8094 0
      vertex 97.9837 75.7 0
    endloop
  endfacet
  facet normal 0 0 -1
    outer loop
      vertex 98.4433 76.8094 0
      vertex 97.1856 77 0
      vertex 98.6 78 0
    endloop
  endfacet
  facet normal 0 0 -1
    outer loop
      vertex 98.6 118 0
      vertex 97.4 119.8 0
      vertex 98.4433 119.191 0
    endloop
  endfacet
  facet normal 0 0 -1
    outer loop
      vertex 97.9837 75.7 0
      vertex 97.3455 75.7859 0
      vertex 97.4 76.2 0
    endloop
  endfacet
  facet normal 0 0 -1
    outer loop
      vertex 97.1856 75.4 0
      vertex 97.9837 75.7 0
      vertex 97.2527 74.7473 0
    endloop
  endfacet
  facet normal -0 0 -1
    outer loop
      vertex 97.9837 75.7 0
      vertex 97.1856 75.4 0
      vertex 97.3455 75.7859 0
    endloop
  endfacet
  facet normal 0 0 -1
    outer loop
      vertex 97.2527 74.7473 0
      vertex 96.9314 75.0686 0
      vertex 97.1856 75.4 0
    endloop
  endfacet
  facet normal 0 0 -1
    outer loop
      vertex 97.2527 74.7473 0
      vertex 96.6 74.8144 0
      vertex 96.9314 75.0686 0
    endloop
  endfacet
  facet normal 0 0 -1
    outer loop
      vertex 96.3 74.0163 0
      vertex 96.6 74.8144 0
      vertex 97.2527 74.7473 0
    endloop
  endfacet
  facet normal 0 0 -1
    outer loop
      vertex 96.3 74.0163 0
      vertex 96.2141 74.6545 0
      vertex 96.6 74.8144 0
    endloop
  endfacet
  facet normal 0 0 -1
    outer loop
      vertex 96.3 74.0163 0
      vertex 95.8 74.6 0
      vertex 96.2141 74.6545 0
    endloop
  endfacet
  facet normal 0 0 -1
    outer loop
      vertex 95.1906 73.5567 0
      vertex 95.8 74.6 0
      vertex 96.3 74.0163 0
    endloop
  endfacet
  facet normal -0 0 -1
    outer loop
      vertex 95.8 74.6 0
      vertex 95.1906 73.5567 0
      vertex 95.3859 74.6545 0
    endloop
  endfacet
  facet normal 0 0 -1
    outer loop
      vertex 95.1906 73.5567 0
      vertex 95 74.8144 0
      vertex 95.3859 74.6545 0
    endloop
  endfacet
  facet normal 0 0 -1
    outer loop
      vertex 94 73.4 0
      vertex 95 74.8144 0
      vertex 95.1906 73.5567 0
    endloop
  endfacet
  facet normal -0 0 -1
    outer loop
      vertex 95 74.8144 0
      vertex 94 73.4 0
      vertex 94.6686 75.0686 0
    endloop
  endfacet
  facet normal 0 0 -1
    outer loop
      vertex 76 93 0
      vertex 94.2 76.2 0
      vertex 94 73.4 0
    endloop
  endfacet
  facet normal -0 0 -1
    outer loop
      vertex 94.2545 75.7859 0
      vertex 94 73.4 0
      vertex 94.2 76.2 0
    endloop
  endfacet
  facet normal -0 0 -1
    outer loop
      vertex 94.4144 75.4 0
      vertex 94 73.4 0
      vertex 94.2545 75.7859 0
    endloop
  endfacet
  facet normal -0 0 -1
    outer loop
      vertex 94.6686 75.0686 0
      vertex 94 73.4 0
      vertex 94.4144 75.4 0
    endloop
  endfacet
  facet normal 0 0 -1
    outer loop
      vertex 98.4433 119.191 0
      vertex 97.4 119.8 0
      vertex 97.9837 120.3 0
    endloop
  endfacet
  facet normal 0 0 -1
    outer loop
      vertex 97.3455 120.214 0
      vertex 97.9837 120.3 0
      vertex 97.4 119.8 0
    endloop
  endfacet
  facet normal 0 0 -1
    outer loop
      vertex 97.1856 120.6 0
      vertex 97.9837 120.3 0
      vertex 97.3455 120.214 0
    endloop
  endfacet
  facet normal 0 0 -1
    outer loop
      vertex 97.9837 120.3 0
      vertex 97.1856 120.6 0
      vertex 97.2527 121.253 0
    endloop
  endfacet
  facet normal 0 0 -1
    outer loop
      vertex 96.9314 120.931 0
      vertex 97.2527 121.253 0
      vertex 97.1856 120.6 0
    endloop
  endfacet
  facet normal 0 0 -1
    outer loop
      vertex 96.6 121.186 0
      vertex 97.2527 121.253 0
      vertex 96.9314 120.931 0
    endloop
  endfacet
  facet normal 0 0 -1
    outer loop
      vertex 96.6 121.186 0
      vertex 96.3 121.984 0
      vertex 97.2527 121.253 0
    endloop
  endfacet
  facet normal 0 0 -1
    outer loop
      vertex 96.2141 121.345 0
      vertex 96.3 121.984 0
      vertex 96.6 121.186 0
    endloop
  endfacet
  facet normal 0 0 -1
    outer loop
      vertex 95.8 121.4 0
      vertex 96.3 121.984 0
      vertex 96.2141 121.345 0
    endloop
  endfacet
  facet normal 0 0 -1
    outer loop
      vertex 95.1906 122.443 0
      vertex 95.8 121.4 0
      vertex 95.3859 121.345 0
    endloop
  endfacet
  facet normal 0 0 -1
    outer loop
      vertex 95.8 121.4 0
      vertex 95.1906 122.443 0
      vertex 96.3 121.984 0
    endloop
  endfacet
  facet normal 0 0 -1
    outer loop
      vertex 95 121.186 0
      vertex 95.1906 122.443 0
      vertex 95.3859 121.345 0
    endloop
  endfacet
  facet normal 0 0 -1
    outer loop
      vertex 94 122.6 0
      vertex 95 121.186 0
      vertex 94.6686 120.931 0
    endloop
  endfacet
  facet normal 0 0 -1
    outer loop
      vertex 94 122.6 0
      vertex 94.6686 120.931 0
      vertex 94.4144 120.6 0
    endloop
  endfacet
  facet normal 0 0 -1
    outer loop
      vertex 95 121.186 0
      vertex 94 122.6 0
      vertex 95.1906 122.443 0
    endloop
  endfacet
  facet normal 0 0 -1
    outer loop
      vertex 94.2545 120.214 0
      vertex 94 122.6 0
      vertex 94.4144 120.6 0
    endloop
  endfacet
  facet normal 0 0 -1
    outer loop
      vertex 94.2 119.8 0
      vertex 94 122.6 0
      vertex 94.2545 120.214 0
    endloop
  endfacet
  facet normal -0 0 -1
    outer loop
      vertex 95 118.414 0
      vertex 79.5355 101.536 0
      vertex 94.6686 118.669 0
    endloop
  endfacet
  facet normal 0 0 -1
    outer loop
      vertex 78.5 102.33 0
      vertex 94.6686 118.669 0
      vertex 79.5355 101.536 0
    endloop
  endfacet
  facet normal 0 0 -1
    outer loop
      vertex 98.6 78 0
      vertex 80.8296 96.7059 0
      vertex 81 98 0
    endloop
  endfacet
  facet normal 0 0 -1
    outer loop
      vertex 95.3859 77.7455 0
      vertex 80.3301 95.5 0
      vertex 80.8296 96.7059 0
    endloop
  endfacet
  facet normal 0 0 -1
    outer loop
      vertex 95 77.5856 0
      vertex 79.5355 94.4645 0
      vertex 80.3301 95.5 0
    endloop
  endfacet
  facet normal 0 0 -1
    outer loop
      vertex 94.6686 77.3314 0
      vertex 78.5 93.6699 0
      vertex 79.5355 94.4645 0
    endloop
  endfacet
  facet normal 0 0 -1
    outer loop
      vertex 94.4144 77 0
      vertex 77.2941 93.1704 0
      vertex 78.5 93.6699 0
    endloop
  endfacet
  facet normal 0 0 -1
    outer loop
      vertex 94.2 76.2 0
      vertex 76 93 0
      vertex 77.2941 93.1704 0
    endloop
  endfacet
  facet normal 0 0 -1
    outer loop
      vertex 94 73.4 0
      vertex 24 93 0
      vertex 76 93 0
    endloop
  endfacet
  facet normal 0 0 -1
    outer loop
      vertex 5.99999 73.4 0
      vertex 24 93 0
      vertex 94 73.4 0
    endloop
  endfacet
  facet normal 0 0 -1
    outer loop
      vertex 10.4063 97.2882 0
      vertex 19 98 0
      vertex 19.1704 96.7059 0
    endloop
  endfacet
  facet normal 0 0 -1
    outer loop
      vertex 10.1316 96.625 0
      vertex 19.1704 96.7059 0
      vertex 19.6699 95.5 0
    endloop
  endfacet
  facet normal 0 0 -1
    outer loop
      vertex 9.69454 96.0555 0
      vertex 19.6699 95.5 0
      vertex 20.4645 94.4645 0
    endloop
  endfacet
  facet normal -0 0 -1
    outer loop
      vertex 22.7059 93.1704 0
      vertex 5.58564 77 0
      vertex 21.5 93.6699 0
    endloop
  endfacet
  facet normal 0 0 -1
    outer loop
      vertex 5.74548 76.6141 0
      vertex 22.7059 93.1704 0
      vertex 5.8 76.2 0
    endloop
  endfacet
  facet normal -0 0 -1
    outer loop
      vertex 19 98 0
      vertex 10.4063 97.2882 0
      vertex 10.5 98 0
    endloop
  endfacet
  facet normal -0 0 -1
    outer loop
      vertex 19.1704 96.7059 0
      vertex 10.1316 96.625 0
      vertex 10.4063 97.2882 0
    endloop
  endfacet
  facet normal 0 0 -1
    outer loop
      vertex 5.8 76.2 0
      vertex 24 93 0
      vertex 5.99999 73.4 0
    endloop
  endfacet
  facet normal -0 0 -1
    outer loop
      vertex 24 93 0
      vertex 5.8 76.2 0
      vertex 22.7059 93.1704 0
    endloop
  endfacet
  facet normal 0 0 -1
    outer loop
      vertex 19.6699 95.5 0
      vertex 9.69454 96.0555 0
      vertex 10.1316 96.625 0
    endloop
  endfacet
  facet normal 0 0 -1
    outer loop
      vertex 20.4645 94.4645 0
      vertex 9.125 95.6184 0
      vertex 9.69454 96.0555 0
    endloop
  endfacet
  facet normal 0 0 -1
    outer loop
      vertex 5.33137 77.3314 0
      vertex 21.5 93.6699 0
      vertex 5.58564 77 0
    endloop
  endfacet
  facet normal -0 0 -1
    outer loop
      vertex 21.5 93.6699 0
      vertex 5.33137 77.3314 0
      vertex 20.4645 94.4645 0
    endloop
  endfacet
  facet normal 0 0 -1
    outer loop
      vertex 5.58564 77 0
      vertex 22.7059 93.1704 0
      vertex 5.74548 76.6141 0
    endloop
  endfacet
  facet normal -0 0 -1
    outer loop
      vertex 20.4645 94.4645 0
      vertex 5.33137 77.3314 0
      vertex 9.125 95.6184 0
    endloop
  endfacet
  facet normal 0 0 -1
    outer loop
      vertex 9.125 95.6184 0
      vertex 5.33137 77.3314 0
      vertex 8.46175 95.3437 0
    endloop
  endfacet
  facet normal 0 0 -1
    outer loop
      vertex 5 77.5856 0
      vertex 8.46175 95.3437 0
      vertex 5.33137 77.3314 0
    endloop
  endfacet
  facet normal 0 0 -1
    outer loop
      vertex 5.99999 73.4 0
      vertex 5.74548 75.7859 0
      vertex 5.8 76.2 0
    endloop
  endfacet
  facet normal 0 0 -1
    outer loop
      vertex 5.99999 73.4 0
      vertex 5.58564 75.4 0
      vertex 5.74548 75.7859 0
    endloop
  endfacet
  facet normal 0 0 -1
    outer loop
      vertex 5.99999 73.4 0
      vertex 5.33137 75.0686 0
      vertex 5.58564 75.4 0
    endloop
  endfacet
  facet normal 0 0 -1
    outer loop
      vertex 5.99999 73.4 0
      vertex 5 74.8144 0
      vertex 5.33137 75.0686 0
    endloop
  endfacet
  facet normal 0 0 -1
    outer loop
      vertex 4.80942 73.5567 0
      vertex 5 74.8144 0
      vertex 5.99999 73.4 0
    endloop
  endfacet
  facet normal 0 0 -1
    outer loop
      vertex 4.80942 73.5567 0
      vertex 4.61411 74.6545 0
      vertex 5 74.8144 0
    endloop
  endfacet
  facet normal 0 0 -1
    outer loop
      vertex 4.80942 73.5567 0
      vertex 4.2 74.6 0
      vertex 4.61411 74.6545 0
    endloop
  endfacet
  facet normal 0 0 -1
    outer loop
      vertex 3.69999 74.0163 0
      vertex 4.2 74.6 0
      vertex 4.80942 73.5567 0
    endloop
  endfacet
  facet normal -0 0 -1
    outer loop
      vertex 4.2 74.6 0
      vertex 3.69999 74.0163 0
      vertex 3.78589 74.6545 0
    endloop
  endfacet
  facet normal 0 0 -1
    outer loop
      vertex 3.69999 74.0163 0
      vertex 3.4 74.8144 0
      vertex 3.78589 74.6545 0
    endloop
  endfacet
  facet normal 0 0 -1
    outer loop
      vertex 2.7473 74.7473 0
      vertex 3.4 74.8144 0
      vertex 3.69999 74.0163 0
    endloop
  endfacet
  facet normal -0 0 -1
    outer loop
      vertex 3.4 74.8144 0
      vertex 2.7473 74.7473 0
      vertex 3.06863 75.0686 0
    endloop
  endfacet
  facet normal -0 0 -1
    outer loop
      vertex 3.06863 75.0686 0
      vertex 2.7473 74.7473 0
      vertex 2.81436 75.4 0
    endloop
  endfacet
  facet normal 0 0 -1
    outer loop
      vertex 2.01627 75.7 0
      vertex 2.81436 75.4 0
      vertex 2.7473 74.7473 0
    endloop
  endfacet
  facet normal 0 0 -1
    outer loop
      vertex 2.81436 75.4 0
      vertex 2.01627 75.7 0
      vertex 2.65452 75.7859 0
    endloop
  endfacet
  facet normal 0 0 -1
    outer loop
      vertex 2.81436 119 0
      vertex 2.01627 120.3 0
      vertex 2.65452 119.386 0
    endloop
  endfacet
  facet normal -0 0 -1
    outer loop
      vertex 2.65452 75.7859 0
      vertex 2.01627 75.7 0
      vertex 2.6 76.2 0
    endloop
  endfacet
  facet normal 0.16398 0.213713 -0.963035
    outer loop
      vertex 97.2527 121.253 0
      vertex 96.3 121.984 0
      vertex 97.7626 121.763 0.2
    endloop
  endfacet
  facet normal 0.035156 -0.267114 -0.963024
    outer loop
      vertex 95.3772 72.8602 0.2
      vertex 94 73.4 0
      vertex 95.1906 73.5567 0
    endloop
  endfacet
  facet normal 0.248906 -0.103116 -0.963023
    outer loop
      vertex 99.1398 76.6228 0.2
      vertex 97.9837 75.7 0
      vertex 98.4433 76.8094 0
    endloop
  endfacet
  facet normal -0.103224 0.249006 -0.962985
    outer loop
      vertex 3.69999 121.984 0
      vertex 3.33944 122.608 0.2
      vertex 4.62278 123.14 0.2
    endloop
  endfacet
  facet normal 0 0.267299 -0.963614
    outer loop
      vertex 94 122.6 0
      vertex 6 123.321 0.2
      vertex 94 123.321 0.2
    endloop
  endfacet
  facet normal 0 0.267299 -0.963614
    outer loop
      vertex 6 123.321 0.2
      vertex 94 122.6 0
      vertex 5.99999 122.6 0
    endloop
  endfacet
  facet normal 0.163998 -0.213745 -0.963025
    outer loop
      vertex 96.6605 73.3918 0.2
      vertex 96.3 74.0163 0
      vertex 97.7626 74.2374 0.2
    endloop
  endfacet
  facet normal -0.163997 -0.213733 -0.963028
    outer loop
      vertex 3.33944 73.3918 0.2
      vertex 2.23739 74.2374 0.2
      vertex 3.69999 74.0163 0
    endloop
  endfacet
  facet normal 0.213735 -0.163997 -0.963028
    outer loop
      vertex 97.7626 74.2374 0.2
      vertex 97.2527 74.7473 0
      vertex 97.9837 75.7 0
    endloop
  endfacet
  facet normal -0.248961 0.103161 -0.963004
    outer loop
      vertex 1.55674 119.191 0
      vertex 0.860194 119.377 0.2
      vertex 2.01627 120.3 0
    endloop
  endfacet
  facet normal 0.0351084 0.267134 -0.96302
    outer loop
      vertex 95.3772 123.14 0.2
      vertex 94 122.6 0
      vertex 94 123.321 0.2
    endloop
  endfacet
  facet normal 0.2671 -0.035162 -0.963027
    outer loop
      vertex 99.1398 76.6228 0.2
      vertex 98.6 78 0
      vertex 99.3211 78 0.2
    endloop
  endfacet
  facet normal -0.267096 -0.0351625 -0.963028
    outer loop
      vertex 0.860194 76.6228 0.2
      vertex 0.678889 78 0.2
      vertex 1.4 78 0
    endloop
  endfacet
  facet normal -0.103112 -0.248902 -0.963024
    outer loop
      vertex 4.62278 72.8602 0.2
      vertex 3.69999 74.0163 0
      vertex 4.80942 73.5567 0
    endloop
  endfacet
  facet normal -0.248865 0.103032 -0.963042
    outer loop
      vertex 2.01627 120.3 0
      vertex 0.860194 119.377 0.2
      vertex 1.39178 120.661 0.2
    endloop
  endfacet
  facet normal -0.163997 -0.213732 -0.963028
    outer loop
      vertex 3.69999 74.0163 0
      vertex 2.23739 74.2374 0.2
      vertex 2.7473 74.7473 0
    endloop
  endfacet
  facet normal -0.164001 0.213891 -0.962992
    outer loop
      vertex 3.69999 121.984 0
      vertex 2.23739 121.763 0.2
      vertex 3.33944 122.608 0.2
    endloop
  endfacet
  facet normal -0.213656 0.163947 -0.963054
    outer loop
      vertex 2.01627 120.3 0
      vertex 1.39178 120.661 0.2
      vertex 2.23739 121.763 0.2
    endloop
  endfacet
  facet normal -0.609678 -0.0802626 -0.788575
    outer loop
      vertex 0.860194 76.6228 0.2
      vertex 0.420203 78 0.4
      vertex 0.678889 78 0.2
    endloop
  endfacet
  facet normal 0.61163 0 -0.791144
    outer loop
      vertex 99.3211 78 0.2
      vertex 99.5798 118 0.4
      vertex 99.5798 78 0.4
    endloop
  endfacet
  facet normal 0.61163 0 -0.791144
    outer loop
      vertex 99.5798 118 0.4
      vertex 99.3211 78 0.2
      vertex 99.3211 118 0.2
    endloop
  endfacet
  facet normal 0.609657 0.0802692 -0.788591
    outer loop
      vertex 99.3211 118 0.2
      vertex 99.1398 119.377 0.2
      vertex 99.5798 118 0.4
    endloop
  endfacet
  facet normal 0 0.611187 -0.791487
    outer loop
      vertex 6 123.321 0.2
      vertex 94 123.58 0.4
      vertex 94 123.321 0.2
    endloop
  endfacet
  facet normal 0 0.611187 -0.791487
    outer loop
      vertex 94 123.58 0.4
      vertex 6 123.321 0.2
      vertex 5.99999 123.58 0.4
    endloop
  endfacet
  facet normal 0.568393 0.235325 -0.788385
    outer loop
      vertex 99.1398 119.377 0.2
      vertex 98.6082 120.661 0.2
      vertex 98.8322 120.79 0.4
    endloop
  endfacet
  facet normal -0.568109 -0.235325 -0.78859
    outer loop
      vertex 1.16775 75.2101 0.4
      vertex 0.610328 76.5558 0.4
      vertex 0.860194 76.6228 0.2
    endloop
  endfacet
  facet normal 0.488197 0.374468 -0.788313
    outer loop
      vertex 98.6082 120.661 0.2
      vertex 97.9455 121.946 0.4
      vertex 98.8322 120.79 0.4
    endloop
  endfacet
  facet normal 0.374247 -0.487769 -0.788683
    outer loop
      vertex 96.7899 73.1677 0.4
      vertex 96.6605 73.3918 0.2
      vertex 97.7626 74.2374 0.2
    endloop
  endfacet
  facet normal -0.611651 0 -0.791128
    outer loop
      vertex 0.420203 78 0.4
      vertex 0.678889 118 0.2
      vertex 0.678889 78 0.2
    endloop
  endfacet
  facet normal -0.611651 0 -0.791128
    outer loop
      vertex 0.678889 118 0.2
      vertex 0.420203 78 0.4
      vertex 0.420203 118 0.4
    endloop
  endfacet
  facet normal -0.568153 -0.23533 -0.788557
    outer loop
      vertex 1.16775 75.2101 0.4
      vertex 0.860194 76.6228 0.2
      vertex 1.39178 75.3394 0.2
    endloop
  endfacet
  facet normal -0.48789 -0.374378 -0.788546
    outer loop
      vertex 2.23739 74.2374 0.2
      vertex 1.16775 75.2101 0.4
      vertex 1.39178 75.3394 0.2
    endloop
  endfacet
  facet normal 0.0802535 -0.609648 -0.788599
    outer loop
      vertex 95.4441 72.6103 0.4
      vertex 94 72.4202 0.4
      vertex 95.3772 72.8602 0.2
    endloop
  endfacet
  facet normal -0.568358 0.235304 -0.788417
    outer loop
      vertex 1.39178 120.661 0.2
      vertex 0.860194 119.377 0.2
      vertex 1.16775 120.79 0.4
    endloop
  endfacet
  facet normal 0.374127 0.487959 -0.788622
    outer loop
      vertex 97.7626 121.763 0.2
      vertex 96.6605 122.608 0.2
      vertex 97.9455 121.946 0.4
    endloop
  endfacet
  facet normal -0.609677 -0.0802623 -0.788576
    outer loop
      vertex 0.610328 76.5558 0.4
      vertex 0.420203 78 0.4
      vertex 0.860194 76.6228 0.2
    endloop
  endfacet
  facet normal -0.0802563 -0.609655 -0.788593
    outer loop
      vertex 5.99999 72.4202 0.4
      vertex 4.62278 72.8602 0.2
      vertex 6 72.6789 0.2
    endloop
  endfacet
  facet normal 0.374136 0.487981 -0.788604
    outer loop
      vertex 97.9455 121.946 0.4
      vertex 96.6605 122.608 0.2
      vertex 96.7899 122.832 0.4
    endloop
  endfacet
  facet normal 0 -0.61163 -0.791144
    outer loop
      vertex 94 72.4202 0.4
      vertex 6 72.6789 0.2
      vertex 94 72.6789 0.2
    endloop
  endfacet
  facet normal 0 -0.61163 -0.791144
    outer loop
      vertex 6 72.6789 0.2
      vertex 94 72.4202 0.4
      vertex 5.99999 72.4202 0.4
    endloop
  endfacet
  facet normal 0.487821 0.374321 -0.788616
    outer loop
      vertex 98.6082 120.661 0.2
      vertex 97.7626 121.763 0.2
      vertex 97.9455 121.946 0.4
    endloop
  endfacet
  facet normal 0.0801931 0.60951 -0.788712
    outer loop
      vertex 95.3772 123.14 0.2
      vertex 94 123.58 0.4
      vertex 95.4441 123.39 0.4
    endloop
  endfacet
  facet normal -0.568124 0.235279 -0.788593
    outer loop
      vertex 0.860194 119.377 0.2
      vertex 0.610328 119.444 0.4
      vertex 1.16775 120.79 0.4
    endloop
  endfacet
  facet normal 0.609627 0.0802563 -0.788615
    outer loop
      vertex 99.5798 118 0.4
      vertex 99.1398 119.377 0.2
      vertex 99.3897 119.444 0.4
    endloop
  endfacet
  facet normal -0.488106 0.374544 -0.788333
    outer loop
      vertex 1.39178 120.661 0.2
      vertex 1.16775 120.79 0.4
      vertex 2.23739 121.763 0.2
    endloop
  endfacet
  facet normal -0.235304 -0.568103 -0.788601
    outer loop
      vertex 4.55584 72.6103 0.4
      vertex 3.21009 73.1677 0.4
      vertex 4.62278 72.8602 0.2
    endloop
  endfacet
  facet normal 0.48792 -0.374397 -0.788518
    outer loop
      vertex 98.8322 75.2101 0.4
      vertex 97.7626 74.2374 0.2
      vertex 98.6082 75.3394 0.2
    endloop
  endfacet
  facet normal -0.0802497 -0.60964 -0.788605
    outer loop
      vertex 5.99999 72.4202 0.4
      vertex 4.55584 72.6103 0.4
      vertex 4.62278 72.8602 0.2
    endloop
  endfacet
  facet normal -0.609675 0.0802731 -0.788576
    outer loop
      vertex 0.860194 119.377 0.2
      vertex 0.420203 118 0.4
      vertex 0.610328 119.444 0.4
    endloop
  endfacet
  facet normal 0.374394 -0.487877 -0.788546
    outer loop
      vertex 97.9455 74.0545 0.4
      vertex 96.7899 73.1677 0.4
      vertex 97.7626 74.2374 0.2
    endloop
  endfacet
  facet normal 0.080068 0.609224 -0.788945
    outer loop
      vertex 94 123.321 0.2
      vertex 94 123.58 0.4
      vertex 95.3772 123.14 0.2
    endloop
  endfacet
  facet normal -0.374386 -0.487871 -0.788553
    outer loop
      vertex 3.21009 73.1677 0.4
      vertex 2.05448 74.0545 0.4
      vertex 2.23739 74.2374 0.2
    endloop
  endfacet
  facet normal -0.487881 0.374237 -0.788618
    outer loop
      vertex 2.23739 121.763 0.2
      vertex 1.16775 120.79 0.4
      vertex 2.05448 121.946 0.4
    endloop
  endfacet
  facet normal 0.235305 -0.568126 -0.788583
    outer loop
      vertex 95.4441 72.6103 0.4
      vertex 95.3772 72.8602 0.2
      vertex 96.7899 73.1677 0.4
    endloop
  endfacet
  facet normal 0.0802577 -0.609657 -0.788592
    outer loop
      vertex 95.3772 72.8602 0.2
      vertex 94 72.4202 0.4
      vertex 94 72.6789 0.2
    endloop
  endfacet
  facet normal 0.23549 0.568053 -0.788581
    outer loop
      vertex 96.6605 122.608 0.2
      vertex 95.3772 123.14 0.2
      vertex 96.7899 122.832 0.4
    endloop
  endfacet
  facet normal 0.235476 0.567927 -0.788676
    outer loop
      vertex 96.7899 122.832 0.4
      vertex 95.3772 123.14 0.2
      vertex 95.4441 123.39 0.4
    endloop
  endfacet
  facet normal 0.235291 -0.568001 -0.788678
    outer loop
      vertex 96.7899 73.1677 0.4
      vertex 95.3772 72.8602 0.2
      vertex 96.6605 73.3918 0.2
    endloop
  endfacet
  facet normal 0.568072 0.23529 -0.788628
    outer loop
      vertex 99.1398 119.377 0.2
      vertex 98.8322 120.79 0.4
      vertex 99.3897 119.444 0.4
    endloop
  endfacet
  facet normal 0.60963 -0.0802455 -0.788614
    outer loop
      vertex 99.3897 76.5558 0.4
      vertex 99.1398 76.6228 0.2
      vertex 99.5798 78 0.4
    endloop
  endfacet
  facet normal 0.568188 -0.235351 -0.788525
    outer loop
      vertex 98.8322 75.2101 0.4
      vertex 98.6082 75.3394 0.2
      vertex 99.1398 76.6228 0.2
    endloop
  endfacet
  facet normal 0.4879 -0.374369 -0.788544
    outer loop
      vertex 97.9455 74.0545 0.4
      vertex 97.7626 74.2374 0.2
      vertex 98.8322 75.2101 0.4
    endloop
  endfacet
  facet normal 0.609657 -0.0802577 -0.788592
    outer loop
      vertex 99.5798 78 0.4
      vertex 99.1398 76.6228 0.2
      vertex 99.3211 78 0.2
    endloop
  endfacet
  facet normal -0.0800666 0.609222 -0.788947
    outer loop
      vertex 6 123.321 0.2
      vertex 4.62278 123.14 0.2
      vertex 5.99999 123.58 0.4
    endloop
  endfacet
  facet normal -0.0801894 0.609503 -0.788718
    outer loop
      vertex 4.62278 123.14 0.2
      vertex 4.55584 123.39 0.4
      vertex 5.99999 123.58 0.4
    endloop
  endfacet
  facet normal -0.374286 -0.487798 -0.788647
    outer loop
      vertex 3.21009 73.1677 0.4
      vertex 2.23739 74.2374 0.2
      vertex 3.33944 73.3918 0.2
    endloop
  endfacet
  facet normal 0.568057 -0.235336 -0.788624
    outer loop
      vertex 99.3897 76.5558 0.4
      vertex 98.8322 75.2101 0.4
      vertex 99.1398 76.6228 0.2
    endloop
  endfacet
  facet normal -0.235296 -0.56803 -0.788656
    outer loop
      vertex 4.62278 72.8602 0.2
      vertex 3.21009 73.1677 0.4
      vertex 3.33944 73.3918 0.2
    endloop
  endfacet
  facet normal -0.37418 0.488006 -0.788568
    outer loop
      vertex 3.33944 122.608 0.2
      vertex 2.23739 121.763 0.2
      vertex 3.21009 122.832 0.4
    endloop
  endfacet
  facet normal -0.374115 0.487958 -0.788628
    outer loop
      vertex 2.23739 121.763 0.2
      vertex 2.05448 121.946 0.4
      vertex 3.21009 122.832 0.4
    endloop
  endfacet
  facet normal -0.235475 0.567904 -0.788693
    outer loop
      vertex 4.62278 123.14 0.2
      vertex 3.21009 122.832 0.4
      vertex 4.55584 123.39 0.4
    endloop
  endfacet
  facet normal -0.235495 0.568082 -0.788559
    outer loop
      vertex 3.33944 122.608 0.2
      vertex 3.21009 122.832 0.4
      vertex 4.62278 123.14 0.2
    endloop
  endfacet
  facet normal -0.609677 0.0802741 -0.788575
    outer loop
      vertex 0.678889 118 0.2
      vertex 0.420203 118 0.4
      vertex 0.860194 119.377 0.2
    endloop
  endfacet
  facet normal -0.487883 -0.374369 -0.788554
    outer loop
      vertex 2.05448 74.0545 0.4
      vertex 1.16775 75.2101 0.4
      vertex 2.23739 74.2374 0.2
    endloop
  endfacet
  facet normal -0.759771 -0.100021 -0.642451
    outer loop
      vertex 0.446964 76.5121 0.599999
      vertex 0.251087 78 0.599999
      vertex 0.420203 78 0.4
    endloop
  endfacet
  facet normal 0.46716 0.608534 -0.641442
    outer loop
      vertex 97.9455 121.946 0.4
      vertex 96.8745 122.979 0.599999
      vertex 98.0651 122.065 0.599999
    endloop
  endfacet
  facet normal 0 0.763819 -0.64543
    outer loop
      vertex 94 123.58 0.4
      vertex 5.99999 123.749 0.599999
      vertex 94 123.749 0.599999
    endloop
  endfacet
  facet normal 0 0.763819 -0.64543
    outer loop
      vertex 5.99999 123.749 0.599999
      vertex 94 123.58 0.4
      vertex 5.99999 123.58 0.4
    endloop
  endfacet
  facet normal 0.100112 0.759982 -0.642188
    outer loop
      vertex 94 123.58 0.4
      vertex 94 123.749 0.599999
      vertex 95.4879 123.553 0.599999
    endloop
  endfacet
  facet normal 0.466541 -0.607995 -0.642403
    outer loop
      vertex 96.8745 73.0213 0.599999
      vertex 96.7899 73.1677 0.4
      vertex 98.0651 73.9349 0.599999
    endloop
  endfacet
  facet normal -0.100025 -0.759871 -0.642333
    outer loop
      vertex 5.99999 72.4202 0.4
      vertex 4.51206 72.447 0.599999
      vertex 4.55584 72.6103 0.4
    endloop
  endfacet
  facet normal 0.10005 0.760431 -0.641665
    outer loop
      vertex 95.4441 123.39 0.4
      vertex 94 123.58 0.4
      vertex 95.4879 123.553 0.599999
    endloop
  endfacet
  facet normal -0.10011 0.759982 -0.642188
    outer loop
      vertex 5.99999 123.58 0.4
      vertex 4.51206 123.553 0.599999
      vertex 5.99999 123.749 0.599999
    endloop
  endfacet
  facet normal 0.608555 0.466814 -0.641674
    outer loop
      vertex 98.9787 120.874 0.599999
      vertex 97.9455 121.946 0.4
      vertex 98.0651 122.065 0.599999
    endloop
  endfacet
  facet normal 0 -0.763631 -0.645653
    outer loop
      vertex 5.99999 72.4202 0.4
      vertex 94 72.2511 0.599999
      vertex 5.99999 72.2511 0.599999
    endloop
  endfacet
  facet normal 0 -0.763631 -0.645653
    outer loop
      vertex 94 72.2511 0.599999
      vertex 5.99999 72.4202 0.4
      vertex 94 72.4202 0.4
    endloop
  endfacet
  facet normal 0.293266 -0.708068 -0.642366
    outer loop
      vertex 95.4879 72.447 0.599999
      vertex 95.4441 72.6103 0.4
      vertex 96.7899 73.1677 0.4
    endloop
  endfacet
  facet normal -0.293757 0.708464 -0.641705
    outer loop
      vertex 4.55584 123.39 0.4
      vertex 3.21009 122.832 0.4
      vertex 4.51206 123.553 0.599999
    endloop
  endfacet
  facet normal 0.29313 0.706979 -0.643627
    outer loop
      vertex 96.7899 122.832 0.4
      vertex 95.4441 123.39 0.4
      vertex 96.8745 122.979 0.599999
    endloop
  endfacet
  facet normal 0.100028 -0.759865 -0.642339
    outer loop
      vertex 95.4879 72.447 0.599999
      vertex 94 72.4202 0.4
      vertex 95.4441 72.6103 0.4
    endloop
  endfacet
  facet normal -0.708318 0.29351 -0.641979
    outer loop
      vertex 1.16775 120.79 0.4
      vertex 0.446964 119.488 0.599999
      vertex 1.02129 120.874 0.599999
    endloop
  endfacet
  facet normal -0.763601 0 -0.645689
    outer loop
      vertex 0.420203 78 0.4
      vertex 0.251087 118 0.599999
      vertex 0.420203 118 0.4
    endloop
  endfacet
  facet normal -0.763601 -0 -0.645689
    outer loop
      vertex 0.251087 118 0.599999
      vertex 0.420203 78 0.4
      vertex 0.251087 78 0.599999
    endloop
  endfacet
  facet normal -0.607924 -0.466487 -0.64251
    outer loop
      vertex 1.93489 73.9349 0.599999
      vertex 1.02129 75.1255 0.599999
      vertex 1.16775 75.2101 0.4
    endloop
  endfacet
  facet normal -0.707969 -0.293239 -0.642489
    outer loop
      vertex 1.02129 75.1255 0.599999
      vertex 0.446964 76.5121 0.599999
      vertex 1.16775 75.2101 0.4
    endloop
  endfacet
  facet normal 0.759815 0.100028 -0.642398
    outer loop
      vertex 99.5798 118 0.4
      vertex 99.3897 119.444 0.4
      vertex 99.553 119.488 0.599999
    endloop
  endfacet
  facet normal -0.100035 -0.7598 -0.642414
    outer loop
      vertex 5.99999 72.2511 0.599999
      vertex 4.51206 72.447 0.599999
      vertex 5.99999 72.4202 0.4
    endloop
  endfacet
  facet normal 0.100037 -0.7598 -0.642414
    outer loop
      vertex 95.4879 72.447 0.599999
      vertex 94 72.2511 0.599999
      vertex 94 72.4202 0.4
    endloop
  endfacet
  facet normal -0.292768 0.707192 -0.643557
    outer loop
      vertex 3.21009 122.832 0.4
      vertex 3.12554 122.979 0.599999
      vertex 4.51206 123.553 0.599999
    endloop
  endfacet
  facet normal 0.707896 0.293322 -0.642531
    outer loop
      vertex 99.3897 119.444 0.4
      vertex 98.9787 120.874 0.599999
      vertex 99.553 119.488 0.599999
    endloop
  endfacet
  facet normal 0.465739 0.607458 -0.643492
    outer loop
      vertex 97.9455 121.946 0.4
      vertex 96.7899 122.832 0.4
      vertex 96.8745 122.979 0.599999
    endloop
  endfacet
  facet normal 0.293333 0.708598 -0.641751
    outer loop
      vertex 96.8745 122.979 0.599999
      vertex 95.4441 123.39 0.4
      vertex 95.4879 123.553 0.599999
    endloop
  endfacet
  facet normal -0.607943 -0.466494 -0.642486
    outer loop
      vertex 1.93489 73.9349 0.599999
      vertex 1.16775 75.2101 0.4
      vertex 2.05448 74.0545 0.4
    endloop
  endfacet
  facet normal 0.759801 0.10003 -0.642415
    outer loop
      vertex 99.5798 118 0.4
      vertex 99.553 119.488 0.599999
      vertex 99.7489 118 0.599999
    endloop
  endfacet
  facet normal 0.7598 -0.100037 -0.642414
    outer loop
      vertex 99.7489 78 0.599999
      vertex 99.553 76.5121 0.599999
      vertex 99.5798 78 0.4
    endloop
  endfacet
  facet normal -0.100047 0.760437 -0.641659
    outer loop
      vertex 4.55584 123.39 0.4
      vertex 4.51206 123.553 0.599999
      vertex 5.99999 123.58 0.4
    endloop
  endfacet
  facet normal 0.608506 0.466749 -0.641768
    outer loop
      vertex 98.8322 120.79 0.4
      vertex 97.9455 121.946 0.4
      vertex 98.9787 120.874 0.599999
    endloop
  endfacet
  facet normal 0.293268 -0.708071 -0.642363
    outer loop
      vertex 96.8745 73.0213 0.599999
      vertex 95.4879 72.447 0.599999
      vertex 96.7899 73.1677 0.4
    endloop
  endfacet
  facet normal -0.293281 -0.708078 -0.642348
    outer loop
      vertex 4.51206 72.447 0.599999
      vertex 3.21009 73.1677 0.4
      vertex 4.55584 72.6103 0.4
    endloop
  endfacet
  facet normal -0.608573 0.466816 -0.641655
    outer loop
      vertex 2.05448 121.946 0.4
      vertex 1.16775 120.79 0.4
      vertex 1.93489 122.065 0.599999
    endloop
  endfacet
  facet normal -0.75977 -0.100022 -0.642453
    outer loop
      vertex 0.446964 76.5121 0.599999
      vertex 0.420203 78 0.4
      vertex 0.610328 76.5558 0.4
    endloop
  endfacet
  facet normal -0.466564 -0.608049 -0.642335
    outer loop
      vertex 3.12554 73.0213 0.599999
      vertex 1.93489 73.9349 0.599999
      vertex 3.21009 73.1677 0.4
    endloop
  endfacet
  facet normal -0.293296 -0.708097 -0.642321
    outer loop
      vertex 4.51206 72.447 0.599999
      vertex 3.12554 73.0213 0.599999
      vertex 3.21009 73.1677 0.4
    endloop
  endfacet
  facet normal -0.608541 0.466803 -0.641695
    outer loop
      vertex 1.16775 120.79 0.4
      vertex 1.02129 120.874 0.599999
      vertex 1.93489 122.065 0.599999
    endloop
  endfacet
  facet normal -0.759772 0.100015 -0.642451
    outer loop
      vertex 0.420203 118 0.4
      vertex 0.251087 118 0.599999
      vertex 0.446964 119.488 0.599999
    endloop
  endfacet
  facet normal 0.708306 0.293374 -0.642055
    outer loop
      vertex 99.3897 119.444 0.4
      vertex 98.8322 120.79 0.4
      vertex 98.9787 120.874 0.599999
    endloop
  endfacet
  facet normal -0.708022 -0.29328 -0.642411
    outer loop
      vertex 1.16775 75.2101 0.4
      vertex 0.446964 76.5121 0.599999
      vertex 0.610328 76.5558 0.4
    endloop
  endfacet
  facet normal 0.759891 -0.100024 -0.642309
    outer loop
      vertex 99.553 76.5121 0.599999
      vertex 99.3897 76.5558 0.4
      vertex 99.5798 78 0.4
    endloop
  endfacet
  facet normal 0.607886 -0.466436 -0.642582
    outer loop
      vertex 98.9787 75.1255 0.599999
      vertex 97.9455 74.0545 0.4
      vertex 98.8322 75.2101 0.4
    endloop
  endfacet
  facet normal -0.466512 -0.607923 -0.642492
    outer loop
      vertex 3.21009 73.1677 0.4
      vertex 1.93489 73.9349 0.599999
      vertex 2.05448 74.0545 0.4
    endloop
  endfacet
  facet normal -0.759694 0.100025 -0.642542
    outer loop
      vertex 0.610328 119.444 0.4
      vertex 0.420203 118 0.4
      vertex 0.446964 119.488 0.599999
    endloop
  endfacet
  facet normal 0.707909 -0.293201 -0.642571
    outer loop
      vertex 98.9787 75.1255 0.599999
      vertex 98.8322 75.2101 0.4
      vertex 99.553 76.5121 0.599999
    endloop
  endfacet
  facet normal -0.707842 0.29314 -0.642673
    outer loop
      vertex 0.610328 119.444 0.4
      vertex 0.446964 119.488 0.599999
      vertex 1.16775 120.79 0.4
    endloop
  endfacet
  facet normal 0.763631 0 -0.645653
    outer loop
      vertex 99.7489 118 0.599999
      vertex 99.5798 78 0.4
      vertex 99.5798 118 0.4
    endloop
  endfacet
  facet normal 0.763631 0 -0.645653
    outer loop
      vertex 99.5798 78 0.4
      vertex 99.7489 118 0.599999
      vertex 99.7489 78 0.599999
    endloop
  endfacet
  facet normal -0.467155 0.608553 -0.641428
    outer loop
      vertex 2.05448 121.946 0.4
      vertex 1.93489 122.065 0.599999
      vertex 3.12554 122.979 0.599999
    endloop
  endfacet
  facet normal -0.465771 0.607505 -0.643424
    outer loop
      vertex 3.21009 122.832 0.4
      vertex 2.05448 121.946 0.4
      vertex 3.12554 122.979 0.599999
    endloop
  endfacet
  facet normal 0.708112 -0.293358 -0.642276
    outer loop
      vertex 99.553 76.5121 0.599999
      vertex 98.8322 75.2101 0.4
      vertex 99.3897 76.5558 0.4
    endloop
  endfacet
  facet normal 0.607927 -0.466489 -0.642504
    outer loop
      vertex 98.0651 73.9349 0.599999
      vertex 97.9455 74.0545 0.4
      vertex 98.9787 75.1255 0.599999
    endloop
  endfacet
  facet normal 0.466508 -0.607912 -0.642506
    outer loop
      vertex 98.0651 73.9349 0.599999
      vertex 96.7899 73.1677 0.4
      vertex 97.9455 74.0545 0.4
    endloop
  endfacet
  facet normal 0.859475 -0.11316 -0.498495
    outer loop
      vertex 99.8649 78 0.799999
      vertex 99.553 76.5121 0.599999
      vertex 99.7489 78 0.599999
    endloop
  endfacet
  facet normal -0.687861 0.527674 -0.498404
    outer loop
      vertex 1.93489 122.065 0.599999
      vertex 0.920825 120.932 0.799999
      vertex 1.85288 122.147 0.799999
    endloop
  endfacet
  facet normal -0.800855 -0.331726 -0.498588
    outer loop
      vertex 0.920825 75.0675 0.799999
      vertex 0.334918 76.482 0.799999
      vertex 0.446964 76.5121 0.599999
    endloop
  endfacet
  facet normal 0.865031 0 -0.501718
    outer loop
      vertex 99.8649 78 0.799999
      vertex 99.7489 118 0.599999
      vertex 99.8649 118 0.799999
    endloop
  endfacet
  facet normal 0.865031 0 -0.501718
    outer loop
      vertex 99.7489 118 0.599999
      vertex 99.8649 78 0.799999
      vertex 99.7489 78 0.599999
    endloop
  endfacet
  facet normal 0.113244 0.859467 -0.498491
    outer loop
      vertex 94 123.749 0.599999
      vertex 94 123.865 0.799999
      vertex 95.5179 123.665 0.799999
    endloop
  endfacet
  facet normal 0.332122 0.801683 -0.496991
    outer loop
      vertex 96.8745 122.979 0.599999
      vertex 95.5179 123.665 0.799999
      vertex 96.9324 123.079 0.799999
    endloop
  endfacet
  facet normal 0.687797 -0.527777 -0.498385
    outer loop
      vertex 98.1471 73.8529 0.799999
      vertex 98.0651 73.9349 0.599999
      vertex 98.9787 75.1255 0.599999
    endloop
  endfacet
  facet normal 0.687886 0.527668 -0.498377
    outer loop
      vertex 98.9787 120.874 0.599999
      vertex 98.0651 122.065 0.599999
      vertex 98.1471 122.147 0.799999
    endloop
  endfacet
  facet normal -0.800899 -0.33173 -0.498513
    outer loop
      vertex 0.920825 75.0675 0.799999
      vertex 0.446964 76.5121 0.599999
      vertex 1.02129 75.1255 0.599999
    endloop
  endfacet
  facet normal -0.52813 0.688303 -0.49731
    outer loop
      vertex 3.12554 122.979 0.599999
      vertex 1.85288 122.147 0.799999
      vertex 3.06754 123.079 0.799999
    endloop
  endfacet
  facet normal -0.113215 0.859469 -0.498492
    outer loop
      vertex 5.99999 123.749 0.599999
      vertex 4.51206 123.553 0.599999
      vertex 5.99999 123.865 0.799999
    endloop
  endfacet
  facet normal -0.865035 0 -0.501712
    outer loop
      vertex 0.251087 78 0.599999
      vertex 0.135089 118 0.799999
      vertex 0.251087 118 0.599999
    endloop
  endfacet
  facet normal -0.865035 -0 -0.501712
    outer loop
      vertex 0.135089 118 0.799999
      vertex 0.251087 78 0.599999
      vertex 0.135089 78 0.799999
    endloop
  endfacet
  facet normal -0.113116 -0.859383 -0.498663
    outer loop
      vertex 5.99999 72.1351 0.799999
      vertex 4.48204 72.3349 0.799999
      vertex 4.51206 72.447 0.599999
    endloop
  endfacet
  facet normal -0.859486 0.113141 -0.498481
    outer loop
      vertex 0.446964 119.488 0.599999
      vertex 0.251087 118 0.599999
      vertex 0.334918 119.518 0.799999
    endloop
  endfacet
  facet normal -0.113158 -0.859475 -0.498496
    outer loop
      vertex 5.99999 72.1351 0.799999
      vertex 4.51206 72.447 0.599999
      vertex 5.99999 72.2511 0.599999
    endloop
  endfacet
  facet normal 0.113148 -0.859383 -0.498656
    outer loop
      vertex 95.5179 72.3349 0.799999
      vertex 94 72.2511 0.599999
      vertex 95.4879 72.447 0.599999
    endloop
  endfacet
  facet normal -0.331711 -0.800842 -0.498619
    outer loop
      vertex 4.51206 72.447 0.599999
      vertex 3.06754 72.9208 0.799999
      vertex 3.12554 73.0213 0.599999
    endloop
  endfacet
  facet normal 0.859384 0.113141 -0.498656
    outer loop
      vertex 99.7489 118 0.599999
      vertex 99.553 119.488 0.599999
      vertex 99.6651 119.518 0.799999
    endloop
  endfacet
  facet normal -0.332094 0.801617 -0.497116
    outer loop
      vertex 3.12554 122.979 0.599999
      vertex 3.06754 123.079 0.799999
      vertex 4.48204 123.665 0.799999
    endloop
  endfacet
  facet normal -0.85948 0.113142 -0.49849
    outer loop
      vertex 0.251087 118 0.599999
      vertex 0.135089 118 0.799999
      vertex 0.334918 119.518 0.799999
    endloop
  endfacet
  facet normal 0.113132 -0.859478 -0.498497
    outer loop
      vertex 95.5179 72.3349 0.799999
      vertex 94 72.1351 0.799999
      vertex 94 72.2511 0.599999
    endloop
  endfacet
  facet normal -0.800883 0.331855 -0.498457
    outer loop
      vertex 0.446964 119.488 0.599999
      vertex 0.334918 119.518 0.799999
      vertex 0.920825 120.932 0.799999
    endloop
  endfacet
  facet normal 0.113229 0.859558 -0.498337
    outer loop
      vertex 95.4879 123.553 0.599999
      vertex 94 123.749 0.599999
      vertex 95.5179 123.665 0.799999
    endloop
  endfacet
  facet normal 0.331722 -0.800915 -0.498493
    outer loop
      vertex 96.9324 72.9208 0.799999
      vertex 95.4879 72.447 0.599999
      vertex 96.8745 73.0213 0.599999
    endloop
  endfacet
  facet normal -0.85948 -0.113148 -0.49849
    outer loop
      vertex 0.446964 76.5121 0.599999
      vertex 0.135089 78 0.799999
      vertex 0.251087 78 0.599999
    endloop
  endfacet
  facet normal -0.687821 0.527618 -0.498519
    outer loop
      vertex 1.02129 120.874 0.599999
      vertex 0.920825 120.932 0.799999
      vertex 1.93489 122.065 0.599999
    endloop
  endfacet
  facet normal -0.859461 -0.113139 -0.498523
    outer loop
      vertex 0.334918 76.482 0.799999
      vertex 0.135089 78 0.799999
      vertex 0.446964 76.5121 0.599999
    endloop
  endfacet
  facet normal 0 -0.865031 -0.501718
    outer loop
      vertex 5.99999 72.2511 0.599999
      vertex 94 72.1351 0.799999
      vertex 5.99999 72.1351 0.799999
    endloop
  endfacet
  facet normal 0 -0.865031 -0.501718
    outer loop
      vertex 94 72.1351 0.799999
      vertex 5.99999 72.2511 0.599999
      vertex 94 72.2511 0.599999
    endloop
  endfacet
  facet normal 0.331609 0.80106 -0.498335
    outer loop
      vertex 96.8745 122.979 0.599999
      vertex 95.4879 123.553 0.599999
      vertex 95.5179 123.665 0.799999
    endloop
  endfacet
  facet normal 0.6879 0.527673 -0.498351
    outer loop
      vertex 98.9787 120.874 0.599999
      vertex 98.1471 122.147 0.799999
      vertex 99.0791 120.932 0.799999
    endloop
  endfacet
  facet normal -0.527687 -0.687708 -0.498602
    outer loop
      vertex 3.06754 72.9208 0.799999
      vertex 1.93489 73.9349 0.599999
      vertex 3.12554 73.0213 0.599999
    endloop
  endfacet
  facet normal 0.800797 0.331817 -0.498619
    outer loop
      vertex 99.553 119.488 0.599999
      vertex 98.9787 120.874 0.599999
      vertex 99.6651 119.518 0.799999
    endloop
  endfacet
  facet normal -0.800844 0.331851 -0.498521
    outer loop
      vertex 1.02129 120.874 0.599999
      vertex 0.446964 119.488 0.599999
      vertex 0.920825 120.932 0.799999
    endloop
  endfacet
  facet normal -0.33162 0.801041 -0.498359
    outer loop
      vertex 4.51206 123.553 0.599999
      vertex 3.12554 122.979 0.599999
      vertex 4.48204 123.665 0.799999
    endloop
  endfacet
  facet normal 0.800778 -0.331665 -0.498752
    outer loop
      vertex 99.6651 76.482 0.799999
      vertex 98.9787 75.1255 0.599999
      vertex 99.553 76.5121 0.599999
    endloop
  endfacet
  facet normal 0.859365 -0.11311 -0.498697
    outer loop
      vertex 99.6651 76.482 0.799999
      vertex 99.553 76.5121 0.599999
      vertex 99.8649 78 0.799999
    endloop
  endfacet
  facet normal 0.331714 -0.800836 -0.498626
    outer loop
      vertex 95.5179 72.3349 0.799999
      vertex 95.4879 72.447 0.599999
      vertex 96.9324 72.9208 0.799999
    endloop
  endfacet
  facet normal -0.687774 -0.527781 -0.498412
    outer loop
      vertex 1.85288 73.8529 0.799999
      vertex 0.920825 75.0675 0.799999
      vertex 1.93489 73.9349 0.599999
    endloop
  endfacet
  facet normal -0.687739 -0.527733 -0.498511
    outer loop
      vertex 1.93489 73.9349 0.599999
      vertex 0.920825 75.0675 0.799999
      vertex 1.02129 75.1255 0.599999
    endloop
  endfacet
  facet normal -0.527783 -0.687777 -0.498406
    outer loop
      vertex 3.06754 72.9208 0.799999
      vertex 1.85288 73.8529 0.799999
      vertex 1.93489 73.9349 0.599999
    endloop
  endfacet
  facet normal 0.52777 -0.687788 -0.498403
    outer loop
      vertex 96.9324 72.9208 0.799999
      vertex 96.8745 73.0213 0.599999
      vertex 98.0651 73.9349 0.599999
    endloop
  endfacet
  facet normal -0.331709 -0.800823 -0.498651
    outer loop
      vertex 4.48204 72.3349 0.799999
      vertex 3.06754 72.9208 0.799999
      vertex 4.51206 72.447 0.599999
    endloop
  endfacet
  facet normal -0.527898 0.687682 -0.498414
    outer loop
      vertex 1.93489 122.065 0.599999
      vertex 1.85288 122.147 0.799999
      vertex 3.12554 122.979 0.599999
    endloop
  endfacet
  facet normal -0.113251 0.859549 -0.498347
    outer loop
      vertex 4.51206 123.553 0.599999
      vertex 4.48204 123.665 0.799999
      vertex 5.99999 123.865 0.799999
    endloop
  endfacet
  facet normal 0.68782 -0.527785 -0.498343
    outer loop
      vertex 99.0791 75.0675 0.799999
      vertex 98.1471 73.8529 0.799999
      vertex 98.9787 75.1255 0.599999
    endloop
  endfacet
  facet normal 0.800978 -0.33183 -0.498321
    outer loop
      vertex 99.0791 75.0675 0.799999
      vertex 98.9787 75.1255 0.599999
      vertex 99.6651 76.482 0.799999
    endloop
  endfacet
  facet normal 0 0.865031 -0.501718
    outer loop
      vertex 94 123.749 0.599999
      vertex 5.99999 123.865 0.799999
      vertex 94 123.865 0.799999
    endloop
  endfacet
  facet normal 0 0.865031 -0.501718
    outer loop
      vertex 5.99999 123.865 0.799999
      vertex 94 123.749 0.599999
      vertex 5.99999 123.749 0.599999
    endloop
  endfacet
  facet normal 0.527779 -0.687795 -0.498385
    outer loop
      vertex 98.1471 73.8529 0.799999
      vertex 96.9324 72.9208 0.799999
      vertex 98.0651 73.9349 0.599999
    endloop
  endfacet
  facet normal 0.859478 0.113125 -0.498497
    outer loop
      vertex 99.7489 118 0.599999
      vertex 99.6651 119.518 0.799999
      vertex 99.8649 118 0.799999
    endloop
  endfacet
  facet normal 0.527918 0.68768 -0.498395
    outer loop
      vertex 98.0651 122.065 0.599999
      vertex 96.8745 122.979 0.599999
      vertex 98.1471 122.147 0.799999
    endloop
  endfacet
  facet normal 0.528188 0.688402 -0.497111
    outer loop
      vertex 98.1471 122.147 0.799999
      vertex 96.8745 122.979 0.599999
      vertex 96.9324 123.079 0.799999
    endloop
  endfacet
  facet normal 0.800933 0.331928 -0.498327
    outer loop
      vertex 99.6651 119.518 0.799999
      vertex 98.9787 120.874 0.599999
      vertex 99.0791 120.932 0.799999
    endloop
  endfacet
  facet normal -0.863133 0.357649 -0.356494
    outer loop
      vertex 0.920825 120.932 0.799999
      vertex 0.334918 119.518 0.799999
      vertex 0.85438 120.971 1
    endloop
  endfacet
  facet normal -0.741123 0.568533 -0.357082
    outer loop
      vertex 0.920825 120.932 0.799999
      vertex 0.85438 120.971 1
      vertex 1.85288 122.147 0.799999
    endloop
  endfacet
  facet normal -0.357705 -0.863537 -0.355459
    outer loop
      vertex 4.46218 72.2608 1
      vertex 3.02917 72.8544 1
      vertex 4.48204 72.3349 0.799999
    endloop
  endfacet
  facet normal -0.357706 -0.863587 -0.355335
    outer loop
      vertex 4.48204 72.3349 0.799999
      vertex 3.02917 72.8544 1
      vertex 3.06754 72.9208 0.799999
    endloop
  endfacet
  facet normal -0.122267 0.926224 -0.356595
    outer loop
      vertex 5.99999 123.865 0.799999
      vertex 4.46218 123.739 1
      vertex 5.99999 123.942 1
    endloop
  endfacet
  facet normal 0.357443 0.863769 -0.355158
    outer loop
      vertex 96.9708 123.146 1
      vertex 95.5179 123.665 0.799999
      vertex 95.5378 123.739 1
    endloop
  endfacet
  facet normal -0.357449 0.863792 -0.355096
    outer loop
      vertex 4.48204 123.665 0.799999
      vertex 3.02917 123.146 1
      vertex 4.46218 123.739 1
    endloop
  endfacet
  facet normal -0.926664 0.121981 -0.355548
    outer loop
      vertex 0.334918 119.518 0.799999
      vertex 0.0583591 118 1
      vertex 0.260813 119.538 1
    endloop
  endfacet
  facet normal 0.926725 0.121957 -0.355397
    outer loop
      vertex 99.8649 118 0.799999
      vertex 99.7392 119.538 1
      vertex 99.9416 118 1
    endloop
  endfacet
  facet normal -0.122117 0.926836 -0.355054
    outer loop
      vertex 4.48204 123.665 0.799999
      vertex 4.46218 123.739 1
      vertex 5.99999 123.865 0.799999
    endloop
  endfacet
  facet normal 0 0.933226 -0.35929
    outer loop
      vertex 94 123.865 0.799999
      vertex 5.99999 123.942 1
      vertex 94 123.942 1
    endloop
  endfacet
  facet normal 0 0.933226 -0.35929
    outer loop
      vertex 5.99999 123.942 1
      vertex 94 123.865 0.799999
      vertex 5.99999 123.865 0.799999
    endloop
  endfacet
  facet normal 0.56853 0.74098 -0.357384
    outer loop
      vertex 98.1471 122.147 0.799999
      vertex 96.9324 123.079 0.799999
      vertex 96.9708 123.146 1
    endloop
  endfacet
  facet normal -0.933648 0 -0.358192
    outer loop
      vertex 0.135089 118 0.799999
      vertex 0.0583591 78 1
      vertex 0.0583591 118 1
    endloop
  endfacet
  facet normal -0.933648 0 -0.358192
    outer loop
      vertex 0.0583591 78 1
      vertex 0.135089 118 0.799999
      vertex 0.135089 78 0.799999
    endloop
  endfacet
  facet normal 0.933695 0 -0.35807
    outer loop
      vertex 99.9416 78 1
      vertex 99.8649 118 0.799999
      vertex 99.9416 118 1
    endloop
  endfacet
  facet normal 0.933695 0 -0.35807
    outer loop
      vertex 99.8649 118 0.799999
      vertex 99.9416 78 1
      vertex 99.8649 78 0.799999
    endloop
  endfacet
  facet normal -0.74156 -0.569055 -0.355337
    outer loop
      vertex 1.85288 73.8529 0.799999
      vertex 0.85438 75.0292 1
      vertex 0.920825 75.0675 0.799999
    endloop
  endfacet
  facet normal -0.863459 0.357656 -0.355697
    outer loop
      vertex 0.334918 119.518 0.799999
      vertex 0.260813 119.538 1
      vertex 0.85438 120.971 1
    endloop
  endfacet
  facet normal 0.122268 0.926224 -0.356594
    outer loop
      vertex 95.5378 123.739 1
      vertex 94 123.865 0.799999
      vertex 94 123.942 1
    endloop
  endfacet
  facet normal -0.569468 0.741543 -0.354711
    outer loop
      vertex 1.85288 122.147 0.799999
      vertex 1.79862 122.201 1
      vertex 3.02917 123.146 1
    endloop
  endfacet
  facet normal 0.121984 -0.926722 -0.355396
    outer loop
      vertex 94 72.0584 1
      vertex 94 72.1351 0.799999
      vertex 95.5179 72.3349 0.799999
    endloop
  endfacet
  facet normal 0.926673 0.121969 -0.355528
    outer loop
      vertex 99.8649 118 0.799999
      vertex 99.6651 119.518 0.799999
      vertex 99.7392 119.538 1
    endloop
  endfacet
  facet normal 0.926714 -0.121975 -0.355421
    outer loop
      vertex 99.7392 76.4622 1
      vertex 99.6651 76.482 0.799999
      vertex 99.8649 78 0.799999
    endloop
  endfacet
  facet normal 0.863459 0.357676 -0.355677
    outer loop
      vertex 99.6651 119.518 0.799999
      vertex 99.1456 120.971 1
      vertex 99.7392 119.538 1
    endloop
  endfacet
  facet normal 0.926723 -0.121972 -0.355397
    outer loop
      vertex 99.9416 78 1
      vertex 99.7392 76.4622 1
      vertex 99.8649 78 0.799999
    endloop
  endfacet
  facet normal -0.926675 0.121987 -0.355517
    outer loop
      vertex 0.135089 118 0.799999
      vertex 0.0583591 118 1
      vertex 0.334918 119.518 0.799999
    endloop
  endfacet
  facet normal 0.357698 -0.863514 -0.355521
    outer loop
      vertex 95.5378 72.2608 1
      vertex 95.5179 72.3349 0.799999
      vertex 96.9708 72.8544 1
    endloop
  endfacet
  facet normal -0.741585 0.569296 -0.3549
    outer loop
      vertex 1.85288 122.147 0.799999
      vertex 0.85438 120.971 1
      vertex 1.79862 122.201 1
    endloop
  endfacet
  facet normal 0.357421 0.862752 -0.357645
    outer loop
      vertex 96.9324 123.079 0.799999
      vertex 95.5179 123.665 0.799999
      vertex 96.9708 123.146 1
    endloop
  endfacet
  facet normal 0.741085 0.56847 -0.357261
    outer loop
      vertex 99.0791 120.932 0.799999
      vertex 98.1471 122.147 0.799999
      vertex 99.1456 120.971 1
    endloop
  endfacet
  facet normal 0.863471 -0.357719 -0.355605
    outer loop
      vertex 99.1456 75.0292 1
      vertex 99.0791 75.0675 0.799999
      vertex 99.6651 76.482 0.799999
    endloop
  endfacet
  facet normal -0.926675 -0.121987 -0.355517
    outer loop
      vertex 0.334918 76.482 0.799999
      vertex 0.0583591 78 1
      vertex 0.135089 78 0.799999
    endloop
  endfacet
  facet normal -0.121969 -0.926702 -0.355453
    outer loop
      vertex 5.99999 72.0584 1
      vertex 4.46218 72.2608 1
      vertex 4.48204 72.3349 0.799999
    endloop
  endfacet
  facet normal -0.569049 -0.741552 -0.355365
    outer loop
      vertex 3.02917 72.8544 1
      vertex 1.85288 73.8529 0.799999
      vertex 3.06754 72.9208 0.799999
    endloop
  endfacet
  facet normal -0.568559 0.740993 -0.357309
    outer loop
      vertex 3.06754 123.079 0.799999
      vertex 1.85288 122.147 0.799999
      vertex 3.02917 123.146 1
    endloop
  endfacet
  facet normal -0.568943 -0.741488 -0.355667
    outer loop
      vertex 3.02917 72.8544 1
      vertex 1.79862 73.7986 1
      vertex 1.85288 73.8529 0.799999
    endloop
  endfacet
  facet normal -0.357428 0.862768 -0.357598
    outer loop
      vertex 3.06754 123.079 0.799999
      vertex 3.02917 123.146 1
      vertex 4.48204 123.665 0.799999
    endloop
  endfacet
  facet normal -0.926702 -0.122002 -0.355443
    outer loop
      vertex 0.260813 76.4622 1
      vertex 0.0583591 78 1
      vertex 0.334918 76.482 0.799999
    endloop
  endfacet
  facet normal -0.741497 -0.568951 -0.355636
    outer loop
      vertex 1.79862 73.7986 1
      vertex 0.85438 75.0292 1
      vertex 1.85288 73.8529 0.799999
    endloop
  endfacet
  facet normal 0.863039 0.357667 -0.356704
    outer loop
      vertex 99.6651 119.518 0.799999
      vertex 99.0791 120.932 0.799999
      vertex 99.1456 120.971 1
    endloop
  endfacet
  facet normal 0.863569 -0.357721 -0.355365
    outer loop
      vertex 99.7392 76.4622 1
      vertex 99.1456 75.0292 1
      vertex 99.6651 76.482 0.799999
    endloop
  endfacet
  facet normal 0.121968 -0.926694 -0.355474
    outer loop
      vertex 95.5378 72.2608 1
      vertex 94 72.0584 1
      vertex 95.5179 72.3349 0.799999
    endloop
  endfacet
  facet normal -0.12198 -0.926722 -0.355396
    outer loop
      vertex 5.99999 72.0584 1
      vertex 4.48204 72.3349 0.799999
      vertex 5.99999 72.1351 0.799999
    endloop
  endfacet
  facet normal 0 -0.933695 -0.35807
    outer loop
      vertex 5.99999 72.1351 0.799999
      vertex 94 72.0584 1
      vertex 5.99999 72.0584 1
    endloop
  endfacet
  facet normal 0 -0.933695 -0.35807
    outer loop
      vertex 94 72.0584 1
      vertex 5.99999 72.1351 0.799999
      vertex 94 72.1351 0.799999
    endloop
  endfacet
  facet normal 0.3577 -0.863571 -0.355382
    outer loop
      vertex 96.9708 72.8544 1
      vertex 95.5179 72.3349 0.799999
      vertex 96.9324 72.9208 0.799999
    endloop
  endfacet
  facet normal 0.569019 -0.741538 -0.355441
    outer loop
      vertex 96.9708 72.8544 1
      vertex 96.9324 72.9208 0.799999
      vertex 98.1471 73.8529 0.799999
    endloop
  endfacet
  facet normal 0.12212 0.926827 -0.355075
    outer loop
      vertex 95.5179 123.665 0.799999
      vertex 94 123.865 0.799999
      vertex 95.5378 123.739 1
    endloop
  endfacet
  facet normal -0.863565 -0.357701 -0.355396
    outer loop
      vertex 0.85438 75.0292 1
      vertex 0.334918 76.482 0.799999
      vertex 0.920825 75.0675 0.799999
    endloop
  endfacet
  facet normal 0.741522 -0.568993 -0.355516
    outer loop
      vertex 99.1456 75.0292 1
      vertex 98.1471 73.8529 0.799999
      vertex 99.0791 75.0675 0.799999
    endloop
  endfacet
  facet normal 0.741558 0.569251 -0.355029
    outer loop
      vertex 99.1456 120.971 1
      vertex 98.1471 122.147 0.799999
      vertex 98.2014 122.201 1
    endloop
  endfacet
  facet normal 0.56943 0.741525 -0.35481
    outer loop
      vertex 98.1471 122.147 0.799999
      vertex 96.9708 123.146 1
      vertex 98.2014 122.201 1
    endloop
  endfacet
  facet normal 0.568906 -0.74147 -0.355765
    outer loop
      vertex 98.2014 73.7986 1
      vertex 96.9708 72.8544 1
      vertex 98.1471 73.8529 0.799999
    endloop
  endfacet
  facet normal -0.863569 -0.357701 -0.355385
    outer loop
      vertex 0.85438 75.0292 1
      vertex 0.260813 76.4622 1
      vertex 0.334918 76.482 0.799999
    endloop
  endfacet
  facet normal 0.74147 -0.568906 -0.355765
    outer loop
      vertex 98.2014 73.7986 1
      vertex 98.1471 73.8529 0.799999
      vertex 99.1456 75.0292 1
    endloop
  endfacet
  facet normal -0.775048 0.594985 -0.21282
    outer loop
      vertex 1.79862 122.201 1
      vertex 0.85438 120.971 1
      vertex 1.7675 122.232 1.2
    endloop
  endfacet
  facet normal 0.127493 -0.968674 -0.213108
    outer loop
      vertex 95.5492 72.2183 1.2
      vertex 94 72.0144 1.2
      vertex 94 72.0584 1
    endloop
  endfacet
  facet normal 0.127494 -0.968674 -0.21311
    outer loop
      vertex 95.5492 72.2183 1.2
      vertex 94 72.0584 1
      vertex 95.5378 72.2608 1
    endloop
  endfacet
  facet normal -0.127494 -0.968673 -0.213114
    outer loop
      vertex 5.99998 72.0144 1.2
      vertex 4.45079 72.2183 1.2
      vertex 5.99999 72.0584 1
    endloop
  endfacet
  facet normal 0.976644 0 -0.214862
    outer loop
      vertex 99.9856 118 1.2
      vertex 99.9416 78 1
      vertex 99.9416 118 1
    endloop
  endfacet
  facet normal 0.976644 0 -0.214862
    outer loop
      vertex 99.9416 78 1
      vertex 99.9856 118 1.2
      vertex 99.9856 78 1.2
    endloop
  endfacet
  facet normal 0.373952 0.902739 -0.212655
    outer loop
      vertex 96.9708 123.146 1
      vertex 95.5492 123.782 1.2
      vertex 96.9928 123.184 1.2
    endloop
  endfacet
  facet normal -0.775133 -0.594765 -0.21313
    outer loop
      vertex 1.7675 73.7675 1.2
      vertex 0.816269 75.0072 1.2
      vertex 0.85438 75.0292 1
    endloop
  endfacet
  facet normal -0.594767 -0.775144 -0.213081
    outer loop
      vertex 3.02917 72.8544 1
      vertex 1.7675 73.7675 1.2
      vertex 1.79862 73.7986 1
    endloop
  endfacet
  facet normal -0.976644 0 -0.214865
    outer loop
      vertex 0.0583591 78 1
      vertex 0.0143585 118 1.2
      vertex 0.0583591 118 1
    endloop
  endfacet
  facet normal -0.976644 -0 -0.214865
    outer loop
      vertex 0.0143585 118 1.2
      vertex 0.0583591 78 1
      vertex 0.0143585 78 1.2
    endloop
  endfacet
  facet normal -0.774972 0.594977 -0.213122
    outer loop
      vertex 0.85438 120.971 1
      vertex 0.816269 120.993 1.2
      vertex 1.7675 122.232 1.2
    endloop
  endfacet
  facet normal 0.595124 0.774984 -0.212664
    outer loop
      vertex 98.2014 122.201 1
      vertex 96.9708 123.146 1
      vertex 98.2325 122.232 1.2
    endloop
  endfacet
  facet normal 0.127555 0.968667 -0.213107
    outer loop
      vertex 94 123.942 1
      vertex 94 123.986 1.2
      vertex 95.5492 123.782 1.2
    endloop
  endfacet
  facet normal -0.595132 0.774963 -0.212722
    outer loop
      vertex 1.79862 122.201 1
      vertex 1.7675 122.232 1.2
      vertex 3.02917 123.146 1
    endloop
  endfacet
  facet normal 0.775074 0.594979 -0.212746
    outer loop
      vertex 99.1456 120.971 1
      vertex 98.2014 122.201 1
      vertex 98.2325 122.232 1.2
    endloop
  endfacet
  facet normal 0.373917 -0.902652 -0.213086
    outer loop
      vertex 96.9928 72.8163 1.2
      vertex 95.5492 72.2183 1.2
      vertex 96.9708 72.8544 1
    endloop
  endfacet
  facet normal 0 -0.976644 -0.214862
    outer loop
      vertex 5.99999 72.0584 1
      vertex 94 72.0144 1.2
      vertex 5.99998 72.0144 1.2
    endloop
  endfacet
  facet normal 0 -0.976644 -0.214862
    outer loop
      vertex 94 72.0144 1.2
      vertex 5.99999 72.0584 1
      vertex 94 72.0584 1
    endloop
  endfacet
  facet normal -0.127798 0.968122 -0.215424
    outer loop
      vertex 4.46218 123.739 1
      vertex 4.45079 123.782 1.2
      vertex 5.99999 123.942 1
    endloop
  endfacet
  facet normal -0.968663 -0.127526 -0.213139
    outer loop
      vertex 0.218307 76.4508 1.2
      vertex 0.0583591 78 1
      vertex 0.260813 76.4622 1
    endloop
  endfacet
  facet normal 0.902652 -0.373917 -0.213086
    outer loop
      vertex 99.1837 75.0072 1.2
      vertex 99.1456 75.0292 1
      vertex 99.7817 76.4508 1.2
    endloop
  endfacet
  facet normal -0.902648 -0.373888 -0.213151
    outer loop
      vertex 0.85438 75.0292 1
      vertex 0.218307 76.4508 1.2
      vertex 0.260813 76.4622 1
    endloop
  endfacet
  facet normal -0.373948 0.902741 -0.212655
    outer loop
      vertex 3.02917 123.146 1
      vertex 3.00717 123.184 1.2
      vertex 4.45079 123.782 1.2
    endloop
  endfacet
  facet normal 0.968672 0.12751 -0.213108
    outer loop
      vertex 99.9416 118 1
      vertex 99.7817 119.549 1.2
      vertex 99.9856 118 1.2
    endloop
  endfacet
  facet normal 0 0.976644 -0.214862
    outer loop
      vertex 94 123.942 1
      vertex 5.99998 123.986 1.2
      vertex 94 123.986 1.2
    endloop
  endfacet
  facet normal 0 0.976644 -0.214862
    outer loop
      vertex 5.99998 123.986 1.2
      vertex 94 123.942 1
      vertex 5.99999 123.942 1
    endloop
  endfacet
  facet normal 0.968729 0.127484 -0.212867
    outer loop
      vertex 99.9416 118 1
      vertex 99.7392 119.538 1
      vertex 99.7817 119.549 1.2
    endloop
  endfacet
  facet normal 0.968674 -0.127494 -0.21311
    outer loop
      vertex 99.7817 76.4508 1.2
      vertex 99.7392 76.4622 1
      vertex 99.9416 78 1
    endloop
  endfacet
  facet normal 0.774988 0.594971 -0.213082
    outer loop
      vertex 99.1456 120.971 1
      vertex 98.2325 122.232 1.2
      vertex 99.1837 120.993 1.2
    endloop
  endfacet
  facet normal -0.902688 0.373804 -0.21313
    outer loop
      vertex 0.85438 120.971 1
      vertex 0.218307 119.549 1.2
      vertex 0.816269 120.993 1.2
    endloop
  endfacet
  facet normal 0.373908 -0.902646 -0.213125
    outer loop
      vertex 95.5492 72.2183 1.2
      vertex 95.5378 72.2608 1
      vertex 96.9708 72.8544 1
    endloop
  endfacet
  facet normal 0.90279 0.373968 -0.212411
    outer loop
      vertex 99.7392 119.538 1
      vertex 99.1456 120.971 1
      vertex 99.7817 119.549 1.2
    endloop
  endfacet
  facet normal 0.775166 -0.59476 -0.213023
    outer loop
      vertex 98.2325 73.7675 1.2
      vertex 98.2014 73.7986 1
      vertex 99.1456 75.0292 1
    endloop
  endfacet
  facet normal -0.775141 -0.594766 -0.213098
    outer loop
      vertex 1.7675 73.7675 1.2
      vertex 0.85438 75.0292 1
      vertex 1.79862 73.7986 1
    endloop
  endfacet
  facet normal 0.595123 0.774973 -0.212708
    outer loop
      vertex 98.2325 122.232 1.2
      vertex 96.9708 123.146 1
      vertex 96.9928 123.184 1.2
    endloop
  endfacet
  facet normal -0.373908 -0.902651 -0.213107
    outer loop
      vertex 4.45079 72.2183 1.2
      vertex 3.02917 72.8544 1
      vertex 4.46218 72.2608 1
    endloop
  endfacet
  facet normal 0.59476 -0.775166 -0.213023
    outer loop
      vertex 98.2325 73.7675 1.2
      vertex 96.9708 72.8544 1
      vertex 98.2014 73.7986 1
    endloop
  endfacet
  facet normal 0.902689 0.373828 -0.213083
    outer loop
      vertex 99.7817 119.549 1.2
      vertex 99.1456 120.971 1
      vertex 99.1837 120.993 1.2
    endloop
  endfacet
  facet normal -0.127556 0.968665 -0.213113
    outer loop
      vertex 5.99999 123.942 1
      vertex 4.45079 123.782 1.2
      vertex 5.99998 123.986 1.2
    endloop
  endfacet
  facet normal 0.127798 0.96812 -0.21543
    outer loop
      vertex 95.5378 123.739 1
      vertex 94 123.942 1
      vertex 95.5492 123.782 1.2
    endloop
  endfacet
  facet normal 0.373404 0.902342 -0.215288
    outer loop
      vertex 96.9708 123.146 1
      vertex 95.5378 123.739 1
      vertex 95.5492 123.782 1.2
    endloop
  endfacet
  facet normal -0.902792 0.373948 -0.212438
    outer loop
      vertex 0.260813 119.538 1
      vertex 0.218307 119.549 1.2
      vertex 0.85438 120.971 1
    endloop
  endfacet
  facet normal -0.127493 -0.968675 -0.213104
    outer loop
      vertex 5.99999 72.0584 1
      vertex 4.45079 72.2183 1.2
      vertex 4.46218 72.2608 1
    endloop
  endfacet
  facet normal -0.373912 -0.902654 -0.213086
    outer loop
      vertex 4.45079 72.2183 1.2
      vertex 3.00717 72.8163 1.2
      vertex 3.02917 72.8544 1
    endloop
  endfacet
  facet normal -0.902651 -0.373892 -0.213133
    outer loop
      vertex 0.816269 75.0072 1.2
      vertex 0.218307 76.4508 1.2
      vertex 0.85438 75.0292 1
    endloop
  endfacet
  facet normal -0.96867 -0.127523 -0.21311
    outer loop
      vertex 0.218307 76.4508 1.2
      vertex 0.0143585 78 1.2
      vertex 0.0583591 78 1
    endloop
  endfacet
  facet normal 0.594758 -0.775149 -0.213089
    outer loop
      vertex 96.9928 72.8163 1.2
      vertex 96.9708 72.8544 1
      vertex 98.2325 73.7675 1.2
    endloop
  endfacet
  facet normal 0.902646 -0.373908 -0.213125
    outer loop
      vertex 99.7817 76.4508 1.2
      vertex 99.1456 75.0292 1
      vertex 99.7392 76.4622 1
    endloop
  endfacet
  facet normal -0.595132 0.774966 -0.212708
    outer loop
      vertex 3.02917 123.146 1
      vertex 1.7675 122.232 1.2
      vertex 3.00717 123.184 1.2
    endloop
  endfacet
  facet normal -0.373404 0.902346 -0.21527
    outer loop
      vertex 4.46218 123.739 1
      vertex 3.02917 123.146 1
      vertex 4.45079 123.782 1.2
    endloop
  endfacet
  facet normal 0.968674 -0.127493 -0.213108
    outer loop
      vertex 99.9856 78 1.2
      vertex 99.7817 76.4508 1.2
      vertex 99.9416 78 1
    endloop
  endfacet
  facet normal 0.775149 -0.594758 -0.213089
    outer loop
      vertex 99.1837 75.0072 1.2
      vertex 98.2325 73.7675 1.2
      vertex 99.1456 75.0292 1
    endloop
  endfacet
  facet normal -0.968718 0.127517 -0.212895
    outer loop
      vertex 0.260813 119.538 1
      vertex 0.0583591 118 1
      vertex 0.218307 119.549 1.2
    endloop
  endfacet
  facet normal -0.968668 0.127539 -0.21311
    outer loop
      vertex 0.0583591 118 1
      vertex 0.0143585 118 1.2
      vertex 0.218307 119.549 1.2
    endloop
  endfacet
  facet normal -0.594767 -0.775142 -0.213089
    outer loop
      vertex 3.00717 72.8163 1.2
      vertex 1.7675 73.7675 1.2
      vertex 3.02917 72.8544 1
    endloop
  endfacet
  facet normal 0.130248 0.991481 -0
    outer loop
      vertex 95.5529 123.796 1.4
      vertex 94 124 3
      vertex 95.5529 123.796 3
    endloop
  endfacet
  facet normal 0.130248 0.991481 0
    outer loop
      vertex 94 124 3
      vertex 95.5529 123.796 1.4
      vertex 94 124 1.4
    endloop
  endfacet
  facet normal -0.130242 0.989063 -0.0692214
    outer loop
      vertex 5.99998 123.986 1.2
      vertex 4.45079 123.782 1.2
      vertex 6 124 1.4
    endloop
  endfacet
  facet normal 0.606892 0.791316 -0.0741704
    outer loop
      vertex 98.2325 122.232 1.2
      vertex 97 123.196 1.4
      vertex 98.2426 122.243 1.4
    endloop
  endfacet
  facet normal -0.79135 -0.607247 -0.070827
    outer loop
      vertex 1.75735 73.7574 1.4
      vertex 0.803833 75 1.4
      vertex 1.7675 73.7675 1.2
    endloop
  endfacet
  facet normal 0.98895 0.130226 -0.0708421
    outer loop
      vertex 100 118 1.4
      vertex 99.7817 119.549 1.2
      vertex 99.7955 119.553 1.4
    endloop
  endfacet
  facet normal -0.130166 -0.988933 -0.0711902
    outer loop
      vertex 6 72 1.4
      vertex 4.44708 72.2044 1.4
      vertex 5.99998 72.0144 1.2
    endloop
  endfacet
  facet normal 0.130241 0.989062 -0.0692344
    outer loop
      vertex 95.5492 123.782 1.2
      vertex 94 123.986 1.2
      vertex 94 124 1.4
    endloop
  endfacet
  facet normal -0.130161 -0.988937 -0.0711456
    outer loop
      vertex 5.99998 72.0144 1.2
      vertex 4.44708 72.2044 1.4
      vertex 4.45079 72.2183 1.2
    endloop
  endfacet
  facet normal 0 0.997559 -0.0698291
    outer loop
      vertex 94 123.986 1.2
      vertex 6 124 1.4
      vertex 94 124 1.4
    endloop
  endfacet
  facet normal 0 0.997559 -0.0698291
    outer loop
      vertex 6 124 1.4
      vertex 94 123.986 1.2
      vertex 5.99998 123.986 1.2
    endloop
  endfacet
  facet normal -0.923873 0.382699 0
    outer loop
      vertex 0.204437 119.553 1.4
      vertex 0.803833 121 3
      vertex 0.803833 121 1.4
    endloop
  endfacet
  facet normal -0.923873 0.382699 0
    outer loop
      vertex 0.803833 121 3
      vertex 0.204437 119.553 1.4
      vertex 0.204437 119.553 3
    endloop
  endfacet
  facet normal 0.129913 0.988935 -0.0716288
    outer loop
      vertex 95.5492 123.782 1.2
      vertex 94 124 1.4
      vertex 95.5529 123.796 1.4
    endloop
  endfacet
  facet normal 0.793316 -0.608809 0
    outer loop
      vertex 98.2426 73.7574 3
      vertex 99.1962 75 1.4
      vertex 99.1962 75 3
    endloop
  endfacet
  facet normal 0.793316 -0.608809 0
    outer loop
      vertex 99.1962 75 1.4
      vertex 98.2426 73.7574 3
      vertex 98.2426 73.7574 1.4
    endloop
  endfacet
  facet normal 0.608809 -0.793316 0
    outer loop
      vertex 97 72.8038 1.4
      vertex 98.2426 73.7574 3
      vertex 97 72.8038 3
    endloop
  endfacet
  facet normal 0.608809 -0.793316 0
    outer loop
      vertex 98.2426 73.7574 3
      vertex 97 72.8038 1.4
      vertex 98.2426 73.7574 1.4
    endloop
  endfacet
  facet normal 0.791219 0.607431 -0.0707113
    outer loop
      vertex 99.1837 120.993 1.2
      vertex 98.2325 122.232 1.2
      vertex 99.1962 121 1.4
    endloop
  endfacet
  facet normal 0.99144 -0.130562 0
    outer loop
      vertex 99.7955 76.4471 3
      vertex 100 78 1.4
      vertex 100 78 3
    endloop
  endfacet
  facet normal 0.99144 -0.130562 0
    outer loop
      vertex 100 78 1.4
      vertex 99.7955 76.4471 3
      vertex 99.7955 76.4471 1.4
    endloop
  endfacet
  facet normal -1 0 0
    outer loop
      vertex 0 78 1.4
      vertex 0 118 3
      vertex 0 118 1.4
    endloop
  endfacet
  facet normal -1 -0 0
    outer loop
      vertex 0 118 3
      vertex 0 78 1.4
      vertex 0 78 3
    endloop
  endfacet
  facet normal 0.791274 0.607047 -0.0733469
    outer loop
      vertex 99.1962 121 1.4
      vertex 98.2325 122.232 1.2
      vertex 98.2426 122.243 1.4
    endloop
  endfacet
  facet normal -0.988944 -0.130192 -0.0709918
    outer loop
      vertex 0.204437 76.4471 1.4
      vertex 0.0143585 78 1.2
      vertex 0.218307 76.4508 1.2
    endloop
  endfacet
  facet normal 0.381731 -0.921516 -0.0713371
    outer loop
      vertex 97 72.8038 1.4
      vertex 95.5492 72.2183 1.2
      vertex 96.9928 72.8163 1.2
    endloop
  endfacet
  facet normal -0.382028 0.921374 -0.0715828
    outer loop
      vertex 4.45079 123.782 1.2
      vertex 3 123.196 1.4
      vertex 4.44708 123.796 1.4
    endloop
  endfacet
  facet normal 0.608568 0.793502 -0
    outer loop
      vertex 98.2426 122.243 1.4
      vertex 97 123.196 3
      vertex 98.2426 122.243 3
    endloop
  endfacet
  facet normal 0.608568 0.793502 0
    outer loop
      vertex 97 123.196 3
      vertex 98.2426 122.243 1.4
      vertex 97 123.196 1.4
    endloop
  endfacet
  facet normal 0.381793 0.921665 -0.0690445
    outer loop
      vertex 96.9928 123.184 1.2
      vertex 95.5492 123.782 1.2
      vertex 97 123.196 1.4
    endloop
  endfacet
  facet normal 0.921516 -0.381731 -0.0713371
    outer loop
      vertex 99.1962 75 1.4
      vertex 99.1837 75.0072 1.2
      vertex 99.7817 76.4508 1.2
    endloop
  endfacet
  facet normal -0.38301 0.923744 0
    outer loop
      vertex 4.44708 123.796 1.4
      vertex 3 123.196 3
      vertex 4.44708 123.796 3
    endloop
  endfacet
  facet normal -0.38301 0.923744 0
    outer loop
      vertex 3 123.196 3
      vertex 4.44708 123.796 1.4
      vertex 3 123.196 1.4
    endloop
  endfacet
  facet normal -0.791355 -0.607212 -0.0710661
    outer loop
      vertex 1.7675 73.7675 1.2
      vertex 0.803833 75 1.4
      vertex 0.816269 75.0072 1.2
    endloop
  endfacet
  facet normal 0 -0.997418 -0.0718141
    outer loop
      vertex 5.99998 72.0144 1.2
      vertex 94 72 1.4
      vertex 6 72 1.4
    endloop
  endfacet
  facet normal 0 -0.997418 -0.0718141
    outer loop
      vertex 94 72 1.4
      vertex 5.99998 72.0144 1.2
      vertex 94 72.0144 1.2
    endloop
  endfacet
  facet normal -0.607267 -0.791339 -0.0707814
    outer loop
      vertex 3 72.8038 1.4
      vertex 1.75735 73.7574 1.4
      vertex 1.7675 73.7675 1.2
    endloop
  endfacet
  facet normal -0.988941 0.130209 -0.0709986
    outer loop
      vertex 0.0143585 118 1.2
      vertex 0 118 1.4
      vertex 0.218307 119.549 1.2
    endloop
  endfacet
  facet normal -0.921544 -0.381718 -0.0710435
    outer loop
      vertex 0.803833 75 1.4
      vertex 0.218307 76.4508 1.2
      vertex 0.816269 75.0072 1.2
    endloop
  endfacet
  facet normal -0.38179 0.921671 -0.0689874
    outer loop
      vertex 3.00717 123.184 1.2
      vertex 3 123.196 1.4
      vertex 4.45079 123.782 1.2
    endloop
  endfacet
  facet normal 0.38171 -0.921543 -0.0711089
    outer loop
      vertex 95.5529 72.2044 1.4
      vertex 95.5492 72.2183 1.2
      vertex 97 72.8038 1.4
    endloop
  endfacet
  facet normal -0.923882 -0.382677 0
    outer loop
      vertex 0.803833 75 1.4
      vertex 0.204437 76.4471 3
      vertex 0.204437 76.4471 1.4
    endloop
  endfacet
  facet normal -0.923882 -0.382677 0
    outer loop
      vertex 0.204437 76.4471 3
      vertex 0.803833 75 1.4
      vertex 0.803833 75 3
    endloop
  endfacet
  facet normal -0.382683 -0.92388 0
    outer loop
      vertex 3 72.8038 1.4
      vertex 4.44708 72.2044 3
      vertex 3 72.8038 3
    endloop
  endfacet
  facet normal -0.382683 -0.92388 -0
    outer loop
      vertex 4.44708 72.2044 3
      vertex 3 72.8038 1.4
      vertex 4.44708 72.2044 1.4
    endloop
  endfacet
  facet normal 0 -1 0
    outer loop
      vertex 6 72 1.4
      vertex 94 72 3
      vertex 6 72 3
    endloop
  endfacet
  facet normal 0 -1 -0
    outer loop
      vertex 94 72 3
      vertex 6 72 1.4
      vertex 94 72 1.4
    endloop
  endfacet
  facet normal -0.921553 -0.381712 -0.0709713
    outer loop
      vertex 0.803833 75 1.4
      vertex 0.204437 76.4471 1.4
      vertex 0.218307 76.4508 1.2
    endloop
  endfacet
  facet normal 0 1 -0
    outer loop
      vertex 94 124 1.4
      vertex 6 124 3
      vertex 94 124 3
    endloop
  endfacet
  facet normal 0 1 0
    outer loop
      vertex 6 124 3
      vertex 94 124 1.4
      vertex 6 124 1.4
    endloop
  endfacet
  facet normal -0.793342 -0.608776 0
    outer loop
      vertex 1.75735 73.7574 1.4
      vertex 0.803833 75 3
      vertex 0.803833 75 1.4
    endloop
  endfacet
  facet normal -0.793342 -0.608776 0
    outer loop
      vertex 0.803833 75 3
      vertex 1.75735 73.7574 1.4
      vertex 1.75735 73.7574 3
    endloop
  endfacet
  facet normal -0.608553 0.793513 0
    outer loop
      vertex 3 123.196 1.4
      vertex 1.75735 122.243 3
      vertex 3 123.196 3
    endloop
  endfacet
  facet normal -0.608553 0.793513 0
    outer loop
      vertex 1.75735 122.243 3
      vertex 3 123.196 1.4
      vertex 1.75735 122.243 1.4
    endloop
  endfacet
  facet normal 0.130499 -0.991448 0
    outer loop
      vertex 94 72 1.4
      vertex 95.5529 72.2044 3
      vertex 94 72 3
    endloop
  endfacet
  facet normal 0.130499 -0.991448 0
    outer loop
      vertex 95.5529 72.2044 3
      vertex 94 72 1.4
      vertex 95.5529 72.2044 1.4
    endloop
  endfacet
  facet normal -0.381714 -0.92154 -0.0711278
    outer loop
      vertex 4.44708 72.2044 1.4
      vertex 3 72.8038 1.4
      vertex 4.45079 72.2183 1.2
    endloop
  endfacet
  facet normal 0.607595 0.791214 -0.0693463
    outer loop
      vertex 98.2325 122.232 1.2
      vertex 96.9928 123.184 1.2
      vertex 97 123.196 1.4
    endloop
  endfacet
  facet normal -0.130246 0.991482 0
    outer loop
      vertex 6 124 1.4
      vertex 4.44708 123.796 3
      vertex 6 124 3
    endloop
  endfacet
  facet normal -0.130246 0.991482 0
    outer loop
      vertex 4.44708 123.796 3
      vertex 6 124 1.4
      vertex 4.44708 123.796 1.4
    endloop
  endfacet
  facet normal 0.382024 0.921378 -0.0715639
    outer loop
      vertex 97 123.196 1.4
      vertex 95.5492 123.782 1.2
      vertex 95.5529 123.796 1.4
    endloop
  endfacet
  facet normal -0.130497 -0.991449 0
    outer loop
      vertex 4.44708 72.2044 1.4
      vertex 6 72 3
      vertex 4.44708 72.2044 3
    endloop
  endfacet
  facet normal -0.130497 -0.991449 -0
    outer loop
      vertex 6 72 3
      vertex 4.44708 72.2044 1.4
      vertex 6 72 1.4
    endloop
  endfacet
  facet normal 0.923895 0.382647 0
    outer loop
      vertex 99.7955 119.553 3
      vertex 99.1962 121 1.4
      vertex 99.1962 121 3
    endloop
  endfacet
  facet normal 0.923895 0.382647 0
    outer loop
      vertex 99.1962 121 1.4
      vertex 99.7955 119.553 3
      vertex 99.7955 119.553 1.4
    endloop
  endfacet
  facet normal 0.382679 -0.923881 0
    outer loop
      vertex 95.5529 72.2044 1.4
      vertex 97 72.8038 3
      vertex 95.5529 72.2044 3
    endloop
  endfacet
  facet normal 0.382679 -0.923881 0
    outer loop
      vertex 97 72.8038 3
      vertex 95.5529 72.2044 1.4
      vertex 97 72.8038 1.4
    endloop
  endfacet
  facet normal -0.381728 -0.921522 -0.0712801
    outer loop
      vertex 4.45079 72.2183 1.2
      vertex 3 72.8038 1.4
      vertex 3.00717 72.8163 1.2
    endloop
  endfacet
  facet normal 0.130168 -0.988936 -0.0711392
    outer loop
      vertex 95.5529 72.2044 1.4
      vertex 94 72 1.4
      vertex 95.5492 72.2183 1.2
    endloop
  endfacet
  facet normal 0.921549 0.381675 -0.0712204
    outer loop
      vertex 99.7817 119.549 1.2
      vertex 99.1962 121 1.4
      vertex 99.7955 119.553 1.4
    endloop
  endfacet
  facet normal 0.923904 -0.382624 0
    outer loop
      vertex 99.1962 75 3
      vertex 99.7955 76.4471 1.4
      vertex 99.7955 76.4471 3
    endloop
  endfacet
  facet normal 0.923904 -0.382624 0
    outer loop
      vertex 99.7955 76.4471 1.4
      vertex 99.1962 75 3
      vertex 99.1962 75 1.4
    endloop
  endfacet
  facet normal -0.791223 0.607455 -0.0704592
    outer loop
      vertex 0.816269 120.993 1.2
      vertex 0.803833 121 1.4
      vertex 1.7675 122.232 1.2
    endloop
  endfacet
  facet normal -0.607202 -0.791348 -0.0712275
    outer loop
      vertex 3 72.8038 1.4
      vertex 1.7675 73.7675 1.2
      vertex 3.00717 72.8163 1.2
    endloop
  endfacet
  facet normal 0.13016 -0.988933 -0.0712032
    outer loop
      vertex 94 72 1.4
      vertex 94 72.0144 1.2
      vertex 95.5492 72.2183 1.2
    endloop
  endfacet
  facet normal -0.988943 -0.130193 -0.0709987
    outer loop
      vertex 0.204437 76.4471 1.4
      vertex 0 78 1.4
      vertex 0.0143585 78 1.2
    endloop
  endfacet
  facet normal -0.793437 0.608653 0
    outer loop
      vertex 0.803833 121 1.4
      vertex 1.75735 122.243 3
      vertex 1.75735 122.243 1.4
    endloop
  endfacet
  facet normal -0.793437 0.608653 0
    outer loop
      vertex 1.75735 122.243 3
      vertex 0.803833 121 1.4
      vertex 0.803833 121 3
    endloop
  endfacet
  facet normal 0.793411 0.608686 0
    outer loop
      vertex 99.1962 121 3
      vertex 98.2426 122.243 1.4
      vertex 98.2426 122.243 3
    endloop
  endfacet
  facet normal 0.793411 0.608686 0
    outer loop
      vertex 98.2426 122.243 1.4
      vertex 99.1962 121 3
      vertex 99.1962 121 1.4
    endloop
  endfacet
  facet normal -0.991446 0.130514 0
    outer loop
      vertex 0 118 1.4
      vertex 0.204437 119.553 3
      vertex 0.204437 119.553 1.4
    endloop
  endfacet
  facet normal -0.991446 0.130514 0
    outer loop
      vertex 0.204437 119.553 3
      vertex 0 118 1.4
      vertex 0 118 3
    endloop
  endfacet
  facet normal 0.988931 0.130176 -0.071203
    outer loop
      vertex 99.9856 118 1.2
      vertex 99.7817 119.549 1.2
      vertex 100 118 1.4
    endloop
  endfacet
  facet normal 0.988933 -0.13016 -0.0712032
    outer loop
      vertex 100 78 1.4
      vertex 99.7817 76.4508 1.2
      vertex 99.9856 78 1.2
    endloop
  endfacet
  facet normal -0.921607 0.381638 -0.0706628
    outer loop
      vertex 0.816269 120.993 1.2
      vertex 0.218307 119.549 1.2
      vertex 0.803833 121 1.4
    endloop
  endfacet
  facet normal 1 -0 0
    outer loop
      vertex 100 78 3
      vertex 100 118 1.4
      vertex 100 118 3
    endloop
  endfacet
  facet normal 1 0 0
    outer loop
      vertex 100 118 1.4
      vertex 100 78 3
      vertex 100 78 1.4
    endloop
  endfacet
  facet normal 0.383006 0.923746 -0
    outer loop
      vertex 97 123.196 1.4
      vertex 95.5529 123.796 3
      vertex 97 123.196 3
    endloop
  endfacet
  facet normal 0.383006 0.923746 0
    outer loop
      vertex 95.5529 123.796 3
      vertex 97 123.196 1.4
      vertex 95.5529 123.796 1.4
    endloop
  endfacet
  facet normal -0.791288 0.607005 -0.0735431
    outer loop
      vertex 1.7675 122.232 1.2
      vertex 0.803833 121 1.4
      vertex 1.75735 122.243 1.4
    endloop
  endfacet
  facet normal 0.791335 -0.607289 -0.0706305
    outer loop
      vertex 98.2426 73.7574 1.4
      vertex 98.2325 73.7675 1.2
      vertex 99.1962 75 1.4
    endloop
  endfacet
  facet normal -0.991445 -0.130522 0
    outer loop
      vertex 0.204437 76.4471 1.4
      vertex 0 78 3
      vertex 0 78 1.4
    endloop
  endfacet
  facet normal -0.991445 -0.130522 0
    outer loop
      vertex 0 78 3
      vertex 0.204437 76.4471 1.4
      vertex 0.204437 76.4471 3
    endloop
  endfacet
  facet normal 0.988963 -0.130236 -0.0706478
    outer loop
      vertex 99.7955 76.4471 1.4
      vertex 99.7817 76.4508 1.2
      vertex 100 78 1.4
    endloop
  endfacet
  facet normal -0.608794 -0.793328 0
    outer loop
      vertex 1.75735 73.7574 1.4
      vertex 3 72.8038 3
      vertex 1.75735 73.7574 3
    endloop
  endfacet
  facet normal -0.608794 -0.793328 -0
    outer loop
      vertex 3 72.8038 3
      vertex 1.75735 73.7574 1.4
      vertex 3 72.8038 1.4
    endloop
  endfacet
  facet normal -0.921506 0.381719 -0.0715408
    outer loop
      vertex 0.218307 119.549 1.2
      vertex 0.204437 119.553 1.4
      vertex 0.803833 121 1.4
    endloop
  endfacet
  facet normal 0.921579 0.381651 -0.0709565
    outer loop
      vertex 99.7817 119.549 1.2
      vertex 99.1837 120.993 1.2
      vertex 99.1962 121 1.4
    endloop
  endfacet
  facet normal 0.991441 0.130554 0
    outer loop
      vertex 100 118 3
      vertex 99.7955 119.553 1.4
      vertex 99.7955 119.553 3
    endloop
  endfacet
  facet normal 0.991441 0.130554 0
    outer loop
      vertex 99.7955 119.553 1.4
      vertex 100 118 3
      vertex 100 118 1.4
    endloop
  endfacet
  facet normal -0.988931 0.130183 -0.071186
    outer loop
      vertex 0.218307 119.549 1.2
      vertex 0 118 1.4
      vertex 0.204437 119.553 1.4
    endloop
  endfacet
  facet normal -0.129912 0.988934 -0.0716353
    outer loop
      vertex 4.45079 123.782 1.2
      vertex 4.44708 123.796 1.4
      vertex 6 124 1.4
    endloop
  endfacet
  facet normal -0.997433 0 -0.0716082
    outer loop
      vertex 0.0143585 118 1.2
      vertex 0 78 1.4
      vertex 0 118 1.4
    endloop
  endfacet
  facet normal -0.997433 0 -0.0716082
    outer loop
      vertex 0 78 1.4
      vertex 0.0143585 118 1.2
      vertex 0.0143585 78 1.2
    endloop
  endfacet
  facet normal -0.60687 0.791319 -0.0743212
    outer loop
      vertex 1.7675 122.232 1.2
      vertex 1.75735 122.243 1.4
      vertex 3 123.196 1.4
    endloop
  endfacet
  facet normal 0.997418 0 -0.0718141
    outer loop
      vertex 100 78 1.4
      vertex 99.9856 118 1.2
      vertex 100 118 1.4
    endloop
  endfacet
  facet normal 0.997418 0 -0.0718141
    outer loop
      vertex 99.9856 118 1.2
      vertex 100 78 1.4
      vertex 99.9856 78 1.2
    endloop
  endfacet
  facet normal 0.921595 -0.381668 -0.0706509
    outer loop
      vertex 99.7955 76.4471 1.4
      vertex 99.1962 75 1.4
      vertex 99.7817 76.4508 1.2
    endloop
  endfacet
  facet normal 0.79135 -0.607189 -0.0713182
    outer loop
      vertex 99.1962 75 1.4
      vertex 98.2325 73.7675 1.2
      vertex 99.1837 75.0072 1.2
    endloop
  endfacet
  facet normal -0.607608 0.791212 -0.0692555
    outer loop
      vertex 3.00717 123.184 1.2
      vertex 1.7675 122.232 1.2
      vertex 3 123.196 1.4
    endloop
  endfacet
  facet normal 0.607289 -0.791335 -0.0706305
    outer loop
      vertex 98.2426 73.7574 1.4
      vertex 97 72.8038 1.4
      vertex 98.2325 73.7675 1.2
    endloop
  endfacet
  facet normal 0.607189 -0.79135 -0.0713182
    outer loop
      vertex 97 72.8038 1.4
      vertex 96.9928 72.8163 1.2
      vertex 98.2325 73.7675 1.2
    endloop
  endfacet
  facet normal 0 0 1
    outer loop
      vertex 23 93 3
      vertex 5.74548 76.6141 3
      vertex 5.8 76.2 3
    endloop
  endfacet
  facet normal 0 0 1
    outer loop
      vertex 6.375 95.6184 3
      vertex 5.58564 77 3
      vertex 5.74548 76.6141 3
    endloop
  endfacet
  facet normal 0 0 1
    outer loop
      vertex 0 78 3
      vertex 5.80546 96.0555 3
      vertex 5.36843 96.625 3
    endloop
  endfacet
  facet normal 0 0 1
    outer loop
      vertex 6.375 95.6184 3
      vertex 5.33137 77.3314 3
      vertex 5.58564 77 3
    endloop
  endfacet
  facet normal 0 0 1
    outer loop
      vertex 0 78 3
      vertex 5.36843 96.625 3
      vertex 5.0937 97.2882 3
    endloop
  endfacet
  facet normal 0 0 1
    outer loop
      vertex 0 78 3
      vertex 5.0937 97.2882 3
      vertex 5 98 3
    endloop
  endfacet
  facet normal 0 0 1
    outer loop
      vertex 6.375 95.6184 3
      vertex 5 77.5856 3
      vertex 5.33137 77.3314 3
    endloop
  endfacet
  facet normal 0 0 1
    outer loop
      vertex 8.46175 100.656 3
      vertex 5 118.414 3
      vertex 7.75 100.75 3
    endloop
  endfacet
  facet normal -0 0 1
    outer loop
      vertex 4.61411 118.255 3
      vertex 7.75 100.75 3
      vertex 5 118.414 3
    endloop
  endfacet
  facet normal 0 0 1
    outer loop
      vertex 7.75 100.75 3
      vertex 4.61411 118.255 3
      vertex 7.03825 100.656 3
    endloop
  endfacet
  facet normal -0 0 1
    outer loop
      vertex 4.2 118.2 3
      vertex 7.03825 100.656 3
      vertex 4.61411 118.255 3
    endloop
  endfacet
  facet normal 0 0 1
    outer loop
      vertex 7.03825 100.656 3
      vertex 4.2 118.2 3
      vertex 6.375 100.382 3
    endloop
  endfacet
  facet normal 0 0 1
    outer loop
      vertex 3.78589 118.255 3
      vertex 6.375 100.382 3
      vertex 4.2 118.2 3
    endloop
  endfacet
  facet normal -0 0 1
    outer loop
      vertex 0 118 3
      vertex 6.375 100.382 3
      vertex 3.78589 118.255 3
    endloop
  endfacet
  facet normal 0 0 1
    outer loop
      vertex 6.375 100.382 3
      vertex 0 118 3
      vertex 5.80546 99.9445 3
    endloop
  endfacet
  facet normal 0 0 1
    outer loop
      vertex 5.80546 99.9445 3
      vertex 0 118 3
      vertex 5.36843 99.375 3
    endloop
  endfacet
  facet normal 0 0 1
    outer loop
      vertex 6.375 95.6184 3
      vertex 4.61411 77.7455 3
      vertex 5 77.5856 3
    endloop
  endfacet
  facet normal 0 0 1
    outer loop
      vertex 5.0937 98.7118 3
      vertex 0 118 3
      vertex 5 98 3
    endloop
  endfacet
  facet normal 0 0 1
    outer loop
      vertex 6.375 95.6184 3
      vertex 4.2 77.8 3
      vertex 4.61411 77.7455 3
    endloop
  endfacet
  facet normal 0 0 1
    outer loop
      vertex 5.36843 99.375 3
      vertex 0 118 3
      vertex 5.0937 98.7118 3
    endloop
  endfacet
  facet normal 0 0 1
    outer loop
      vertex 0 78 3
      vertex 5 98 3
      vertex 0 118 3
    endloop
  endfacet
  facet normal 0 0 1
    outer loop
      vertex 0 118 3
      vertex 3.78589 118.255 3
      vertex 3.4 118.414 3
    endloop
  endfacet
  facet normal 0 0 1
    outer loop
      vertex 6.375 95.6184 3
      vertex 0 78 3
      vertex 3.78589 77.7455 3
    endloop
  endfacet
  facet normal 0 0 1
    outer loop
      vertex 0 118 3
      vertex 3.4 118.414 3
      vertex 3.06863 118.669 3
    endloop
  endfacet
  facet normal 0 0 1
    outer loop
      vertex 6.375 95.6184 3
      vertex 3.78589 77.7455 3
      vertex 4.2 77.8 3
    endloop
  endfacet
  facet normal 0 0 1
    outer loop
      vertex 0 118 3
      vertex 3.06863 118.669 3
      vertex 2.81436 119 3
    endloop
  endfacet
  facet normal 0 0 1
    outer loop
      vertex 3.78589 77.7455 3
      vertex 0 78 3
      vertex 3.4 77.5856 3
    endloop
  endfacet
  facet normal 0 0 1
    outer loop
      vertex 0 118 3
      vertex 2.81436 119 3
      vertex 2.65452 119.386 3
    endloop
  endfacet
  facet normal 0 0 1
    outer loop
      vertex 3.4 77.5856 3
      vertex 0 78 3
      vertex 3.06863 77.3314 3
    endloop
  endfacet
  facet normal 0 0 1
    outer loop
      vertex 0 118 3
      vertex 2.65452 119.386 3
      vertex 2.6 119.8 3
    endloop
  endfacet
  facet normal 0 0 1
    outer loop
      vertex 3.06863 77.3314 3
      vertex 0 78 3
      vertex 2.81436 77 3
    endloop
  endfacet
  facet normal 0 0 1
    outer loop
      vertex 23 93.1317 3
      vertex 22.7059 93.1704 3
      vertex 23 93 3
    endloop
  endfacet
  facet normal 0 0 1
    outer loop
      vertex 94.6686 77.3314 3
      vertex 78.5 93.6699 3
      vertex 94.4144 77 3
    endloop
  endfacet
  facet normal -0 0 1
    outer loop
      vertex 77 93 3
      vertex 94.4144 77 3
      vertex 78.5 93.6699 3
    endloop
  endfacet
  facet normal 0 0 1
    outer loop
      vertex 94.4144 77 3
      vertex 77 93 3
      vertex 94.2545 76.6141 3
    endloop
  endfacet
  facet normal 0 0 1
    outer loop
      vertex 94.2545 76.6141 3
      vertex 77 93 3
      vertex 94.2 76.2 3
    endloop
  endfacet
  facet normal 0 0 1
    outer loop
      vertex 77 93 3
      vertex 78.5 93.6699 3
      vertex 77.2941 93.1704 3
    endloop
  endfacet
  facet normal 0 0 1
    outer loop
      vertex 77 93 3
      vertex 77.2941 93.1704 3
      vertex 77 93.1317 3
    endloop
  endfacet
  facet normal -0 0 1
    outer loop
      vertex 76 93 3
      vertex 94.2 76.2 3
      vertex 77 93 3
    endloop
  endfacet
  facet normal 0 0 1
    outer loop
      vertex 94.2 76.2 3
      vertex 76 93 3
      vertex 94 72 3
    endloop
  endfacet
  facet normal -0 0 1
    outer loop
      vertex 24 93 3
      vertex 94 72 3
      vertex 76 93 3
    endloop
  endfacet
  facet normal 0 0 1
    outer loop
      vertex 5.8 76.2 3
      vertex 24 93 3
      vertex 23 93 3
    endloop
  endfacet
  facet normal 0 0 1
    outer loop
      vertex 21.5 93.6699 3
      vertex 23 93 3
      vertex 22.7059 93.1704 3
    endloop
  endfacet
  facet normal 0 0 1
    outer loop
      vertex 10.4063 97.2882 3
      vertex 19 98 3
      vertex 10.5 98 3
    endloop
  endfacet
  facet normal 0 0 1
    outer loop
      vertex 19 98 3
      vertex 10.4063 97.2882 3
      vertex 19.1704 96.7059 3
    endloop
  endfacet
  facet normal 0 0 1
    outer loop
      vertex 10.1316 96.625 3
      vertex 19.1704 96.7059 3
      vertex 10.4063 97.2882 3
    endloop
  endfacet
  facet normal 0 0 1
    outer loop
      vertex 19.1704 96.7059 3
      vertex 10.1316 96.625 3
      vertex 19.6699 95.5 3
    endloop
  endfacet
  facet normal -0 0 1
    outer loop
      vertex 9.69454 96.0555 3
      vertex 19.6699 95.5 3
      vertex 10.1316 96.625 3
    endloop
  endfacet
  facet normal 0 0 1
    outer loop
      vertex 19.6699 95.5 3
      vertex 9.69454 96.0555 3
      vertex 20.4645 94.4645 3
    endloop
  endfacet
  facet normal -0 0 1
    outer loop
      vertex 9.125 95.6184 3
      vertex 20.4645 94.4645 3
      vertex 9.69454 96.0555 3
    endloop
  endfacet
  facet normal 0 0 1
    outer loop
      vertex 5.74548 76.6141 3
      vertex 20.4645 94.4645 3
      vertex 9.125 95.6184 3
    endloop
  endfacet
  facet normal 0 0 1
    outer loop
      vertex 20.4645 94.4645 3
      vertex 5.74548 76.6141 3
      vertex 21.5 93.6699 3
    endloop
  endfacet
  facet normal 0 0 1
    outer loop
      vertex 5.74548 76.6141 3
      vertex 23 93 3
      vertex 21.5 93.6699 3
    endloop
  endfacet
  facet normal 0 0 1
    outer loop
      vertex 5.74548 76.6141 3
      vertex 9.125 95.6184 3
      vertex 8.46175 95.3437 3
    endloop
  endfacet
  facet normal 0 0 1
    outer loop
      vertex 5.74548 76.6141 3
      vertex 8.46175 95.3437 3
      vertex 7.75 95.25 3
    endloop
  endfacet
  facet normal 0 0 1
    outer loop
      vertex 5.74548 76.6141 3
      vertex 7.75 95.25 3
      vertex 7.03825 95.3437 3
    endloop
  endfacet
  facet normal 0 0 1
    outer loop
      vertex 24 93 3
      vertex 5.8 76.2 3
      vertex 6 72 3
    endloop
  endfacet
  facet normal 0 0 1
    outer loop
      vertex 5.74548 76.6141 3
      vertex 7.03825 95.3437 3
      vertex 6.375 95.6184 3
    endloop
  endfacet
  facet normal 0 0 1
    outer loop
      vertex 0 78 3
      vertex 6.375 95.6184 3
      vertex 5.80546 96.0555 3
    endloop
  endfacet
  facet normal 0 0 1
    outer loop
      vertex 24 93 3
      vertex 6 72 3
      vertex 94 72 3
    endloop
  endfacet
  facet normal -0 0 1
    outer loop
      vertex 5.74548 75.7859 3
      vertex 6 72 3
      vertex 5.8 76.2 3
    endloop
  endfacet
  facet normal -0 0 1
    outer loop
      vertex 5.58564 75.4 3
      vertex 6 72 3
      vertex 5.74548 75.7859 3
    endloop
  endfacet
  facet normal -0 0 1
    outer loop
      vertex 5.33137 75.0686 3
      vertex 6 72 3
      vertex 5.58564 75.4 3
    endloop
  endfacet
  facet normal -0 0 1
    outer loop
      vertex 5 74.8144 3
      vertex 6 72 3
      vertex 5.33137 75.0686 3
    endloop
  endfacet
  facet normal 0 0 1
    outer loop
      vertex 4.44708 72.2044 3
      vertex 5 74.8144 3
      vertex 4.61411 74.6545 3
    endloop
  endfacet
  facet normal 0 0 1
    outer loop
      vertex 5 74.8144 3
      vertex 4.44708 72.2044 3
      vertex 6 72 3
    endloop
  endfacet
  facet normal -0 0 1
    outer loop
      vertex 4.2 74.6 3
      vertex 4.44708 72.2044 3
      vertex 4.61411 74.6545 3
    endloop
  endfacet
  facet normal 0 0 1
    outer loop
      vertex 3 72.8038 3
      vertex 4.2 74.6 3
      vertex 3.78589 74.6545 3
    endloop
  endfacet
  facet normal 0 0 1
    outer loop
      vertex 3 72.8038 3
      vertex 3.78589 74.6545 3
      vertex 3.4 74.8144 3
    endloop
  endfacet
  facet normal 0 0 1
    outer loop
      vertex 1.75735 73.7574 3
      vertex 3.4 74.8144 3
      vertex 3.06863 75.0686 3
    endloop
  endfacet
  facet normal 0 0 1
    outer loop
      vertex 4.2 74.6 3
      vertex 3 72.8038 3
      vertex 4.44708 72.2044 3
    endloop
  endfacet
  facet normal 0 0 1
    outer loop
      vertex 1.75735 73.7574 3
      vertex 3.06863 75.0686 3
      vertex 2.81436 75.4 3
    endloop
  endfacet
  facet normal 0 0 1
    outer loop
      vertex 0.803833 75 3
      vertex 2.81436 75.4 3
      vertex 2.65452 75.7859 3
    endloop
  endfacet
  facet normal 0 0 1
    outer loop
      vertex 0.803833 75 3
      vertex 2.65452 75.7859 3
      vertex 2.6 76.2 3
    endloop
  endfacet
  facet normal 0 0 1
    outer loop
      vertex 3.4 74.8144 3
      vertex 1.75735 73.7574 3
      vertex 3 72.8038 3
    endloop
  endfacet
  facet normal 0 -0 1
    outer loop
      vertex 0.204437 76.4471 3
      vertex 2.81436 77 3
      vertex 0 78 3
    endloop
  endfacet
  facet normal 0 0 1
    outer loop
      vertex 0 118 3
      vertex 1.75735 122.243 3
      vertex 0.803833 121 3
    endloop
  endfacet
  facet normal 0 0 1
    outer loop
      vertex 2.81436 77 3
      vertex 0.204437 76.4471 3
      vertex 2.65452 76.6141 3
    endloop
  endfacet
  facet normal 0 0 1
    outer loop
      vertex 0 118 3
      vertex 0.803833 121 3
      vertex 0.204437 119.553 3
    endloop
  endfacet
  facet normal 0 0 1
    outer loop
      vertex 2.65452 76.6141 3
      vertex 0.204437 76.4471 3
      vertex 2.6 76.2 3
    endloop
  endfacet
  facet normal 0 0 1
    outer loop
      vertex 2.81436 75.4 3
      vertex 0.803833 75 3
      vertex 1.75735 73.7574 3
    endloop
  endfacet
  facet normal 0 0 1
    outer loop
      vertex 2.6 76.2 3
      vertex 0.204437 76.4471 3
      vertex 0.803833 75 3
    endloop
  endfacet
  facet normal 0 0 1
    outer loop
      vertex 77.2941 102.83 3
      vertex 77 103 3
      vertex 77 102.868 3
    endloop
  endfacet
  facet normal -0 0 1
    outer loop
      vertex 96.9314 118.669 3
      vertex 100 118 3
      vertex 97.1856 119 3
    endloop
  endfacet
  facet normal 0 0 1
    outer loop
      vertex 100 78 3
      vertex 97.3455 76.6141 3
      vertex 97.4 76.2 3
    endloop
  endfacet
  facet normal -0 0 1
    outer loop
      vertex 96.6 118.414 3
      vertex 100 118 3
      vertex 96.9314 118.669 3
    endloop
  endfacet
  facet normal 0 0 1
    outer loop
      vertex 100 78 3
      vertex 97.1856 77 3
      vertex 97.3455 76.6141 3
    endloop
  endfacet
  facet normal -0 0 1
    outer loop
      vertex 96.2141 118.255 3
      vertex 100 118 3
      vertex 96.6 118.414 3
    endloop
  endfacet
  facet normal 0 0 1
    outer loop
      vertex 100 78 3
      vertex 96.9314 77.3314 3
      vertex 97.1856 77 3
    endloop
  endfacet
  facet normal -0 0 1
    outer loop
      vertex 95.8 118.2 3
      vertex 100 118 3
      vertex 96.2141 118.255 3
    endloop
  endfacet
  facet normal 0 0 1
    outer loop
      vertex 100 78 3
      vertex 96.6 77.5856 3
      vertex 96.9314 77.3314 3
    endloop
  endfacet
  facet normal 0 0 1
    outer loop
      vertex 100 118 3
      vertex 81 98 3
      vertex 100 78 3
    endloop
  endfacet
  facet normal 0 0 1
    outer loop
      vertex 100 78 3
      vertex 96.2141 77.7455 3
      vertex 96.6 77.5856 3
    endloop
  endfacet
  facet normal 0 0 1
    outer loop
      vertex 80.8296 99.2941 3
      vertex 100 118 3
      vertex 95.8 118.2 3
    endloop
  endfacet
  facet normal -0 0 1
    outer loop
      vertex 80.8296 96.7059 3
      vertex 100 78 3
      vertex 81 98 3
    endloop
  endfacet
  facet normal 0 0 1
    outer loop
      vertex 80.8296 99.2941 3
      vertex 95.8 118.2 3
      vertex 95.3859 118.255 3
    endloop
  endfacet
  facet normal 0 0 1
    outer loop
      vertex 100 78 3
      vertex 95.8 77.8 3
      vertex 96.2141 77.7455 3
    endloop
  endfacet
  facet normal 0 0 1
    outer loop
      vertex 80.3301 100.5 3
      vertex 95.3859 118.255 3
      vertex 95 118.414 3
    endloop
  endfacet
  facet normal 0 0 1
    outer loop
      vertex 100 78 3
      vertex 80.8296 96.7059 3
      vertex 95.8 77.8 3
    endloop
  endfacet
  facet normal 0 0 1
    outer loop
      vertex 79.5355 101.536 3
      vertex 95 118.414 3
      vertex 94.6686 118.669 3
    endloop
  endfacet
  facet normal 0 0 1
    outer loop
      vertex 95.8 77.8 3
      vertex 80.8296 96.7059 3
      vertex 95.3859 77.7455 3
    endloop
  endfacet
  facet normal 0 0 1
    outer loop
      vertex 78.5 102.33 3
      vertex 94.6686 118.669 3
      vertex 94.4144 119 3
    endloop
  endfacet
  facet normal -0 0 1
    outer loop
      vertex 80.3301 95.5 3
      vertex 95.3859 77.7455 3
      vertex 80.8296 96.7059 3
    endloop
  endfacet
  facet normal 0 0 1
    outer loop
      vertex 77 103 3
      vertex 94.4144 119 3
      vertex 94.2545 119.386 3
    endloop
  endfacet
  facet normal 0 0 1
    outer loop
      vertex 95.3859 77.7455 3
      vertex 80.3301 95.5 3
      vertex 95 77.5856 3
    endloop
  endfacet
  facet normal 0 0 1
    outer loop
      vertex 77 103 3
      vertex 94.2545 119.386 3
      vertex 94.2 119.8 3
    endloop
  endfacet
  facet normal -0 0 1
    outer loop
      vertex 79.5355 94.4645 3
      vertex 95 77.5856 3
      vertex 80.3301 95.5 3
    endloop
  endfacet
  facet normal 0 0 1
    outer loop
      vertex 97.3455 119.386 3
      vertex 99.7955 119.553 3
      vertex 97.4 119.8 3
    endloop
  endfacet
  facet normal 0 0 1
    outer loop
      vertex 97.1856 119 3
      vertex 99.7955 119.553 3
      vertex 97.3455 119.386 3
    endloop
  endfacet
  facet normal -0 0 1
    outer loop
      vertex 97.4 119.8 3
      vertex 99.7955 119.553 3
      vertex 99.1962 121 3
    endloop
  endfacet
  facet normal 0 0 1
    outer loop
      vertex 99.7955 119.553 3
      vertex 97.1856 119 3
      vertex 100 118 3
    endloop
  endfacet
  facet normal 0 0 1
    outer loop
      vertex 97.1856 120.6 3
      vertex 99.1962 121 3
      vertex 98.2426 122.243 3
    endloop
  endfacet
  facet normal 0 0 1
    outer loop
      vertex 100 78 3
      vertex 97.4 76.2 3
      vertex 99.7955 76.4471 3
    endloop
  endfacet
  facet normal 0 0 1
    outer loop
      vertex 99.7955 76.4471 3
      vertex 97.4 76.2 3
      vertex 99.1962 75 3
    endloop
  endfacet
  facet normal 0 0 1
    outer loop
      vertex 99.1962 121 3
      vertex 97.3455 120.214 3
      vertex 97.4 119.8 3
    endloop
  endfacet
  facet normal 0 0 1
    outer loop
      vertex 99.1962 121 3
      vertex 97.1856 120.6 3
      vertex 97.3455 120.214 3
    endloop
  endfacet
  facet normal 0 0 1
    outer loop
      vertex 96.6 121.186 3
      vertex 98.2426 122.243 3
      vertex 97 123.196 3
    endloop
  endfacet
  facet normal 0 0 1
    outer loop
      vertex 98.2426 122.243 3
      vertex 96.9314 120.931 3
      vertex 97.1856 120.6 3
    endloop
  endfacet
  facet normal 0 0 1
    outer loop
      vertex 98.2426 122.243 3
      vertex 96.6 121.186 3
      vertex 96.9314 120.931 3
    endloop
  endfacet
  facet normal 0 0 1
    outer loop
      vertex 97 123.196 3
      vertex 96.2141 121.345 3
      vertex 96.6 121.186 3
    endloop
  endfacet
  facet normal 0 0 1
    outer loop
      vertex 97 123.196 3
      vertex 95.8 121.4 3
      vertex 96.2141 121.345 3
    endloop
  endfacet
  facet normal 0 0 1
    outer loop
      vertex 95.5529 123.796 3
      vertex 95.8 121.4 3
      vertex 97 123.196 3
    endloop
  endfacet
  facet normal 0 0 1
    outer loop
      vertex 95.5529 123.796 3
      vertex 95.3859 121.345 3
      vertex 95.8 121.4 3
    endloop
  endfacet
  facet normal 0 0 1
    outer loop
      vertex 95.5529 123.796 3
      vertex 95 121.186 3
      vertex 95.3859 121.345 3
    endloop
  endfacet
  facet normal 0 0 1
    outer loop
      vertex 94 124 3
      vertex 95 121.186 3
      vertex 95.5529 123.796 3
    endloop
  endfacet
  facet normal 0 0 1
    outer loop
      vertex 95 121.186 3
      vertex 94 124 3
      vertex 94.6686 120.931 3
    endloop
  endfacet
  facet normal 0 0 1
    outer loop
      vertex 94.6686 120.931 3
      vertex 94 124 3
      vertex 94.4144 120.6 3
    endloop
  endfacet
  facet normal 0 0 1
    outer loop
      vertex 76 103 3
      vertex 94.2 119.8 3
      vertex 94 124 3
    endloop
  endfacet
  facet normal 0 0 1
    outer loop
      vertex 94.2545 120.214 3
      vertex 94 124 3
      vertex 94.2 119.8 3
    endloop
  endfacet
  facet normal 0 0 1
    outer loop
      vertex 94.4144 120.6 3
      vertex 94 124 3
      vertex 94.2545 120.214 3
    endloop
  endfacet
  facet normal -0 0 1
    outer loop
      vertex 97.3455 75.7859 3
      vertex 99.1962 75 3
      vertex 97.4 76.2 3
    endloop
  endfacet
  facet normal -0 0 1
    outer loop
      vertex 97.1856 75.4 3
      vertex 99.1962 75 3
      vertex 97.3455 75.7859 3
    endloop
  endfacet
  facet normal 0 0 1
    outer loop
      vertex 99.1962 75 3
      vertex 97.1856 75.4 3
      vertex 98.2426 73.7574 3
    endloop
  endfacet
  facet normal -0 0 1
    outer loop
      vertex 96.9314 75.0686 3
      vertex 98.2426 73.7574 3
      vertex 97.1856 75.4 3
    endloop
  endfacet
  facet normal -0 0 1
    outer loop
      vertex 96.6 74.8144 3
      vertex 98.2426 73.7574 3
      vertex 96.9314 75.0686 3
    endloop
  endfacet
  facet normal 0 0 1
    outer loop
      vertex 98.2426 73.7574 3
      vertex 96.6 74.8144 3
      vertex 97 72.8038 3
    endloop
  endfacet
  facet normal -0 0 1
    outer loop
      vertex 96.2141 74.6545 3
      vertex 97 72.8038 3
      vertex 96.6 74.8144 3
    endloop
  endfacet
  facet normal -0 0 1
    outer loop
      vertex 95.8 74.6 3
      vertex 97 72.8038 3
      vertex 96.2141 74.6545 3
    endloop
  endfacet
  facet normal 0 0 1
    outer loop
      vertex 95.8 74.6 3
      vertex 95.5529 72.2044 3
      vertex 97 72.8038 3
    endloop
  endfacet
  facet normal 0 0 1
    outer loop
      vertex 95.3859 74.6545 3
      vertex 95.5529 72.2044 3
      vertex 95.8 74.6 3
    endloop
  endfacet
  facet normal 0 0 1
    outer loop
      vertex 95 74.8144 3
      vertex 95.5529 72.2044 3
      vertex 95.3859 74.6545 3
    endloop
  endfacet
  facet normal 0 0 1
    outer loop
      vertex 94 72 3
      vertex 95 74.8144 3
      vertex 94.6686 75.0686 3
    endloop
  endfacet
  facet normal 0 0 1
    outer loop
      vertex 94 72 3
      vertex 94.6686 75.0686 3
      vertex 94.4144 75.4 3
    endloop
  endfacet
  facet normal 0 0 1
    outer loop
      vertex 94 72 3
      vertex 94.4144 75.4 3
      vertex 94.2545 75.7859 3
    endloop
  endfacet
  facet normal 0 0 1
    outer loop
      vertex 95 74.8144 3
      vertex 94 72 3
      vertex 95.5529 72.2044 3
    endloop
  endfacet
  facet normal 0 0 1
    outer loop
      vertex 94.2 76.2 3
      vertex 94 72 3
      vertex 94.2545 75.7859 3
    endloop
  endfacet
  facet normal 0 0 1
    outer loop
      vertex 95 77.5856 3
      vertex 79.5355 94.4645 3
      vertex 94.6686 77.3314 3
    endloop
  endfacet
  facet normal -0 0 1
    outer loop
      vertex 78.5 93.6699 3
      vertex 94.6686 77.3314 3
      vertex 79.5355 94.4645 3
    endloop
  endfacet
  facet normal 0 0 1
    outer loop
      vertex 100 118 3
      vertex 80.8296 99.2941 3
      vertex 81 98 3
    endloop
  endfacet
  facet normal 0 0 1
    outer loop
      vertex 95.3859 118.255 3
      vertex 80.3301 100.5 3
      vertex 80.8296 99.2941 3
    endloop
  endfacet
  facet normal 0 0 1
    outer loop
      vertex 95 118.414 3
      vertex 79.5355 101.536 3
      vertex 80.3301 100.5 3
    endloop
  endfacet
  facet normal 0 0 1
    outer loop
      vertex 94.6686 118.669 3
      vertex 78.5 102.33 3
      vertex 79.5355 101.536 3
    endloop
  endfacet
  facet normal 0 0 1
    outer loop
      vertex 94.4144 119 3
      vertex 77 103 3
      vertex 78.5 102.33 3
    endloop
  endfacet
  facet normal 0 0 1
    outer loop
      vertex 78.5 102.33 3
      vertex 77 103 3
      vertex 77.2941 102.83 3
    endloop
  endfacet
  facet normal 0 0 1
    outer loop
      vertex 94.2 119.8 3
      vertex 76 103 3
      vertex 77 103 3
    endloop
  endfacet
  facet normal 0 0 1
    outer loop
      vertex 94 124 3
      vertex 24 103 3
      vertex 76 103 3
    endloop
  endfacet
  facet normal -0 0 1
    outer loop
      vertex 6 124 3
      vertex 24 103 3
      vertex 94 124 3
    endloop
  endfacet
  facet normal 0 0 1
    outer loop
      vertex 23 103 3
      vertex 22.7059 102.83 3
      vertex 23 102.868 3
    endloop
  endfacet
  facet normal 0 0 1
    outer loop
      vertex 23 103 3
      vertex 21.5 102.33 3
      vertex 22.7059 102.83 3
    endloop
  endfacet
  facet normal -0 0 1
    outer loop
      vertex 10.4063 98.7118 3
      vertex 19 98 3
      vertex 19.1704 99.2941 3
    endloop
  endfacet
  facet normal -0 0 1
    outer loop
      vertex 10.1316 99.375 3
      vertex 19.1704 99.2941 3
      vertex 19.6699 100.5 3
    endloop
  endfacet
  facet normal 0 0 1
    outer loop
      vertex 9.69454 99.9445 3
      vertex 19.6699 100.5 3
      vertex 20.4645 101.536 3
    endloop
  endfacet
  facet normal 0 0 1
    outer loop
      vertex 23 103 3
      vertex 5.58564 119 3
      vertex 21.5 102.33 3
    endloop
  endfacet
  facet normal -0 0 1
    outer loop
      vertex 5.74548 119.386 3
      vertex 23 103 3
      vertex 5.8 119.8 3
    endloop
  endfacet
  facet normal 0 0 1
    outer loop
      vertex 19 98 3
      vertex 10.4063 98.7118 3
      vertex 10.5 98 3
    endloop
  endfacet
  facet normal 0 0 1
    outer loop
      vertex 19.1704 99.2941 3
      vertex 10.1316 99.375 3
      vertex 10.4063 98.7118 3
    endloop
  endfacet
  facet normal -0 0 1
    outer loop
      vertex 5.8 119.8 3
      vertex 24 103 3
      vertex 6 124 3
    endloop
  endfacet
  facet normal -0 0 1
    outer loop
      vertex 5.58564 119 3
      vertex 23 103 3
      vertex 5.74548 119.386 3
    endloop
  endfacet
  facet normal 0 0 1
    outer loop
      vertex 19.6699 100.5 3
      vertex 9.69454 99.9445 3
      vertex 10.1316 99.375 3
    endloop
  endfacet
  facet normal 0 0 1
    outer loop
      vertex 20.4645 101.536 3
      vertex 9.125 100.382 3
      vertex 9.69454 99.9445 3
    endloop
  endfacet
  facet normal -0 0 1
    outer loop
      vertex 5.33137 118.669 3
      vertex 21.5 102.33 3
      vertex 5.58564 119 3
    endloop
  endfacet
  facet normal 0 0 1
    outer loop
      vertex 21.5 102.33 3
      vertex 5.33137 118.669 3
      vertex 20.4645 101.536 3
    endloop
  endfacet
  facet normal 0 0 1
    outer loop
      vertex 24 103 3
      vertex 5.8 119.8 3
      vertex 23 103 3
    endloop
  endfacet
  facet normal 0 0 1
    outer loop
      vertex 20.4645 101.536 3
      vertex 5.33137 118.669 3
      vertex 9.125 100.382 3
    endloop
  endfacet
  facet normal 0 0 1
    outer loop
      vertex 9.125 100.382 3
      vertex 5.33137 118.669 3
      vertex 8.46175 100.656 3
    endloop
  endfacet
  facet normal -0 0 1
    outer loop
      vertex 5 118.414 3
      vertex 8.46175 100.656 3
      vertex 5.33137 118.669 3
    endloop
  endfacet
  facet normal 0 0 1
    outer loop
      vertex 6 124 3
      vertex 5.74548 120.214 3
      vertex 5.8 119.8 3
    endloop
  endfacet
  facet normal 0 0 1
    outer loop
      vertex 6 124 3
      vertex 5.58564 120.6 3
      vertex 5.74548 120.214 3
    endloop
  endfacet
  facet normal 0 0 1
    outer loop
      vertex 6 124 3
      vertex 5.33137 120.931 3
      vertex 5.58564 120.6 3
    endloop
  endfacet
  facet normal 0 0 1
    outer loop
      vertex 6 124 3
      vertex 5 121.186 3
      vertex 5.33137 120.931 3
    endloop
  endfacet
  facet normal -0 0 1
    outer loop
      vertex 4.44708 123.796 3
      vertex 5 121.186 3
      vertex 6 124 3
    endloop
  endfacet
  facet normal 0 0 1
    outer loop
      vertex 5 121.186 3
      vertex 4.44708 123.796 3
      vertex 4.61411 121.345 3
    endloop
  endfacet
  facet normal 0 0 1
    outer loop
      vertex 4.44708 123.796 3
      vertex 4.2 121.4 3
      vertex 4.61411 121.345 3
    endloop
  endfacet
  facet normal -0 0 1
    outer loop
      vertex 3 123.196 3
      vertex 4.2 121.4 3
      vertex 4.44708 123.796 3
    endloop
  endfacet
  facet normal 0 0 1
    outer loop
      vertex 4.2 121.4 3
      vertex 3 123.196 3
      vertex 3.78589 121.345 3
    endloop
  endfacet
  facet normal 0 0 1
    outer loop
      vertex 3.78589 121.345 3
      vertex 3 123.196 3
      vertex 3.4 121.186 3
    endloop
  endfacet
  facet normal -0 0 1
    outer loop
      vertex 1.75735 122.243 3
      vertex 3.4 121.186 3
      vertex 3 123.196 3
    endloop
  endfacet
  facet normal 0 0 1
    outer loop
      vertex 3.4 121.186 3
      vertex 1.75735 122.243 3
      vertex 3.06863 120.931 3
    endloop
  endfacet
  facet normal 0 0 1
    outer loop
      vertex 3.06863 120.931 3
      vertex 1.75735 122.243 3
      vertex 2.81436 120.6 3
    endloop
  endfacet
  facet normal 0 0 1
    outer loop
      vertex 2.81436 120.6 3
      vertex 1.75735 122.243 3
      vertex 2.65452 120.214 3
    endloop
  endfacet
  facet normal 0 0 1
    outer loop
      vertex 2.65452 120.214 3
      vertex 0 118 3
      vertex 2.6 119.8 3
    endloop
  endfacet
  facet normal 0 0 1
    outer loop
      vertex 0 118 3
      vertex 2.65452 120.214 3
      vertex 1.75735 122.243 3
    endloop
  endfacet
  facet normal 1 0 0
    outer loop
      vertex 77 94.5 4.2
      vertex 77 93.1317 3.1
      vertex 77 94.5 3.1
    endloop
  endfacet
  facet normal 1 -0 0
    outer loop
      vertex 77 93 4.2
      vertex 77 93.1317 3.1
      vertex 77 94.5 4.2
    endloop
  endfacet
  facet normal 1 0 0
    outer loop
      vertex 77 93 3
      vertex 77 93.1317 3.1
      vertex 77 93 4.2
    endloop
  endfacet
  facet normal 1 0 0
    outer loop
      vertex 77 93.1317 3.1
      vertex 77 93 3
      vertex 77 93.1317 3
    endloop
  endfacet
  facet normal -0 0 1
    outer loop
      vertex 23 94.5 4.2
      vertex 77 93 4.2
      vertex 77 94.5 4.2
    endloop
  endfacet
  facet normal 0 0 1
    outer loop
      vertex 77 93 4.2
      vertex 23 94.5 4.2
      vertex 23 93 4.2
    endloop
  endfacet
  facet normal -1 0 0
    outer loop
      vertex 23 93.1317 3
      vertex 23 93 3
      vertex 23 93.1317 3.1
    endloop
  endfacet
  facet normal -1 0 0
    outer loop
      vertex 23 93.1317 3.1
      vertex 23 94.5 4.2
      vertex 23 94.5 3.1
    endloop
  endfacet
  facet normal -1 0 0
    outer loop
      vertex 23 93 4.2
      vertex 23 93.1317 3.1
      vertex 23 93 3
    endloop
  endfacet
  facet normal -1 0 0
    outer loop
      vertex 23 93.1317 3.1
      vertex 23 93 4.2
      vertex 23 94.5 4.2
    endloop
  endfacet
  facet normal 0 1 -0
    outer loop
      vertex 77 94.5 3.1
      vertex 23 94.5 4.2
      vertex 77 94.5 4.2
    endloop
  endfacet
  facet normal 0 1 0
    outer loop
      vertex 23 94.5 4.2
      vertex 77 94.5 3.1
      vertex 23 94.5 3.1
    endloop
  endfacet
  facet normal 0 -1 0
    outer loop
      vertex 23 93 4.2
      vertex 24 93 3.1
      vertex 77 93 4.2
    endloop
  endfacet
  facet normal 0 -1 0
    outer loop
      vertex 23 93 3
      vertex 24 93 3.1
      vertex 23 93 4.2
    endloop
  endfacet
  facet normal 0 -1 -0
    outer loop
      vertex 24 93 3.1
      vertex 23 93 3
      vertex 24 93 3
    endloop
  endfacet
  facet normal 0 -1 0
    outer loop
      vertex 76 93 3.1
      vertex 77 93 4.2
      vertex 24 93 3.1
    endloop
  endfacet
  facet normal 0 -1 0
    outer loop
      vertex 77 93 3
      vertex 76 93 3.1
      vertex 76 93 3
    endloop
  endfacet
  facet normal 0 -1 0
    outer loop
      vertex 76 93 3.1
      vertex 77 93 3
      vertex 77 93 4.2
    endloop
  endfacet
  facet normal 0 1 -0
    outer loop
      vertex 76 93 0
      vertex 24 93 3
      vertex 76 93 3
    endloop
  endfacet
  facet normal 0 1 0
    outer loop
      vertex 24 93 3
      vertex 76 93 0
      vertex 24 93 0
    endloop
  endfacet
  facet normal 1 0 0
    outer loop
      vertex 77 103 4.2
      vertex 77 102.868 3.1
      vertex 77 103 3
    endloop
  endfacet
  facet normal 1 -0 0
    outer loop
      vertex 77 101.5 4.2
      vertex 77 102.868 3.1
      vertex 77 103 4.2
    endloop
  endfacet
  facet normal 1 0 0
    outer loop
      vertex 77 102.868 3.1
      vertex 77 101.5 4.2
      vertex 77 101.5 3.1
    endloop
  endfacet
  facet normal 1 0 0
    outer loop
      vertex 77 103 3
      vertex 77 102.868 3.1
      vertex 77 102.868 3
    endloop
  endfacet
  facet normal -0 0 1
    outer loop
      vertex 23 103 4.2
      vertex 77 101.5 4.2
      vertex 77 103 4.2
    endloop
  endfacet
  facet normal 0 0 1
    outer loop
      vertex 77 101.5 4.2
      vertex 23 103 4.2
      vertex 23 101.5 4.2
    endloop
  endfacet
  facet normal -1 0 0
    outer loop
      vertex 23 102.868 3.1
      vertex 23 103 3
      vertex 23 102.868 3
    endloop
  endfacet
  facet normal -1 0 0
    outer loop
      vertex 23 103 3
      vertex 23 102.868 3.1
      vertex 23 103 4.2
    endloop
  endfacet
  facet normal -1 0 0
    outer loop
      vertex 23 101.5 4.2
      vertex 23 102.868 3.1
      vertex 23 101.5 3.1
    endloop
  endfacet
  facet normal -1 0 0
    outer loop
      vertex 23 102.868 3.1
      vertex 23 101.5 4.2
      vertex 23 103 4.2
    endloop
  endfacet
  facet normal 0 1 0
    outer loop
      vertex 77 103 4.2
      vertex 76 103 3.1
      vertex 23 103 4.2
    endloop
  endfacet
  facet normal 0 1 -0
    outer loop
      vertex 77 103 3
      vertex 76 103 3.1
      vertex 77 103 4.2
    endloop
  endfacet
  facet normal 0 1 0
    outer loop
      vertex 76 103 3.1
      vertex 77 103 3
      vertex 76 103 3
    endloop
  endfacet
  facet normal 0 1 -0
    outer loop
      vertex 24 103 3.1
      vertex 23 103 4.2
      vertex 76 103 3.1
    endloop
  endfacet
  facet normal 0 1 0
    outer loop
      vertex 23 103 3
      vertex 24 103 3.1
      vertex 24 103 3
    endloop
  endfacet
  facet normal 0 1 0
    outer loop
      vertex 24 103 3.1
      vertex 23 103 3
      vertex 23 103 4.2
    endloop
  endfacet
  facet normal 0 -1 0
    outer loop
      vertex 24 103 0
      vertex 76 103 3
      vertex 24 103 3
    endloop
  endfacet
  facet normal 0 -1 -0
    outer loop
      vertex 76 103 3
      vertex 24 103 0
      vertex 76 103 0
    endloop
  endfacet
  facet normal 0 -1 0
    outer loop
      vertex 23 101.5 3.1
      vertex 77 101.5 4.2
      vertex 23 101.5 4.2
    endloop
  endfacet
  facet normal 0 -1 -0
    outer loop
      vertex 77 101.5 4.2
      vertex 23 101.5 3.1
      vertex 77 101.5 3.1
    endloop
  endfacet
  facet normal -0.923884 -0.382673 0
    outer loop
      vertex 5.74548 76.6141 0
      vertex 5.58564 77 3
      vertex 5.58564 77 0
    endloop
  endfacet
  facet normal -0.923884 -0.382673 0
    outer loop
      vertex 5.58564 77 3
      vertex 5.74548 76.6141 0
      vertex 5.74548 76.6141 3
    endloop
  endfacet
  facet normal -0.991444 -0.130533 0
    outer loop
      vertex 5.8 76.2 0
      vertex 5.74548 76.6141 3
      vertex 5.74548 76.6141 0
    endloop
  endfacet
  facet normal -0.991444 -0.130533 0
    outer loop
      vertex 5.74548 76.6141 3
      vertex 5.8 76.2 0
      vertex 5.8 76.2 3
    endloop
  endfacet
  facet normal -0.991444 0.130533 0
    outer loop
      vertex 5.74548 75.7859 0
      vertex 5.8 76.2 3
      vertex 5.8 76.2 0
    endloop
  endfacet
  facet normal -0.991444 0.130533 0
    outer loop
      vertex 5.8 76.2 3
      vertex 5.74548 75.7859 0
      vertex 5.74548 75.7859 3
    endloop
  endfacet
  facet normal 0.991444 -0.130533 0
    outer loop
      vertex 2.6 76.2 3
      vertex 2.65452 76.6141 0
      vertex 2.65452 76.6141 3
    endloop
  endfacet
  facet normal 0.991444 -0.130533 0
    outer loop
      vertex 2.65452 76.6141 0
      vertex 2.6 76.2 3
      vertex 2.6 76.2 0
    endloop
  endfacet
  facet normal 0.130482 -0.991451 0
    outer loop
      vertex 3.78589 77.7455 0
      vertex 4.2 77.8 3
      vertex 3.78589 77.7455 3
    endloop
  endfacet
  facet normal 0.130482 -0.991451 0
    outer loop
      vertex 4.2 77.8 3
      vertex 3.78589 77.7455 0
      vertex 4.2 77.8 0
    endloop
  endfacet
  facet normal -0.793379 0.608728 0
    outer loop
      vertex 5.33137 75.0686 0
      vertex 5.58564 75.4 3
      vertex 5.58564 75.4 0
    endloop
  endfacet
  facet normal -0.793379 0.608728 0
    outer loop
      vertex 5.58564 75.4 3
      vertex 5.33137 75.0686 0
      vertex 5.33137 75.0686 3
    endloop
  endfacet
  facet normal -0.923884 0.382673 0
    outer loop
      vertex 5.58564 75.4 0
      vertex 5.74548 75.7859 3
      vertex 5.74548 75.7859 0
    endloop
  endfacet
  facet normal -0.923884 0.382673 0
    outer loop
      vertex 5.74548 75.7859 3
      vertex 5.58564 75.4 0
      vertex 5.58564 75.4 3
    endloop
  endfacet
  facet normal 0.382804 -0.923829 0
    outer loop
      vertex 3.4 77.5856 0
      vertex 3.78589 77.7455 3
      vertex 3.4 77.5856 3
    endloop
  endfacet
  facet normal 0.382804 -0.923829 0
    outer loop
      vertex 3.78589 77.7455 3
      vertex 3.4 77.5856 0
      vertex 3.78589 77.7455 0
    endloop
  endfacet
  facet normal 0.793379 -0.608728 0
    outer loop
      vertex 2.81436 77 3
      vertex 3.06863 77.3314 0
      vertex 3.06863 77.3314 3
    endloop
  endfacet
  facet normal 0.793379 -0.608728 0
    outer loop
      vertex 3.06863 77.3314 0
      vertex 2.81436 77 3
      vertex 2.81436 77 0
    endloop
  endfacet
  facet normal 0.382804 0.923829 -0
    outer loop
      vertex 3.78589 74.6545 0
      vertex 3.4 74.8144 3
      vertex 3.78589 74.6545 3
    endloop
  endfacet
  facet normal 0.382804 0.923829 0
    outer loop
      vertex 3.4 74.8144 3
      vertex 3.78589 74.6545 0
      vertex 3.4 74.8144 0
    endloop
  endfacet
  facet normal 0.608657 -0.793433 0
    outer loop
      vertex 3.06863 77.3314 0
      vertex 3.4 77.5856 3
      vertex 3.06863 77.3314 3
    endloop
  endfacet
  facet normal 0.608657 -0.793433 0
    outer loop
      vertex 3.4 77.5856 3
      vertex 3.06863 77.3314 0
      vertex 3.4 77.5856 0
    endloop
  endfacet
  facet normal -0.382804 0.923829 0
    outer loop
      vertex 5 74.8144 0
      vertex 4.61411 74.6545 3
      vertex 5 74.8144 3
    endloop
  endfacet
  facet normal -0.382804 0.923829 0
    outer loop
      vertex 4.61411 74.6545 3
      vertex 5 74.8144 0
      vertex 4.61411 74.6545 0
    endloop
  endfacet
  facet normal -0.608657 0.793433 0
    outer loop
      vertex 5.33137 75.0686 0
      vertex 5 74.8144 3
      vertex 5.33137 75.0686 3
    endloop
  endfacet
  facet normal -0.608657 0.793433 0
    outer loop
      vertex 5 74.8144 3
      vertex 5.33137 75.0686 0
      vertex 5 74.8144 0
    endloop
  endfacet
  facet normal 0.608657 0.793433 -0
    outer loop
      vertex 3.4 74.8144 0
      vertex 3.06863 75.0686 3
      vertex 3.4 74.8144 3
    endloop
  endfacet
  facet normal 0.608657 0.793433 0
    outer loop
      vertex 3.06863 75.0686 3
      vertex 3.4 74.8144 0
      vertex 3.06863 75.0686 0
    endloop
  endfacet
  facet normal -0.382804 -0.923829 0
    outer loop
      vertex 4.61411 77.7455 0
      vertex 5 77.5856 3
      vertex 4.61411 77.7455 3
    endloop
  endfacet
  facet normal -0.382804 -0.923829 -0
    outer loop
      vertex 5 77.5856 3
      vertex 4.61411 77.7455 0
      vertex 5 77.5856 0
    endloop
  endfacet
  facet normal 0.130482 0.991451 -0
    outer loop
      vertex 4.2 74.6 0
      vertex 3.78589 74.6545 3
      vertex 4.2 74.6 3
    endloop
  endfacet
  facet normal 0.130482 0.991451 0
    outer loop
      vertex 3.78589 74.6545 3
      vertex 4.2 74.6 0
      vertex 3.78589 74.6545 0
    endloop
  endfacet
  facet normal -0.130482 0.991451 0
    outer loop
      vertex 4.61411 74.6545 0
      vertex 4.2 74.6 3
      vertex 4.61411 74.6545 3
    endloop
  endfacet
  facet normal -0.130482 0.991451 0
    outer loop
      vertex 4.2 74.6 3
      vertex 4.61411 74.6545 0
      vertex 4.2 74.6 0
    endloop
  endfacet
  facet normal 0.991444 0.130533 0
    outer loop
      vertex 2.65452 75.7859 3
      vertex 2.6 76.2 0
      vertex 2.6 76.2 3
    endloop
  endfacet
  facet normal 0.991444 0.130533 0
    outer loop
      vertex 2.6 76.2 0
      vertex 2.65452 75.7859 3
      vertex 2.65452 75.7859 0
    endloop
  endfacet
  facet normal -0.608657 -0.793433 0
    outer loop
      vertex 5 77.5856 0
      vertex 5.33137 77.3314 3
      vertex 5 77.5856 3
    endloop
  endfacet
  facet normal -0.608657 -0.793433 -0
    outer loop
      vertex 5.33137 77.3314 3
      vertex 5 77.5856 0
      vertex 5.33137 77.3314 0
    endloop
  endfacet
  facet normal -0.130482 -0.991451 0
    outer loop
      vertex 4.2 77.8 0
      vertex 4.61411 77.7455 3
      vertex 4.2 77.8 3
    endloop
  endfacet
  facet normal -0.130482 -0.991451 -0
    outer loop
      vertex 4.61411 77.7455 3
      vertex 4.2 77.8 0
      vertex 4.61411 77.7455 0
    endloop
  endfacet
  facet normal -0.793379 -0.608728 0
    outer loop
      vertex 5.58564 77 0
      vertex 5.33137 77.3314 3
      vertex 5.33137 77.3314 0
    endloop
  endfacet
  facet normal -0.793379 -0.608728 0
    outer loop
      vertex 5.33137 77.3314 3
      vertex 5.58564 77 0
      vertex 5.58564 77 3
    endloop
  endfacet
  facet normal 0.923884 0.382673 0
    outer loop
      vertex 2.81436 75.4 3
      vertex 2.65452 75.7859 0
      vertex 2.65452 75.7859 3
    endloop
  endfacet
  facet normal 0.923884 0.382673 0
    outer loop
      vertex 2.65452 75.7859 0
      vertex 2.81436 75.4 3
      vertex 2.81436 75.4 0
    endloop
  endfacet
  facet normal 0.923884 -0.382673 0
    outer loop
      vertex 2.65452 76.6141 3
      vertex 2.81436 77 0
      vertex 2.81436 77 3
    endloop
  endfacet
  facet normal 0.923884 -0.382673 0
    outer loop
      vertex 2.81436 77 0
      vertex 2.65452 76.6141 3
      vertex 2.65452 76.6141 0
    endloop
  endfacet
  facet normal 0.793379 0.608728 0
    outer loop
      vertex 3.06863 75.0686 3
      vertex 2.81436 75.4 0
      vertex 2.81436 75.4 3
    endloop
  endfacet
  facet normal 0.793379 0.608728 0
    outer loop
      vertex 2.81436 75.4 0
      vertex 3.06863 75.0686 3
      vertex 3.06863 75.0686 0
    endloop
  endfacet
  facet normal -0.923919 -0.382589 0
    outer loop
      vertex 5.74548 120.214 0
      vertex 5.58564 120.6 3
      vertex 5.58564 120.6 0
    endloop
  endfacet
  facet normal -0.923919 -0.382589 0
    outer loop
      vertex 5.58564 120.6 3
      vertex 5.74548 120.214 0
      vertex 5.74548 120.214 3
    endloop
  endfacet
  facet normal -0.99144 -0.130564 0
    outer loop
      vertex 5.8 119.8 0
      vertex 5.74548 120.214 3
      vertex 5.74548 120.214 0
    endloop
  endfacet
  facet normal -0.99144 -0.130564 0
    outer loop
      vertex 5.74548 120.214 3
      vertex 5.8 119.8 0
      vertex 5.8 119.8 3
    endloop
  endfacet
  facet normal -0.793024 -0.609191 0
    outer loop
      vertex 5.58564 120.6 0
      vertex 5.33137 120.931 3
      vertex 5.33137 120.931 0
    endloop
  endfacet
  facet normal -0.793024 -0.609191 0
    outer loop
      vertex 5.33137 120.931 3
      vertex 5.58564 120.6 0
      vertex 5.58564 120.6 3
    endloop
  endfacet
  facet normal -0.380963 0.92459 0
    outer loop
      vertex 5 118.414 0
      vertex 4.61411 118.255 3
      vertex 5 118.414 3
    endloop
  endfacet
  facet normal -0.380963 0.92459 0
    outer loop
      vertex 4.61411 118.255 3
      vertex 5 118.414 0
      vertex 4.61411 118.255 0
    endloop
  endfacet
  facet normal -0.793024 0.609191 0
    outer loop
      vertex 5.33137 118.669 0
      vertex 5.58564 119 3
      vertex 5.58564 119 0
    endloop
  endfacet
  facet normal -0.793024 0.609191 0
    outer loop
      vertex 5.58564 119 3
      vertex 5.33137 118.669 0
      vertex 5.33137 118.669 3
    endloop
  endfacet
  facet normal -0.609861 -0.792508 0
    outer loop
      vertex 5 121.186 0
      vertex 5.33137 120.931 3
      vertex 5 121.186 3
    endloop
  endfacet
  facet normal -0.609861 -0.792508 -0
    outer loop
      vertex 5.33137 120.931 3
      vertex 5 121.186 0
      vertex 5.33137 120.931 0
    endloop
  endfacet
  facet normal 0.609861 -0.792508 0
    outer loop
      vertex 3.06863 120.931 0
      vertex 3.4 121.186 3
      vertex 3.06863 120.931 3
    endloop
  endfacet
  facet normal 0.609861 -0.792508 0
    outer loop
      vertex 3.4 121.186 3
      vertex 3.06863 120.931 0
      vertex 3.4 121.186 0
    endloop
  endfacet
  facet normal -0.923919 0.382589 0
    outer loop
      vertex 5.58564 119 0
      vertex 5.74548 119.386 3
      vertex 5.74548 119.386 0
    endloop
  endfacet
  facet normal -0.923919 0.382589 0
    outer loop
      vertex 5.74548 119.386 3
      vertex 5.58564 119 0
      vertex 5.58564 119 3
    endloop
  endfacet
  facet normal -0.380963 -0.92459 0
    outer loop
      vertex 4.61411 121.345 0
      vertex 5 121.186 3
      vertex 4.61411 121.345 3
    endloop
  endfacet
  facet normal -0.380963 -0.92459 -0
    outer loop
      vertex 5 121.186 3
      vertex 4.61411 121.345 0
      vertex 5 121.186 0
    endloop
  endfacet
  facet normal 0.131659 0.991295 -0
    outer loop
      vertex 4.2 118.2 0
      vertex 3.78589 118.255 3
      vertex 4.2 118.2 3
    endloop
  endfacet
  facet normal 0.131659 0.991295 0
    outer loop
      vertex 3.78589 118.255 3
      vertex 4.2 118.2 0
      vertex 3.78589 118.255 0
    endloop
  endfacet
  facet normal -0.131659 0.991295 0
    outer loop
      vertex 4.61411 118.255 0
      vertex 4.2 118.2 3
      vertex 4.61411 118.255 3
    endloop
  endfacet
  facet normal -0.131659 0.991295 0
    outer loop
      vertex 4.2 118.2 3
      vertex 4.61411 118.255 0
      vertex 4.2 118.2 0
    endloop
  endfacet
  facet normal -0.99144 0.130564 0
    outer loop
      vertex 5.74548 119.386 0
      vertex 5.8 119.8 3
      vertex 5.8 119.8 0
    endloop
  endfacet
  facet normal -0.99144 0.130564 0
    outer loop
      vertex 5.8 119.8 3
      vertex 5.74548 119.386 0
      vertex 5.74548 119.386 3
    endloop
  endfacet
  facet normal 0.923919 -0.382589 0
    outer loop
      vertex 2.65452 120.214 3
      vertex 2.81436 120.6 0
      vertex 2.81436 120.6 3
    endloop
  endfacet
  facet normal 0.923919 -0.382589 0
    outer loop
      vertex 2.81436 120.6 0
      vertex 2.65452 120.214 3
      vertex 2.65452 120.214 0
    endloop
  endfacet
  facet normal 0.99144 -0.130564 0
    outer loop
      vertex 2.6 119.8 3
      vertex 2.65452 120.214 0
      vertex 2.65452 120.214 3
    endloop
  endfacet
  facet normal 0.99144 -0.130564 0
    outer loop
      vertex 2.65452 120.214 0
      vertex 2.6 119.8 3
      vertex 2.6 119.8 0
    endloop
  endfacet
  facet normal 0.131659 -0.991295 0
    outer loop
      vertex 3.78589 121.345 0
      vertex 4.2 121.4 3
      vertex 3.78589 121.345 3
    endloop
  endfacet
  facet normal 0.131659 -0.991295 0
    outer loop
      vertex 4.2 121.4 3
      vertex 3.78589 121.345 0
      vertex 4.2 121.4 0
    endloop
  endfacet
  facet normal -0.609861 0.792508 0
    outer loop
      vertex 5.33137 118.669 0
      vertex 5 118.414 3
      vertex 5.33137 118.669 3
    endloop
  endfacet
  facet normal -0.609861 0.792508 0
    outer loop
      vertex 5 118.414 3
      vertex 5.33137 118.669 0
      vertex 5 118.414 0
    endloop
  endfacet
  facet normal 0.99144 0.130564 0
    outer loop
      vertex 2.65452 119.386 3
      vertex 2.6 119.8 0
      vertex 2.6 119.8 3
    endloop
  endfacet
  facet normal 0.99144 0.130564 0
    outer loop
      vertex 2.6 119.8 0
      vertex 2.65452 119.386 3
      vertex 2.65452 119.386 0
    endloop
  endfacet
  facet normal 0.380963 -0.92459 0
    outer loop
      vertex 3.4 121.186 0
      vertex 3.78589 121.345 3
      vertex 3.4 121.186 3
    endloop
  endfacet
  facet normal 0.380963 -0.92459 0
    outer loop
      vertex 3.78589 121.345 3
      vertex 3.4 121.186 0
      vertex 3.78589 121.345 0
    endloop
  endfacet
  facet normal -0.131659 -0.991295 0
    outer loop
      vertex 4.2 121.4 0
      vertex 4.61411 121.345 3
      vertex 4.2 121.4 3
    endloop
  endfacet
  facet normal -0.131659 -0.991295 -0
    outer loop
      vertex 4.61411 121.345 3
      vertex 4.2 121.4 0
      vertex 4.61411 121.345 0
    endloop
  endfacet
  facet normal 0.609861 0.792508 -0
    outer loop
      vertex 3.4 118.414 0
      vertex 3.06863 118.669 3
      vertex 3.4 118.414 3
    endloop
  endfacet
  facet normal 0.609861 0.792508 0
    outer loop
      vertex 3.06863 118.669 3
      vertex 3.4 118.414 0
      vertex 3.06863 118.669 0
    endloop
  endfacet
  facet normal 0.793024 -0.609191 0
    outer loop
      vertex 2.81436 120.6 3
      vertex 3.06863 120.931 0
      vertex 3.06863 120.931 3
    endloop
  endfacet
  facet normal 0.793024 -0.609191 0
    outer loop
      vertex 3.06863 120.931 0
      vertex 2.81436 120.6 3
      vertex 2.81436 120.6 0
    endloop
  endfacet
  facet normal 0.380963 0.92459 -0
    outer loop
      vertex 3.78589 118.255 0
      vertex 3.4 118.414 3
      vertex 3.78589 118.255 3
    endloop
  endfacet
  facet normal 0.380963 0.92459 0
    outer loop
      vertex 3.4 118.414 3
      vertex 3.78589 118.255 0
      vertex 3.4 118.414 0
    endloop
  endfacet
  facet normal 0.923919 0.382589 0
    outer loop
      vertex 2.81436 119 3
      vertex 2.65452 119.386 0
      vertex 2.65452 119.386 3
    endloop
  endfacet
  facet normal 0.923919 0.382589 0
    outer loop
      vertex 2.65452 119.386 0
      vertex 2.81436 119 3
      vertex 2.81436 119 0
    endloop
  endfacet
  facet normal 0.793024 0.609191 0
    outer loop
      vertex 3.06863 118.669 3
      vertex 2.81436 119 0
      vertex 2.81436 119 3
    endloop
  endfacet
  facet normal 0.793024 0.609191 0
    outer loop
      vertex 2.81436 119 0
      vertex 3.06863 118.669 3
      vertex 3.06863 118.669 0
    endloop
  endfacet
  facet normal -0.382796 -0.923833 0
    outer loop
      vertex 96.2141 77.7455 0
      vertex 96.6 77.5856 3
      vertex 96.2141 77.7455 3
    endloop
  endfacet
  facet normal -0.382796 -0.923833 -0
    outer loop
      vertex 96.6 77.5856 3
      vertex 96.2141 77.7455 0
      vertex 96.6 77.5856 0
    endloop
  endfacet
  facet normal -0.923833 -0.382796 0
    outer loop
      vertex 97.3455 76.6141 0
      vertex 97.1856 77 3
      vertex 97.1856 77 0
    endloop
  endfacet
  facet normal -0.923833 -0.382796 0
    outer loop
      vertex 97.1856 77 3
      vertex 97.3455 76.6141 0
      vertex 97.3455 76.6141 3
    endloop
  endfacet
  facet normal -0.99145 -0.130485 0
    outer loop
      vertex 97.4 76.2 0
      vertex 97.3455 76.6141 3
      vertex 97.3455 76.6141 0
    endloop
  endfacet
  facet normal -0.99145 -0.130485 0
    outer loop
      vertex 97.3455 76.6141 3
      vertex 97.4 76.2 0
      vertex 97.4 76.2 3
    endloop
  endfacet
  facet normal 0.79346 -0.608623 0
    outer loop
      vertex 94.4144 77 3
      vertex 94.6686 77.3314 0
      vertex 94.6686 77.3314 3
    endloop
  endfacet
  facet normal 0.79346 -0.608623 0
    outer loop
      vertex 94.6686 77.3314 0
      vertex 94.4144 77 3
      vertex 94.4144 77 0
    endloop
  endfacet
  facet normal 0.99145 0.130485 0
    outer loop
      vertex 94.2545 75.7859 3
      vertex 94.2 76.2 0
      vertex 94.2 76.2 3
    endloop
  endfacet
  facet normal 0.99145 0.130485 0
    outer loop
      vertex 94.2 76.2 0
      vertex 94.2545 75.7859 3
      vertex 94.2545 75.7859 0
    endloop
  endfacet
  facet normal -0.608623 -0.79346 0
    outer loop
      vertex 96.6 77.5856 0
      vertex 96.9314 77.3314 3
      vertex 96.6 77.5856 3
    endloop
  endfacet
  facet normal -0.608623 -0.79346 -0
    outer loop
      vertex 96.9314 77.3314 3
      vertex 96.6 77.5856 0
      vertex 96.9314 77.3314 0
    endloop
  endfacet
  facet normal -0.79346 0.608623 0
    outer loop
      vertex 96.9314 75.0686 0
      vertex 97.1856 75.4 3
      vertex 97.1856 75.4 0
    endloop
  endfacet
  facet normal -0.79346 0.608623 0
    outer loop
      vertex 97.1856 75.4 3
      vertex 96.9314 75.0686 0
      vertex 96.9314 75.0686 3
    endloop
  endfacet
  facet normal -0.99145 0.130485 0
    outer loop
      vertex 97.3455 75.7859 0
      vertex 97.4 76.2 3
      vertex 97.4 76.2 0
    endloop
  endfacet
  facet normal -0.99145 0.130485 0
    outer loop
      vertex 97.4 76.2 3
      vertex 97.3455 75.7859 0
      vertex 97.3455 75.7859 3
    endloop
  endfacet
  facet normal 0.923833 0.382796 0
    outer loop
      vertex 94.4144 75.4 3
      vertex 94.2545 75.7859 0
      vertex 94.2545 75.7859 3
    endloop
  endfacet
  facet normal 0.923833 0.382796 0
    outer loop
      vertex 94.2545 75.7859 0
      vertex 94.4144 75.4 3
      vertex 94.4144 75.4 0
    endloop
  endfacet
  facet normal 0.79346 0.608623 0
    outer loop
      vertex 94.6686 75.0686 3
      vertex 94.4144 75.4 0
      vertex 94.4144 75.4 3
    endloop
  endfacet
  facet normal 0.79346 0.608623 0
    outer loop
      vertex 94.4144 75.4 0
      vertex 94.6686 75.0686 3
      vertex 94.6686 75.0686 0
    endloop
  endfacet
  facet normal -0.130485 0.99145 0
    outer loop
      vertex 96.2141 74.6545 0
      vertex 95.8 74.6 3
      vertex 96.2141 74.6545 3
    endloop
  endfacet
  facet normal -0.130485 0.99145 0
    outer loop
      vertex 95.8 74.6 3
      vertex 96.2141 74.6545 0
      vertex 95.8 74.6 0
    endloop
  endfacet
  facet normal -0.923833 0.382796 0
    outer loop
      vertex 97.1856 75.4 0
      vertex 97.3455 75.7859 3
      vertex 97.3455 75.7859 0
    endloop
  endfacet
  facet normal -0.923833 0.382796 0
    outer loop
      vertex 97.3455 75.7859 3
      vertex 97.1856 75.4 0
      vertex 97.1856 75.4 3
    endloop
  endfacet
  facet normal 0.608623 -0.79346 0
    outer loop
      vertex 94.6686 77.3314 0
      vertex 95 77.5856 3
      vertex 94.6686 77.3314 3
    endloop
  endfacet
  facet normal 0.608623 -0.79346 0
    outer loop
      vertex 95 77.5856 3
      vertex 94.6686 77.3314 0
      vertex 95 77.5856 0
    endloop
  endfacet
  facet normal 0.923833 -0.382796 0
    outer loop
      vertex 94.2545 76.6141 3
      vertex 94.4144 77 0
      vertex 94.4144 77 3
    endloop
  endfacet
  facet normal 0.923833 -0.382796 0
    outer loop
      vertex 94.4144 77 0
      vertex 94.2545 76.6141 3
      vertex 94.2545 76.6141 0
    endloop
  endfacet
  facet normal 0.608623 0.79346 -0
    outer loop
      vertex 95 74.8144 0
      vertex 94.6686 75.0686 3
      vertex 95 74.8144 3
    endloop
  endfacet
  facet normal 0.608623 0.79346 0
    outer loop
      vertex 94.6686 75.0686 3
      vertex 95 74.8144 0
      vertex 94.6686 75.0686 0
    endloop
  endfacet
  facet normal 0.382796 -0.923833 0
    outer loop
      vertex 95 77.5856 0
      vertex 95.3859 77.7455 3
      vertex 95 77.5856 3
    endloop
  endfacet
  facet normal 0.382796 -0.923833 0
    outer loop
      vertex 95.3859 77.7455 3
      vertex 95 77.5856 0
      vertex 95.3859 77.7455 0
    endloop
  endfacet
  facet normal -0.382796 0.923833 0
    outer loop
      vertex 96.6 74.8144 0
      vertex 96.2141 74.6545 3
      vertex 96.6 74.8144 3
    endloop
  endfacet
  facet normal -0.382796 0.923833 0
    outer loop
      vertex 96.2141 74.6545 3
      vertex 96.6 74.8144 0
      vertex 96.2141 74.6545 0
    endloop
  endfacet
  facet normal -0.608623 0.79346 0
    outer loop
      vertex 96.9314 75.0686 0
      vertex 96.6 74.8144 3
      vertex 96.9314 75.0686 3
    endloop
  endfacet
  facet normal -0.608623 0.79346 0
    outer loop
      vertex 96.6 74.8144 3
      vertex 96.9314 75.0686 0
      vertex 96.6 74.8144 0
    endloop
  endfacet
  facet normal -0.130485 -0.99145 0
    outer loop
      vertex 95.8 77.8 0
      vertex 96.2141 77.7455 3
      vertex 95.8 77.8 3
    endloop
  endfacet
  facet normal -0.130485 -0.99145 -0
    outer loop
      vertex 96.2141 77.7455 3
      vertex 95.8 77.8 0
      vertex 96.2141 77.7455 0
    endloop
  endfacet
  facet normal 0.130485 -0.99145 0
    outer loop
      vertex 95.3859 77.7455 0
      vertex 95.8 77.8 3
      vertex 95.3859 77.7455 3
    endloop
  endfacet
  facet normal 0.130485 -0.99145 0
    outer loop
      vertex 95.8 77.8 3
      vertex 95.3859 77.7455 0
      vertex 95.8 77.8 0
    endloop
  endfacet
  facet normal -0.79346 -0.608623 0
    outer loop
      vertex 97.1856 77 0
      vertex 96.9314 77.3314 3
      vertex 96.9314 77.3314 0
    endloop
  endfacet
  facet normal -0.79346 -0.608623 0
    outer loop
      vertex 96.9314 77.3314 3
      vertex 97.1856 77 0
      vertex 97.1856 77 3
    endloop
  endfacet
  facet normal 0.130485 0.99145 -0
    outer loop
      vertex 95.8 74.6 0
      vertex 95.3859 74.6545 3
      vertex 95.8 74.6 3
    endloop
  endfacet
  facet normal 0.130485 0.99145 0
    outer loop
      vertex 95.3859 74.6545 3
      vertex 95.8 74.6 0
      vertex 95.3859 74.6545 0
    endloop
  endfacet
  facet normal 0.382796 0.923833 -0
    outer loop
      vertex 95.3859 74.6545 0
      vertex 95 74.8144 3
      vertex 95.3859 74.6545 3
    endloop
  endfacet
  facet normal 0.382796 0.923833 0
    outer loop
      vertex 95 74.8144 3
      vertex 95.3859 74.6545 0
      vertex 95 74.8144 0
    endloop
  endfacet
  facet normal 0.99145 -0.130485 0
    outer loop
      vertex 94.2 76.2 3
      vertex 94.2545 76.6141 0
      vertex 94.2545 76.6141 3
    endloop
  endfacet
  facet normal 0.99145 -0.130485 0
    outer loop
      vertex 94.2545 76.6141 0
      vertex 94.2 76.2 3
      vertex 94.2 76.2 0
    endloop
  endfacet
  facet normal -0.923868 -0.382711 0
    outer loop
      vertex 97.3455 120.214 0
      vertex 97.1856 120.6 3
      vertex 97.1856 120.6 0
    endloop
  endfacet
  facet normal -0.923868 -0.382711 0
    outer loop
      vertex 97.1856 120.6 3
      vertex 97.3455 120.214 0
      vertex 97.3455 120.214 3
    endloop
  endfacet
  facet normal -0.991446 -0.130516 0
    outer loop
      vertex 97.4 119.8 0
      vertex 97.3455 120.214 3
      vertex 97.3455 120.214 0
    endloop
  endfacet
  facet normal -0.991446 -0.130516 0
    outer loop
      vertex 97.3455 120.214 3
      vertex 97.4 119.8 0
      vertex 97.4 119.8 3
    endloop
  endfacet
  facet normal -0.793105 -0.609085 0
    outer loop
      vertex 97.1856 120.6 0
      vertex 96.9314 120.931 3
      vertex 96.9314 120.931 0
    endloop
  endfacet
  facet normal -0.793105 -0.609085 0
    outer loop
      vertex 96.9314 120.931 3
      vertex 97.1856 120.6 0
      vertex 97.1856 120.6 3
    endloop
  endfacet
  facet normal 0.991446 -0.130516 0
    outer loop
      vertex 94.2 119.8 3
      vertex 94.2545 120.214 0
      vertex 94.2545 120.214 3
    endloop
  endfacet
  facet normal 0.991446 -0.130516 0
    outer loop
      vertex 94.2545 120.214 0
      vertex 94.2 119.8 3
      vertex 94.2 119.8 0
    endloop
  endfacet
  facet normal -0.380955 0.924594 0
    outer loop
      vertex 96.6 118.414 0
      vertex 96.2141 118.255 3
      vertex 96.6 118.414 3
    endloop
  endfacet
  facet normal -0.380955 0.924594 0
    outer loop
      vertex 96.2141 118.255 3
      vertex 96.6 118.414 0
      vertex 96.2141 118.255 0
    endloop
  endfacet
  facet normal -0.609826 -0.792535 0
    outer loop
      vertex 96.6 121.186 0
      vertex 96.9314 120.931 3
      vertex 96.6 121.186 3
    endloop
  endfacet
  facet normal -0.609826 -0.792535 -0
    outer loop
      vertex 96.9314 120.931 3
      vertex 96.6 121.186 0
      vertex 96.9314 120.931 0
    endloop
  endfacet
  facet normal 0.609826 -0.792535 0
    outer loop
      vertex 94.6686 120.931 0
      vertex 95 121.186 3
      vertex 94.6686 120.931 3
    endloop
  endfacet
  facet normal 0.609826 -0.792535 0
    outer loop
      vertex 95 121.186 3
      vertex 94.6686 120.931 0
      vertex 95 121.186 0
    endloop
  endfacet
  facet normal 0.923868 0.382711 0
    outer loop
      vertex 94.4144 119 3
      vertex 94.2545 119.386 0
      vertex 94.2545 119.386 3
    endloop
  endfacet
  facet normal 0.923868 0.382711 0
    outer loop
      vertex 94.2545 119.386 0
      vertex 94.4144 119 3
      vertex 94.4144 119 0
    endloop
  endfacet
  facet normal -0.131662 0.991295 0
    outer loop
      vertex 96.2141 118.255 0
      vertex 95.8 118.2 3
      vertex 96.2141 118.255 3
    endloop
  endfacet
  facet normal -0.131662 0.991295 0
    outer loop
      vertex 95.8 118.2 3
      vertex 96.2141 118.255 0
      vertex 95.8 118.2 0
    endloop
  endfacet
  facet normal 0.131662 0.991295 -0
    outer loop
      vertex 95.8 118.2 0
      vertex 95.3859 118.255 3
      vertex 95.8 118.2 3
    endloop
  endfacet
  facet normal 0.131662 0.991295 0
    outer loop
      vertex 95.3859 118.255 3
      vertex 95.8 118.2 0
      vertex 95.3859 118.255 0
    endloop
  endfacet
  facet normal -0.991446 0.130516 0
    outer loop
      vertex 97.3455 119.386 0
      vertex 97.4 119.8 3
      vertex 97.4 119.8 0
    endloop
  endfacet
  facet normal -0.991446 0.130516 0
    outer loop
      vertex 97.4 119.8 3
      vertex 97.3455 119.386 0
      vertex 97.3455 119.386 3
    endloop
  endfacet
  facet normal -0.380955 -0.924594 0
    outer loop
      vertex 96.2141 121.345 0
      vertex 96.6 121.186 3
      vertex 96.2141 121.345 3
    endloop
  endfacet
  facet normal -0.380955 -0.924594 -0
    outer loop
      vertex 96.6 121.186 3
      vertex 96.2141 121.345 0
      vertex 96.6 121.186 0
    endloop
  endfacet
  facet normal -0.793105 0.609085 0
    outer loop
      vertex 96.9314 118.669 0
      vertex 97.1856 119 3
      vertex 97.1856 119 0
    endloop
  endfacet
  facet normal -0.793105 0.609085 0
    outer loop
      vertex 97.1856 119 3
      vertex 96.9314 118.669 0
      vertex 96.9314 118.669 3
    endloop
  endfacet
  facet normal 0.793105 -0.609085 0
    outer loop
      vertex 94.4144 120.6 3
      vertex 94.6686 120.931 0
      vertex 94.6686 120.931 3
    endloop
  endfacet
  facet normal 0.793105 -0.609085 0
    outer loop
      vertex 94.6686 120.931 0
      vertex 94.4144 120.6 3
      vertex 94.4144 120.6 0
    endloop
  endfacet
  facet normal -0.923868 0.382711 0
    outer loop
      vertex 97.1856 119 0
      vertex 97.3455 119.386 3
      vertex 97.3455 119.386 0
    endloop
  endfacet
  facet normal -0.923868 0.382711 0
    outer loop
      vertex 97.3455 119.386 3
      vertex 97.1856 119 0
      vertex 97.1856 119 3
    endloop
  endfacet
  facet normal -0.131662 -0.991295 0
    outer loop
      vertex 95.8 121.4 0
      vertex 96.2141 121.345 3
      vertex 95.8 121.4 3
    endloop
  endfacet
  facet normal -0.131662 -0.991295 -0
    outer loop
      vertex 96.2141 121.345 3
      vertex 95.8 121.4 0
      vertex 96.2141 121.345 0
    endloop
  endfacet
  facet normal 0.991446 0.130516 0
    outer loop
      vertex 94.2545 119.386 3
      vertex 94.2 119.8 0
      vertex 94.2 119.8 3
    endloop
  endfacet
  facet normal 0.991446 0.130516 0
    outer loop
      vertex 94.2 119.8 0
      vertex 94.2545 119.386 3
      vertex 94.2545 119.386 0
    endloop
  endfacet
  facet normal 0.380955 -0.924594 0
    outer loop
      vertex 95 121.186 0
      vertex 95.3859 121.345 3
      vertex 95 121.186 3
    endloop
  endfacet
  facet normal 0.380955 -0.924594 0
    outer loop
      vertex 95.3859 121.345 3
      vertex 95 121.186 0
      vertex 95.3859 121.345 0
    endloop
  endfacet
  facet normal 0.609826 0.792535 -0
    outer loop
      vertex 95 118.414 0
      vertex 94.6686 118.669 3
      vertex 95 118.414 3
    endloop
  endfacet
  facet normal 0.609826 0.792535 0
    outer loop
      vertex 94.6686 118.669 3
      vertex 95 118.414 0
      vertex 94.6686 118.669 0
    endloop
  endfacet
  facet normal -0.609826 0.792535 0
    outer loop
      vertex 96.9314 118.669 0
      vertex 96.6 118.414 3
      vertex 96.9314 118.669 3
    endloop
  endfacet
  facet normal -0.609826 0.792535 0
    outer loop
      vertex 96.6 118.414 3
      vertex 96.9314 118.669 0
      vertex 96.6 118.414 0
    endloop
  endfacet
  facet normal 0.793105 0.609085 0
    outer loop
      vertex 94.6686 118.669 3
      vertex 94.4144 119 0
      vertex 94.4144 119 3
    endloop
  endfacet
  facet normal 0.793105 0.609085 0
    outer loop
      vertex 94.4144 119 0
      vertex 94.6686 118.669 3
      vertex 94.6686 118.669 0
    endloop
  endfacet
  facet normal 0.131662 -0.991295 0
    outer loop
      vertex 95.3859 121.345 0
      vertex 95.8 121.4 3
      vertex 95.3859 121.345 3
    endloop
  endfacet
  facet normal 0.131662 -0.991295 0
    outer loop
      vertex 95.8 121.4 3
      vertex 95.3859 121.345 0
      vertex 95.8 121.4 0
    endloop
  endfacet
  facet normal 0.380955 0.924594 -0
    outer loop
      vertex 95.3859 118.255 0
      vertex 95 118.414 3
      vertex 95.3859 118.255 3
    endloop
  endfacet
  facet normal 0.380955 0.924594 0
    outer loop
      vertex 95 118.414 3
      vertex 95.3859 118.255 0
      vertex 95 118.414 0
    endloop
  endfacet
  facet normal 0.923868 -0.382711 0
    outer loop
      vertex 94.2545 120.214 3
      vertex 94.4144 120.6 0
      vertex 94.4144 120.6 3
    endloop
  endfacet
  facet normal 0.923868 -0.382711 0
    outer loop
      vertex 94.4144 120.6 0
      vertex 94.2545 120.214 3
      vertex 94.2545 120.214 0
    endloop
  endfacet
  facet normal -0.991442 -0.130548 0
    outer loop
      vertex 81 98 0
      vertex 80.8296 99.2941 3
      vertex 80.8296 99.2941 0
    endloop
  endfacet
  facet normal -0.991442 -0.130548 0
    outer loop
      vertex 80.8296 99.2941 3
      vertex 81 98 0
      vertex 81 98 3
    endloop
  endfacet
  facet normal -0.608777 0.793341 0
    outer loop
      vertex 79.5355 94.4645 0
      vertex 78.5 93.6699 3
      vertex 79.5355 94.4645 3
    endloop
  endfacet
  facet normal -0.608777 0.793341 0
    outer loop
      vertex 78.5 93.6699 3
      vertex 79.5355 94.4645 0
      vertex 78.5 93.6699 0
    endloop
  endfacet
  facet normal 0.793483 -0.608592 0
    outer loop
      vertex 19.6699 100.5 3
      vertex 20.4645 101.536 0
      vertex 20.4645 101.536 3
    endloop
  endfacet
  facet normal 0.793483 -0.608592 0
    outer loop
      vertex 20.4645 101.536 0
      vertex 19.6699 100.5 3
      vertex 19.6699 100.5 0
    endloop
  endfacet
  facet normal -0.382683 0.92388 0
    outer loop
      vertex 78.5 93.6699 0
      vertex 77.2941 93.1704 3
      vertex 78.5 93.6699 3
    endloop
  endfacet
  facet normal -0.382683 0.92388 0
    outer loop
      vertex 77.2941 93.1704 3
      vertex 78.5 93.6699 0
      vertex 77.2941 93.1704 0
    endloop
  endfacet
  facet normal -0.92388 -0.382683 0
    outer loop
      vertex 80.8296 99.2941 0
      vertex 80.3301 100.5 3
      vertex 80.3301 100.5 0
    endloop
  endfacet
  facet normal -0.92388 -0.382683 0
    outer loop
      vertex 80.3301 100.5 3
      vertex 80.8296 99.2941 0
      vertex 80.8296 99.2941 3
    endloop
  endfacet
  facet normal 0.608488 -0.793563 0
    outer loop
      vertex 20.4645 101.536 0
      vertex 21.5 102.33 3
      vertex 20.4645 101.536 3
    endloop
  endfacet
  facet normal 0.608488 -0.793563 0
    outer loop
      vertex 21.5 102.33 3
      vertex 20.4645 101.536 0
      vertex 21.5 102.33 0
    endloop
  endfacet
  facet normal 0.793341 0.608777 0
    outer loop
      vertex 20.4645 94.4645 3
      vertex 19.6699 95.5 0
      vertex 19.6699 95.5 3
    endloop
  endfacet
  facet normal 0.793341 0.608777 0
    outer loop
      vertex 19.6699 95.5 0
      vertex 20.4645 94.4645 3
      vertex 20.4645 94.4645 0
    endloop
  endfacet
  facet normal -0.793483 -0.608592 0
    outer loop
      vertex 80.3301 100.5 0
      vertex 79.5355 101.536 3
      vertex 79.5355 101.536 0
    endloop
  endfacet
  facet normal -0.793483 -0.608592 0
    outer loop
      vertex 79.5355 101.536 3
      vertex 80.3301 100.5 0
      vertex 80.3301 100.5 3
    endloop
  endfacet
  facet normal 0.92388 0.382683 0
    outer loop
      vertex 19.6699 95.5 3
      vertex 19.1704 96.7059 0
      vertex 19.1704 96.7059 3
    endloop
  endfacet
  facet normal 0.92388 0.382683 0
    outer loop
      vertex 19.1704 96.7059 0
      vertex 19.6699 95.5 3
      vertex 19.6699 95.5 0
    endloop
  endfacet
  facet normal 0.991442 -0.130548 0
    outer loop
      vertex 19 98 3
      vertex 19.1704 99.2941 0
      vertex 19.1704 99.2941 3
    endloop
  endfacet
  facet normal 0.991442 -0.130548 0
    outer loop
      vertex 19.1704 99.2941 0
      vertex 19 98 3
      vertex 19 98 0
    endloop
  endfacet
  facet normal 0.130572 0.991439 -0
    outer loop
      vertex 24 93 3
      vertex 23 93.1317 3.1
      vertex 24 93 3.1
    endloop
  endfacet
  facet normal 0.130572 0.991439 0
    outer loop
      vertex 24 93 3
      vertex 23 93.1317 3
      vertex 23 93.1317 3.1
    endloop
  endfacet
  facet normal 0.130572 0.991439 -0
    outer loop
      vertex 24 93 0
      vertex 23 93.1317 3
      vertex 24 93 3
    endloop
  endfacet
  facet normal 0.130548 0.991442 -8.41971e-06
    outer loop
      vertex 22.7059 93.1704 0
      vertex 23 93.1317 3
      vertex 24 93 0
    endloop
  endfacet
  facet normal 0.130463 0.991453 0
    outer loop
      vertex 23 93.1317 3
      vertex 22.7059 93.1704 0
      vertex 22.7059 93.1704 3
    endloop
  endfacet
  facet normal 0 0 -1
    outer loop
      vertex 77 101.5 3.1
      vertex 76 103 3.1
      vertex 77 102.868 3.1
    endloop
  endfacet
  facet normal 0 0 -1
    outer loop
      vertex 77 101.5 3.1
      vertex 24 103 3.1
      vertex 76 103 3.1
    endloop
  endfacet
  facet normal 0 0 -1
    outer loop
      vertex 23 101.5 3.1
      vertex 24 103 3.1
      vertex 77 101.5 3.1
    endloop
  endfacet
  facet normal 0 0 -1
    outer loop
      vertex 24 103 3.1
      vertex 23 101.5 3.1
      vertex 23 102.868 3.1
    endloop
  endfacet
  facet normal 0 0 -1
    outer loop
      vertex 76 93 3.1
      vertex 77 94.5 3.1
      vertex 77 93.1317 3.1
    endloop
  endfacet
  facet normal 0 0 -1
    outer loop
      vertex 24 93 3.1
      vertex 77 94.5 3.1
      vertex 76 93 3.1
    endloop
  endfacet
  facet normal 0 0 -1
    outer loop
      vertex 23 94.5 3.1
      vertex 24 93 3.1
      vertex 23 93.1317 3.1
    endloop
  endfacet
  facet normal 0 0 -1
    outer loop
      vertex 24 93 3.1
      vertex 23 94.5 3.1
      vertex 77 94.5 3.1
    endloop
  endfacet
  facet normal 0.128143 -0.991756 0
    outer loop
      vertex 22.7059 102.83 0
      vertex 23 102.868 3
      vertex 22.7059 102.83 3
    endloop
  endfacet
  facet normal 0.130246 -0.991482 -0.000209722
    outer loop
      vertex 24 103 0
      vertex 23 102.868 3
      vertex 22.7059 102.83 0
    endloop
  endfacet
  facet normal 0.130865 -0.9914 0
    outer loop
      vertex 23 102.868 3
      vertex 24 103 0
      vertex 24 103 3
    endloop
  endfacet
  facet normal 0.130865 -0.9914 0
    outer loop
      vertex 23 102.868 3
      vertex 24 103 3.1
      vertex 23 102.868 3.1
    endloop
  endfacet
  facet normal 0.130865 -0.9914 0
    outer loop
      vertex 24 103 3.1
      vertex 23 102.868 3
      vertex 24 103 3
    endloop
  endfacet
  facet normal 0.92388 -0.382683 0
    outer loop
      vertex 19.1704 99.2941 3
      vertex 19.6699 100.5 0
      vertex 19.6699 100.5 3
    endloop
  endfacet
  facet normal 0.92388 -0.382683 0
    outer loop
      vertex 19.6699 100.5 0
      vertex 19.1704 99.2941 3
      vertex 19.1704 99.2941 0
    endloop
  endfacet
  facet normal -0.793341 0.608777 0
    outer loop
      vertex 79.5355 94.4645 0
      vertex 80.3301 95.5 3
      vertex 80.3301 95.5 0
    endloop
  endfacet
  facet normal -0.793341 0.608777 0
    outer loop
      vertex 80.3301 95.5 3
      vertex 79.5355 94.4645 0
      vertex 79.5355 94.4645 3
    endloop
  endfacet
  facet normal 0.38301 -0.923744 0
    outer loop
      vertex 21.5 102.33 0
      vertex 22.7059 102.83 3
      vertex 21.5 102.33 3
    endloop
  endfacet
  facet normal 0.38301 -0.923744 0
    outer loop
      vertex 22.7059 102.83 3
      vertex 21.5 102.33 0
      vertex 22.7059 102.83 0
    endloop
  endfacet
  facet normal 0.382683 0.92388 -0
    outer loop
      vertex 22.7059 93.1704 0
      vertex 21.5 93.6699 3
      vertex 22.7059 93.1704 3
    endloop
  endfacet
  facet normal 0.382683 0.92388 0
    outer loop
      vertex 21.5 93.6699 3
      vertex 22.7059 93.1704 0
      vertex 21.5 93.6699 0
    endloop
  endfacet
  facet normal -0.130865 -0.9914 0
    outer loop
      vertex 76 103 3
      vertex 77 102.868 3.1
      vertex 76 103 3.1
    endloop
  endfacet
  facet normal -0.130865 -0.9914 0
    outer loop
      vertex 76 103 3
      vertex 77 102.868 3
      vertex 77 102.868 3.1
    endloop
  endfacet
  facet normal -0.130865 -0.9914 0
    outer loop
      vertex 76 103 0
      vertex 77 102.868 3
      vertex 76 103 3
    endloop
  endfacet
  facet normal -0.130246 -0.991482 -0.000209722
    outer loop
      vertex 77.2941 102.83 0
      vertex 77 102.868 3
      vertex 76 103 0
    endloop
  endfacet
  facet normal -0.128143 -0.991756 0
    outer loop
      vertex 77 102.868 3
      vertex 77.2941 102.83 0
      vertex 77.2941 102.83 3
    endloop
  endfacet
  facet normal 0.608777 0.793341 -0
    outer loop
      vertex 21.5 93.6699 0
      vertex 20.4645 94.4645 3
      vertex 21.5 93.6699 3
    endloop
  endfacet
  facet normal 0.608777 0.793341 0
    outer loop
      vertex 20.4645 94.4645 3
      vertex 21.5 93.6699 0
      vertex 20.4645 94.4645 0
    endloop
  endfacet
  facet normal -0.608488 -0.793563 0
    outer loop
      vertex 78.5 102.33 0
      vertex 79.5355 101.536 3
      vertex 78.5 102.33 3
    endloop
  endfacet
  facet normal -0.608488 -0.793563 -0
    outer loop
      vertex 79.5355 101.536 3
      vertex 78.5 102.33 0
      vertex 79.5355 101.536 0
    endloop
  endfacet
  facet normal -0.38301 -0.923744 0
    outer loop
      vertex 77.2941 102.83 0
      vertex 78.5 102.33 3
      vertex 77.2941 102.83 3
    endloop
  endfacet
  facet normal -0.38301 -0.923744 -0
    outer loop
      vertex 78.5 102.33 3
      vertex 77.2941 102.83 0
      vertex 78.5 102.33 0
    endloop
  endfacet
  facet normal -0.92388 0.382683 0
    outer loop
      vertex 80.3301 95.5 0
      vertex 80.8296 96.7059 3
      vertex 80.8296 96.7059 0
    endloop
  endfacet
  facet normal -0.92388 0.382683 0
    outer loop
      vertex 80.8296 96.7059 3
      vertex 80.3301 95.5 0
      vertex 80.3301 95.5 3
    endloop
  endfacet
  facet normal -0.130463 0.991453 0
    outer loop
      vertex 77.2941 93.1704 0
      vertex 77 93.1317 3
      vertex 77.2941 93.1704 3
    endloop
  endfacet
  facet normal -0.130548 0.991442 -8.41971e-06
    outer loop
      vertex 76 93 0
      vertex 77 93.1317 3
      vertex 77.2941 93.1704 0
    endloop
  endfacet
  facet normal -0.130572 0.991439 0
    outer loop
      vertex 77 93.1317 3
      vertex 76 93 0
      vertex 76 93 3
    endloop
  endfacet
  facet normal -0.130572 0.991439 0
    outer loop
      vertex 77 93.1317 3
      vertex 76 93 3.1
      vertex 77 93.1317 3.1
    endloop
  endfacet
  facet normal -0.130572 0.991439 0
    outer loop
      vertex 76 93 3.1
      vertex 77 93.1317 3
      vertex 76 93 3
    endloop
  endfacet
  facet normal 0.991442 0.130548 0
    outer loop
      vertex 19.1704 96.7059 3
      vertex 19 98 0
      vertex 19 98 3
    endloop
  endfacet
  facet normal 0.991442 0.130548 0
    outer loop
      vertex 19 98 0
      vertex 19.1704 96.7059 3
      vertex 19.1704 96.7059 0
    endloop
  endfacet
  facet normal -0.991442 0.130548 0
    outer loop
      vertex 80.8296 96.7059 0
      vertex 81 98 3
      vertex 81 98 0
    endloop
  endfacet
  facet normal -0.991442 0.130548 0
    outer loop
      vertex 81 98 3
      vertex 80.8296 96.7059 0
      vertex 80.8296 96.7059 3
    endloop
  endfacet
  facet normal -0.923883 -0.382676 0
    outer loop
      vertex 10.4063 98.7118 0
      vertex 10.1316 99.375 3
      vertex 10.1316 99.375 0
    endloop
  endfacet
  facet normal -0.923883 -0.382676 0
    outer loop
      vertex 10.1316 99.375 3
      vertex 10.4063 98.7118 0
      vertex 10.4063 98.7118 3
    endloop
  endfacet
  facet normal -0.991447 -0.130512 0
    outer loop
      vertex 10.5 98 0
      vertex 10.4063 98.7118 3
      vertex 10.4063 98.7118 0
    endloop
  endfacet
  facet normal -0.991447 -0.130512 0
    outer loop
      vertex 10.4063 98.7118 3
      vertex 10.5 98 0
      vertex 10.5 98 3
    endloop
  endfacet
  facet normal -0.991447 0.130512 0
    outer loop
      vertex 10.4063 97.2882 0
      vertex 10.5 98 3
      vertex 10.5 98 0
    endloop
  endfacet
  facet normal -0.991447 0.130512 0
    outer loop
      vertex 10.5 98 3
      vertex 10.4063 97.2882 0
      vertex 10.4063 97.2882 3
    endloop
  endfacet
  facet normal 0.991447 -0.130512 0
    outer loop
      vertex 5 98 3
      vertex 5.0937 98.7118 0
      vertex 5.0937 98.7118 3
    endloop
  endfacet
  facet normal 0.991447 -0.130512 0
    outer loop
      vertex 5.0937 98.7118 0
      vertex 5 98 3
      vertex 5 98 0
    endloop
  endfacet
  facet normal 0.130932 -0.991391 0
    outer loop
      vertex 7.03825 100.656 0
      vertex 7.75 100.75 3
      vertex 7.03825 100.656 3
    endloop
  endfacet
  facet normal 0.130932 -0.991391 0
    outer loop
      vertex 7.75 100.75 3
      vertex 7.03825 100.656 0
      vertex 7.75 100.75 0
    endloop
  endfacet
  facet normal -0.923883 0.382676 0
    outer loop
      vertex 10.1316 96.625 0
      vertex 10.4063 97.2882 3
      vertex 10.4063 97.2882 0
    endloop
  endfacet
  facet normal -0.923883 0.382676 0
    outer loop
      vertex 10.4063 97.2882 3
      vertex 10.1316 96.625 0
      vertex 10.1316 96.625 3
    endloop
  endfacet
  facet normal 0.381818 -0.924237 0
    outer loop
      vertex 6.375 100.382 0
      vertex 7.03825 100.656 3
      vertex 6.375 100.382 3
    endloop
  endfacet
  facet normal 0.381818 -0.924237 0
    outer loop
      vertex 7.03825 100.656 3
      vertex 6.375 100.382 0
      vertex 7.03825 100.656 0
    endloop
  endfacet
  facet normal 0.793328 -0.608794 0
    outer loop
      vertex 5.36843 99.375 3
      vertex 5.80546 99.9445 0
      vertex 5.80546 99.9445 3
    endloop
  endfacet
  facet normal 0.793328 -0.608794 0
    outer loop
      vertex 5.80546 99.9445 0
      vertex 5.36843 99.375 3
      vertex 5.36843 99.375 0
    endloop
  endfacet
  facet normal 0.609179 -0.793033 0
    outer loop
      vertex 5.80546 99.9445 0
      vertex 6.375 100.382 3
      vertex 5.80546 99.9445 3
    endloop
  endfacet
  facet normal 0.609179 -0.793033 0
    outer loop
      vertex 6.375 100.382 3
      vertex 5.80546 99.9445 0
      vertex 6.375 100.382 0
    endloop
  endfacet
  facet normal 0.382651 0.923893 -0
    outer loop
      vertex 7.03825 95.3437 0
      vertex 6.375 95.6184 3
      vertex 7.03825 95.3437 3
    endloop
  endfacet
  facet normal 0.382651 0.923893 0
    outer loop
      vertex 6.375 95.6184 3
      vertex 7.03825 95.3437 0
      vertex 6.375 95.6184 0
    endloop
  endfacet
  facet normal -0.382651 0.923893 0
    outer loop
      vertex 9.125 95.6184 0
      vertex 8.46175 95.3437 3
      vertex 9.125 95.6184 3
    endloop
  endfacet
  facet normal -0.382651 0.923893 0
    outer loop
      vertex 8.46175 95.3437 3
      vertex 9.125 95.6184 0
      vertex 8.46175 95.3437 0
    endloop
  endfacet
  facet normal 0.991447 0.130512 0
    outer loop
      vertex 5.0937 97.2882 3
      vertex 5 98 0
      vertex 5 98 3
    endloop
  endfacet
  facet normal 0.991447 0.130512 0
    outer loop
      vertex 5 98 0
      vertex 5.0937 97.2882 3
      vertex 5.0937 97.2882 0
    endloop
  endfacet
  facet normal 0.793328 0.608794 0
    outer loop
      vertex 5.80546 96.0555 3
      vertex 5.36843 96.625 0
      vertex 5.36843 96.625 3
    endloop
  endfacet
  facet normal 0.793328 0.608794 0
    outer loop
      vertex 5.36843 96.625 0
      vertex 5.80546 96.0555 3
      vertex 5.80546 96.0555 0
    endloop
  endfacet
  facet normal 0.608829 0.793302 -0
    outer loop
      vertex 6.375 95.6184 0
      vertex 5.80546 96.0555 3
      vertex 6.375 95.6184 3
    endloop
  endfacet
  facet normal 0.608829 0.793302 0
    outer loop
      vertex 5.80546 96.0555 3
      vertex 6.375 95.6184 0
      vertex 5.80546 96.0555 0
    endloop
  endfacet
  facet normal -0.381818 -0.924237 0
    outer loop
      vertex 8.46175 100.656 0
      vertex 9.125 100.382 3
      vertex 8.46175 100.656 3
    endloop
  endfacet
  facet normal -0.381818 -0.924237 -0
    outer loop
      vertex 9.125 100.382 3
      vertex 8.46175 100.656 0
      vertex 9.125 100.382 0
    endloop
  endfacet
  facet normal 0.923868 -0.382711 0
    outer loop
      vertex 5.0937 98.7118 3
      vertex 5.36843 99.375 0
      vertex 5.36843 99.375 3
    endloop
  endfacet
  facet normal 0.923868 -0.382711 0
    outer loop
      vertex 5.36843 99.375 0
      vertex 5.0937 98.7118 3
      vertex 5.0937 98.7118 0
    endloop
  endfacet
  facet normal -0.793308 0.60882 0
    outer loop
      vertex 9.69454 96.0555 0
      vertex 10.1316 96.625 3
      vertex 10.1316 96.625 0
    endloop
  endfacet
  facet normal -0.793308 0.60882 0
    outer loop
      vertex 10.1316 96.625 3
      vertex 9.69454 96.0555 0
      vertex 9.69454 96.0555 3
    endloop
  endfacet
  facet normal 0.130521 0.991446 -0
    outer loop
      vertex 7.75 95.25 0
      vertex 7.03825 95.3437 3
      vertex 7.75 95.25 3
    endloop
  endfacet
  facet normal 0.130521 0.991446 0
    outer loop
      vertex 7.03825 95.3437 3
      vertex 7.75 95.25 0
      vertex 7.03825 95.3437 0
    endloop
  endfacet
  facet normal -0.609179 -0.793033 0
    outer loop
      vertex 9.125 100.382 0
      vertex 9.69454 99.9445 3
      vertex 9.125 100.382 3
    endloop
  endfacet
  facet normal -0.609179 -0.793033 -0
    outer loop
      vertex 9.69454 99.9445 3
      vertex 9.125 100.382 0
      vertex 9.69454 99.9445 0
    endloop
  endfacet
  facet normal -0.130932 -0.991391 0
    outer loop
      vertex 7.75 100.75 0
      vertex 8.46175 100.656 3
      vertex 7.75 100.75 3
    endloop
  endfacet
  facet normal -0.130932 -0.991391 -0
    outer loop
      vertex 8.46175 100.656 3
      vertex 7.75 100.75 0
      vertex 8.46175 100.656 0
    endloop
  endfacet
  facet normal 0.923868 0.382711 0
    outer loop
      vertex 5.36843 96.625 3
      vertex 5.0937 97.2882 0
      vertex 5.0937 97.2882 3
    endloop
  endfacet
  facet normal 0.923868 0.382711 0
    outer loop
      vertex 5.0937 97.2882 0
      vertex 5.36843 96.625 3
      vertex 5.36843 96.625 0
    endloop
  endfacet
  facet normal -0.793308 -0.60882 0
    outer loop
      vertex 10.1316 99.375 0
      vertex 9.69454 99.9445 3
      vertex 9.69454 99.9445 0
    endloop
  endfacet
  facet normal -0.793308 -0.60882 0
    outer loop
      vertex 9.69454 99.9445 3
      vertex 10.1316 99.375 0
      vertex 10.1316 99.375 3
    endloop
  endfacet
  facet normal -0.608829 0.793302 0
    outer loop
      vertex 9.69454 96.0555 0
      vertex 9.125 95.6184 3
      vertex 9.69454 96.0555 3
    endloop
  endfacet
  facet normal -0.608829 0.793302 0
    outer loop
      vertex 9.125 95.6184 3
      vertex 9.69454 96.0555 0
      vertex 9.125 95.6184 0
    endloop
  endfacet
  facet normal -0.130521 0.991446 0
    outer loop
      vertex 8.46175 95.3437 0
      vertex 7.75 95.25 3
      vertex 8.46175 95.3437 3
    endloop
  endfacet
  facet normal -0.130521 0.991446 0
    outer loop
      vertex 7.75 95.25 3
      vertex 8.46175 95.3437 0
      vertex 7.75 95.25 0
    endloop
  endfacet
endsolid OpenSCAD_Model
